ISO-10303-21;
HEADER;
FILE_DESCRIPTION (( 'STEP AP214' ),
    '1' );
FILE_NAME ('406I35S24M00000.STEP',
    '2022-12-22T04:52:17',
    ( '' ),
    ( '' ),
    'SwSTEP 2.0',
    'SolidWorks 2021',
    '' );
FILE_SCHEMA (( 'AUTOMOTIVE_DESIGN' ));
ENDSEC;

DATA;
#1 = ADVANCED_FACE ( 'NONE', ( #3672 ), #101, .F. ) ;
#2 = ORIENTED_EDGE ( 'NONE', *, *, #671, .T. ) ;
#3 = CARTESIAN_POINT ( 'NONE',  ( 1.530625890315196358, -1.720465053408525957, -2.949999999999999734 ) ) ;
#4 = ORIENTED_EDGE ( 'NONE', *, *, #2476, .T. ) ;
#5 = LINE ( 'NONE', #2561, #3612 ) ;
#6 =( NAMED_UNIT ( * ) PLANE_ANGLE_UNIT ( ) SI_UNIT ( $, .RADIAN. ) );
#7 = CARTESIAN_POINT ( 'NONE',  ( 1.524999999999999467, 0.000000000000000000, -3.000000000000000000 ) ) ;
#8 = ORIENTED_EDGE ( 'NONE', *, *, #2508, .F. ) ;
#9 = CARTESIAN_POINT ( 'NONE',  ( -1.575000000000000400, 1.084999999999882059, -2.708333333333333037 ) ) ;
#10 = EDGE_LOOP ( 'NONE', ( #1737, #358, #2587, #680, #3353, #3377, #2268, #2321, #3641, #1535 ) ) ;
#11 = CARTESIAN_POINT ( 'NONE',  ( 1.574999999999999512, 0.9599999999999999645, -3.000000000000000000 ) ) ;
#12 = DIRECTION ( 'NONE',  ( -0.000000000000000000, 1.000000000000000000, -0.000000000000000000 ) ) ;
#13 = EDGE_CURVE ( 'NONE', #2701, #2832, #611, .T. ) ;
#14 = ADVANCED_FACE ( 'NONE', ( #2428 ), #1779, .F. ) ;
#15 = CARTESIAN_POINT ( 'NONE',  ( -0.7500000000000001110, -1.720465053408525957, -1.600000000000000089 ) ) ;
#16 = EDGE_LOOP ( 'NONE', ( #691, #1736, #3561, #1617 ) ) ;
#17 = LINE ( 'NONE', #1266, #1277 ) ;
#18 = FACE_OUTER_BOUND ( 'NONE', #3936, .T. ) ;
#19 = ORIENTED_EDGE ( 'NONE', *, *, #2102, .T. ) ;
#20 = ORIENTED_EDGE ( 'NONE', *, *, #3699, .T. ) ;
#21 = DIRECTION ( 'NONE',  ( -0.7071067811865510144, -0.000000000000000000, 0.7071067811865441310 ) ) ;
#22 = VERTEX_POINT ( 'NONE', #2198 ) ;
#23 = AXIS2_PLACEMENT_3D ( 'NONE', #551, #516, #4022 ) ;
#24 = PRESENTATION_LAYER_ASSIGNMENT (  '', '', ( #687 ) ) ;
#25 = CIRCLE ( 'NONE', #4067, 0.1166666666666659607 ) ;
#26 = AXIS2_PLACEMENT_3D ( 'NONE', #3979, #2349, #3627 ) ;
#27 = ADVANCED_FACE ( 'NONE', ( #1457 ), #1202, .F. ) ;
#28 = STYLED_ITEM ( 'NONE', ( #1448 ), #2695 ) ;
#29 = VECTOR ( 'NONE', #1540, 1000.000000000000000 ) ;
#30 = VECTOR ( 'NONE', #1682, 1000.000000000000000 ) ;
#31 = DIRECTION ( 'NONE',  ( -1.486905836551549079E-16, 0.000000000000000000, -1.000000000000000000 ) ) ;
#32 = DIRECTION ( 'NONE',  ( -0.000000000000000000, -1.000000000000000000, -0.000000000000000000 ) ) ;
#33 = AXIS2_PLACEMENT_3D ( 'NONE', #4092, #3509, #3491 ) ;
#34 = AXIS2_PLACEMENT_3D ( 'NONE', #2684, #1094, #3034 ) ;
#35 = FACE_OUTER_BOUND ( 'NONE', #1921, .T. ) ;
#36 = ORIENTED_EDGE ( 'NONE', *, *, #1819, .F. ) ;
#37 = VECTOR ( 'NONE', #3163, 1000.000000000000000 ) ;
#38 = EDGE_CURVE ( 'NONE', #3021, #2947, #2116, .T. ) ;
#39 = COLOUR_RGB ( '',0.2509803921568627416, 0.2509803921568627416, 0.2509803921568627416 ) ;
#40 = LINE ( 'NONE', #1027, #3812 ) ;
#41 = CYLINDRICAL_SURFACE ( 'NONE', #1346, 0.2249999999999999500 ) ;
#42 = EDGE_CURVE ( 'NONE', #2414, #1403, #2488, .T. ) ;
#43 = VERTEX_POINT ( 'NONE', #3088 ) ;
#44 = VERTEX_POINT ( 'NONE', #1845 ) ;
#45 = CARTESIAN_POINT ( 'NONE',  ( 1.749999999999999334, -1.720465053408525957, 3.000000000000000000 ) ) ;
#46 = ORIENTED_EDGE ( 'NONE', *, *, #3410, .F. ) ;
#47 = DIRECTION ( 'NONE',  ( -0.000000000000000000, -1.000000000000000000, -0.000000000000000000 ) ) ;
#48 = CARTESIAN_POINT ( 'NONE',  ( -1.573333333333332806, 1.020023152615177731, 2.708333333333334370 ) ) ;
#49 = ADVANCED_FACE ( 'NONE', ( #207 ), #3395, .F. ) ;
#50 = DIRECTION ( 'NONE',  ( -0.000000000000000000, 1.000000000000000000, -0.000000000000000000 ) ) ;
#51 = VERTEX_POINT ( 'NONE', #1525 ) ;
#52 = DIRECTION ( 'NONE',  ( 1.000000000000000000, -0.000000000000000000, 0.000000000000000000 ) ) ;
#53 = ORIENTED_EDGE ( 'NONE', *, *, #3648, .T. ) ;
#54 = LINE ( 'NONE', #679, #3623 ) ;
#55 = CYLINDRICAL_SURFACE ( 'NONE', #945, 0.2249999999999999500 ) ;
#56 = VERTEX_POINT ( 'NONE', #1821 ) ;
#57 = ORIENTED_EDGE ( 'NONE', *, *, #2573, .T. ) ;
#58 = DIRECTION ( 'NONE',  ( 0.000000000000000000, 1.000000000000000000, 0.000000000000000000 ) ) ;
#59 = ADVANCED_FACE ( 'NONE', ( #3133 ), #1862, .T. ) ;
#60 = FACE_OUTER_BOUND ( 'NONE', #1600, .T. ) ;
#61 = CARTESIAN_POINT ( 'NONE',  ( 1.574999999999999512, -1.720465053408525957, 3.000000000000000000 ) ) ;
#62 = DIRECTION ( 'NONE',  ( 0.000000000000000000, 0.000000000000000000, 1.000000000000000000 ) ) ;
#63 = CARTESIAN_POINT ( 'NONE',  ( -1.458333333333332815, 1.079999999999999849, 2.824999999999999734 ) ) ;
#64 = CYLINDRICAL_SURFACE ( 'NONE', #1822, 0.2249999999999999500 ) ;
#65 = PLANE ( 'NONE',  #2874 ) ;
#66 = ADVANCED_FACE ( 'NONE', ( #1541 ), #1482, .T. ) ;
#67 = CARTESIAN_POINT ( 'NONE',  ( 0.7499999999999992228, 0.4799999999999999822, -2.949999999999999734 ) ) ;
#68 = ORIENTED_EDGE ( 'NONE', *, *, #3227, .F. ) ;
#69 = DIRECTION ( 'NONE',  ( 0.000000000000000000, 0.000000000000000000, -1.000000000000000000 ) ) ;
#70 = ORIENTED_EDGE ( 'NONE', *, *, #1810, .T. ) ;
#71 = VERTEX_POINT ( 'NONE', #1508 ) ;
#72 = EDGE_CURVE ( 'NONE', #3334, #1509, #2462, .T. ) ;
#73 = DIRECTION ( 'NONE',  ( -0.000000000000000000, -1.000000000000000000, -0.000000000000000000 ) ) ;
#74 = CARTESIAN_POINT ( 'NONE',  ( 1.459999999999999964, 1.084999999999999742, 2.708333333333333481 ) ) ;
#75 = ORIENTED_EDGE ( 'NONE', *, *, #2929, .T. ) ;
#76 = FACE_OUTER_BOUND ( 'NONE', #2011, .T. ) ;
#77 = ORIENTED_EDGE ( 'NONE', *, *, #85, .T. ) ;
#78 = CARTESIAN_POINT ( 'NONE',  ( 1.749999999999999334, 0.4799999999999999267, -3.000000000000000000 ) ) ;
#79 = DIRECTION ( 'NONE',  ( 1.000000000000000000, -0.000000000000000000, -1.486905836551548586E-16 ) ) ;
#80 = CLOSED_SHELL ( 'NONE', ( #2399, #231, #577, #521, #779, #2213, #2134, #2114, #2855, #1949, #3566, #4027, #454, #1025, #66, #2274, #2184, #921, #1634, #2239, #888 ) ) ;
#81 = DIRECTION ( 'NONE',  ( -0.000000000000000000, 1.000000000000000000, -0.000000000000000000 ) ) ;
#82 = LINE ( 'NONE', #2937, #2806 ) ;
#83 = DIRECTION ( 'NONE',  ( -1.000000000000000000, 0.000000000000000000, -4.336808689942017736E-16 ) ) ;
#84 = DIRECTION ( 'NONE',  ( -1.000000000000000000, 0.000000000000000000, 6.195440985631456303E-16 ) ) ;
#85 = EDGE_CURVE ( 'NONE', #1090, #1022, #4042, .T. ) ;
#86 = VECTOR ( 'NONE', #2471, 1000.000000000000000 ) ;
#87 = CARTESIAN_POINT ( 'NONE',  ( 1.460000000000000409, 1.199999999999999956, -2.708333333333333925 ) ) ;
#88 = CIRCLE ( 'NONE', #2415, 0.2249999999999999500 ) ;
#89 = VECTOR ( 'NONE', #3542, 1000.000000000000000 ) ;
#90 = ORIENTED_EDGE ( 'NONE', *, *, #3857, .T. ) ;
#91 = VECTOR ( 'NONE', #3033, 1000.000000000000000 ) ;
#92 = VECTOR ( 'NONE', #2644, 1000.000000000000000 ) ;
#93 = AXIS2_PLACEMENT_3D ( 'NONE', #2066, #3279, #2353 ) ;
#94 = CARTESIAN_POINT ( 'NONE',  ( 0.7500000000000001110, -1.720465053408525957, 1.600000000000000089 ) ) ;
#95 = VERTEX_POINT ( 'NONE', #1184 ) ;
#96 = LINE ( 'NONE', #2981, #4016 ) ;
#97 = CIRCLE ( 'NONE', #623, 0.2249999999999999500 ) ;
#98 = EDGE_CURVE ( 'NONE', #3072, #3840, #920, .T. ) ;
#99 = AXIS2_PLACEMENT_3D ( 'NONE', #1231, #3460, #1193 ) ;
#100 = VERTEX_POINT ( 'NONE', #3764 ) ;
#101 = CYLINDRICAL_SURFACE ( 'NONE', #2943, 0.2249999999999999500 ) ;
#102 = PRESENTATION_LAYER_ASSIGNMENT (  '', '', ( #1824 ) ) ;
#103 = CARTESIAN_POINT ( 'NONE',  ( -1.700000000000000178, 0.000000000000000000, 1.600000000000000533 ) ) ;
#104 = VECTOR ( 'NONE', #2466, 1000.000000000000000 ) ;
#105 = ORIENTED_EDGE ( 'NONE', *, *, #746, .T. ) ;
#106 = EDGE_CURVE ( 'NONE', #2832, #801, #3067, .T. ) ;
#107 = ORIENTED_EDGE ( 'NONE', *, *, #3592, .F. ) ;
#108 = DIRECTION ( 'NONE',  ( 1.927470528863119344E-15, 0.000000000000000000, 1.000000000000000000 ) ) ;
#109 = ORIENTED_EDGE ( 'NONE', *, *, #266, .F. ) ;
#110 = DIRECTION ( 'NONE',  ( 0.000000000000000000, 1.000000000000000000, 0.000000000000000000 ) ) ;
#111 = PLANE ( 'NONE',  #2088 ) ;
#112 = FACE_OUTER_BOUND ( 'NONE', #2557, .T. ) ;
#113 = CYLINDRICAL_SURFACE ( 'NONE', #1332, 0.2249999999999999500 ) ;
#114 = CARTESIAN_POINT ( 'NONE',  ( 1.458333333333334147, 1.079999999999999849, -2.824999999999999734 ) ) ;
#115 = DIRECTION ( 'NONE',  ( 0.000000000000000000, 1.000000000000000000, -0.000000000000000000 ) ) ;
#116 = VERTEX_POINT ( 'NONE', #3454 ) ;
#117 = CARTESIAN_POINT ( 'NONE',  ( -0.7500000000000000000, -1.720465053408525957, -1.850000000000000977 ) ) ;
#118 = ORIENTED_EDGE ( 'NONE', *, *, #1683, .T. ) ;
#119 = DIRECTION ( 'NONE',  ( 0.000000000000000000, 1.000000000000000000, 0.000000000000000000 ) ) ;
#120 = FACE_OUTER_BOUND ( 'NONE', #2333, .T. ) ;
#121 = VERTEX_POINT ( 'NONE', #2736 ) ;
#122 = DIRECTION ( 'NONE',  ( -1.000000000000000000, 0.000000000000000000, -0.000000000000000000 ) ) ;
#123 = ORIENTED_EDGE ( 'NONE', *, *, #1363, .F. ) ;
#124 = CARTESIAN_POINT ( 'NONE',  ( 0.7499999999999992228, 0.4799999999999999267, 2.949999999999999734 ) ) ;
#125 = DIRECTION ( 'NONE',  ( -0.000000000000000000, -1.000000000000000000, -0.000000000000000000 ) ) ;
#126 = FACE_OUTER_BOUND ( 'NONE', #3101, .T. ) ;
#127 = LINE ( 'NONE', #1739, #2281 ) ;
#128 = CARTESIAN_POINT ( 'NONE',  ( -1.749999999999999556, -1.720465053408525957, -2.774999999999999911 ) ) ;
#129 = ADVANCED_FACE ( 'NONE', ( #593 ), #189, .T. ) ;
#130 = ADVANCED_FACE ( 'NONE', ( #3511 ), #2859, .F. ) ;
#131 = DIRECTION ( 'NONE',  ( 1.000000000000000000, 0.000000000000000000, 0.000000000000000000 ) ) ;
#132 = EDGE_LOOP ( 'NONE', ( #258, #221, #4075, #1063 ) ) ;
#133 = DIRECTION ( 'NONE',  ( 1.000000000000000000, 0.000000000000000000, 0.000000000000000000 ) ) ;
#134 = UNCERTAINTY_MEASURE_WITH_UNIT (LENGTH_MEASURE( 1.000000000000000082E-05 ), #261, 'distance_accuracy_value', 'NONE');
#135 = EDGE_CURVE ( 'NONE', #1125, #2967, #996, .T. ) ;
#136 = DIRECTION ( 'NONE',  ( -0.000000000000000000, -1.000000000000000000, -0.000000000000000000 ) ) ;
#137 = VERTEX_POINT ( 'NONE', #3832 ) ;
#138 = EDGE_CURVE ( 'NONE', #650, #2104, #493, .T. ) ;
#139 = ORIENTED_EDGE ( 'NONE', *, *, #2102, .F. ) ;
#140 = VERTEX_POINT ( 'NONE', #3166 ) ;
#141 = VERTEX_POINT ( 'NONE', #2536 ) ;
#142 = DIRECTION ( 'NONE',  ( 0.000000000000000000, 0.000000000000000000, 1.000000000000000000 ) ) ;
#143 = ORIENTED_EDGE ( 'NONE', *, *, #257, .T. ) ;
#144 = DIRECTION ( 'NONE',  ( 0.000000000000000000, 0.000000000000000000, 1.000000000000000000 ) ) ;
#145 = DIRECTION ( 'NONE',  ( 0.000000000000000000, -0.000000000000000000, 1.000000000000000000 ) ) ;
#146 = DIRECTION ( 'NONE',  ( -1.000000000000000000, 0.000000000000000000, -0.000000000000000000 ) ) ;
#147 = LINE ( 'NONE', #3697, #295 ) ;
#148 = ADVANCED_FACE ( 'NONE', ( #3247 ), #820, .T. ) ;
#149 = CIRCLE ( 'NONE', #2478, 0.06000000000000015737 ) ;
#150 = DIRECTION ( 'NONE',  ( 0.000000000000000000, -1.000000000000000000, 0.000000000000000000 ) ) ;
#151 = CIRCLE ( 'NONE', #2017, 0.1166666666666659607 ) ;
#152 = ORIENTED_EDGE ( 'NONE', *, *, #2292, .F. ) ;
#153 = VECTOR ( 'NONE', #1663, 1000.000000000000000 ) ;
#154 = VERTEX_POINT ( 'NONE', #1240 ) ;
#155 = AXIS2_PLACEMENT_3D ( 'NONE', #3580, #685, #667 ) ;
#156 = VECTOR ( 'NONE', #1910, 1000.000000000000000 ) ;
#157 = DIRECTION ( 'NONE',  ( 0.000000000000000000, 1.000000000000000000, 0.000000000000000000 ) ) ;
#158 = VECTOR ( 'NONE', #3533, 1000.000000000000000 ) ;
#159 = AXIS2_PLACEMENT_3D ( 'NONE', #2064, #2741, #164 ) ;
#160 = VERTEX_POINT ( 'NONE', #3507 ) ;
#161 = AXIS2_PLACEMENT_3D ( 'NONE', #2585, #701, #3822 ) ;
#162 = ORIENTED_EDGE ( 'NONE', *, *, #3775, .F. ) ;
#163 = AXIS2_PLACEMENT_3D ( 'NONE', #1915, #924, #271 ) ;
#164 = DIRECTION ( 'NONE',  ( 0.000000000000000000, 0.000000000000000000, -1.000000000000000000 ) ) ;
#165 = CARTESIAN_POINT ( 'NONE',  ( -1.749999999999999334, 0.000000000000000000, -3.000000000000000000 ) ) ;
#166 = EDGE_CURVE ( 'NONE', #3230, #1665, #3486, .T. ) ;
#167 = DIRECTION ( 'NONE',  ( 0.000000000000000000, 0.000000000000000000, -1.000000000000000000 ) ) ;
#168 = LINE ( 'NONE', #816, #3103 ) ;
#169 = EDGE_CURVE ( 'NONE', #2020, #116, #2416, .T. ) ;
#170 = CARTESIAN_POINT ( 'NONE',  ( 1.460000000000000409, 1.199999999999999956, -2.708333333333333925 ) ) ;
#171 = EDGE_CURVE ( 'NONE', #71, #2519, #3032, .T. ) ;
#172 = EDGE_CURVE ( 'NONE', #3049, #3461, #2816, .T. ) ;
#173 = ORIENTED_EDGE ( 'NONE', *, *, #1375, .T. ) ;
#174 = UNCERTAINTY_MEASURE_WITH_UNIT (LENGTH_MEASURE( 1.000000000000000082E-05 ), #1341, 'distance_accuracy_value', 'NONE');
#175 = DIRECTION ( 'NONE',  ( 1.200962406445481759E-16, 0.000000000000000000, 1.000000000000000000 ) ) ;
#176 = ORIENTED_EDGE ( 'NONE', *, *, #138, .F. ) ;
#177 = ORIENTED_EDGE ( 'NONE', *, *, #2872, .F. ) ;
#178 = ORIENTED_EDGE ( 'NONE', *, *, #1165, .T. ) ;
#179 = LINE ( 'NONE', #244, #3234 ) ;
#180 = CARTESIAN_POINT ( 'NONE',  ( -1.458333333333332815, 1.020023152615177509, 2.708333333333333481 ) ) ;
#181 = SURFACE_STYLE_FILL_AREA ( #3056 ) ;
#182 = DIRECTION ( 'NONE',  ( 1.000000000000000000, 0.000000000000000000, -0.000000000000000000 ) ) ;
#183 = VERTEX_POINT ( 'NONE', #510 ) ;
#184 = ADVANCED_FACE ( 'NONE', ( #2181 ), #3473, .F. ) ;
#185 = FACE_OUTER_BOUND ( 'NONE', #576, .T. ) ;
#186 = CARTESIAN_POINT ( 'NONE',  ( 1.458333333333334147, 1.199999999999999956, 2.709999999999999520 ) ) ;
#187 = CARTESIAN_POINT ( 'NONE',  ( 1.749999999999999334, 0.4799999999999999822, -3.000000000000000000 ) ) ;
#188 = DIRECTION ( 'NONE',  ( 0.000000000000000000, 0.000000000000000000, 1.000000000000000000 ) ) ;
#189 = CYLINDRICAL_SURFACE ( 'NONE', #279, 0.2249999999999999500 ) ;
#190 = ORIENTED_EDGE ( 'NONE', *, *, #3012, .T. ) ;
#191 = CARTESIAN_POINT ( 'NONE',  ( -1.749999999999999334, 0.9599999999999998535, 3.000000000000000000 ) ) ;
#192 = ORIENTED_EDGE ( 'NONE', *, *, #620, .F. ) ;
#193 = ORIENTED_EDGE ( 'NONE', *, *, #2576, .F. ) ;
#194 = EDGE_LOOP ( 'NONE', ( #838, #3883, #3569, #281 ) ) ;
#195 = LINE ( 'NONE', #224, #2290 ) ;
#196 = CYLINDRICAL_SURFACE ( 'NONE', #3802, 0.05999999999999994227 ) ;
#197 =( NAMED_UNIT ( * ) SI_UNIT ( $, .STERADIAN. ) SOLID_ANGLE_UNIT ( ) );
#198 = DIRECTION ( 'NONE',  ( 0.000000000000000000, -1.000000000000000000, 0.000000000000000000 ) ) ;
#199 = ORIENTED_EDGE ( 'NONE', *, *, #3960, .F. ) ;
#200 = CARTESIAN_POINT ( 'NONE',  ( 1.700000000000000844, 0.4799999999999999267, -2.780625890315197246 ) ) ;
#201 = ADVANCED_FACE ( 'NONE', ( #3178 ), #3060, .T. ) ;
#202 = DIRECTION ( 'NONE',  ( 1.000000000000000000, 0.000000000000000000, -4.336808689942006692E-15 ) ) ;
#203 = EDGE_CURVE ( 'NONE', #1872, #1467, #168, .T. ) ;
#204 = DIRECTION ( 'NONE',  ( 0.000000000000000000, -0.000000000000000000, -1.000000000000000000 ) ) ;
#205 = CARTESIAN_POINT ( 'NONE',  ( -1.060000000000000275, 1.199999999999999956, -2.109999999999999432 ) ) ;
#206 = LINE ( 'NONE', #1507, #29 ) ;
#207 = FACE_OUTER_BOUND ( 'NONE', #3030, .T. ) ;
#208 = VERTEX_POINT ( 'NONE', #3458 ) ;
#209 = VECTOR ( 'NONE', #1937, 1000.000000000000000 ) ;
#210 = CARTESIAN_POINT ( 'NONE',  ( -1.700000000000000178, 0.4799999999999999267, 1.600000000000000533 ) ) ;
#211 = AXIS2_PLACEMENT_3D ( 'NONE', #2373, #2026, #456 ) ;
#212 = CARTESIAN_POINT ( 'NONE',  ( -1.699999999999999734, 2.200465053408525939, 1.600000000000000311 ) ) ;
#213 = EDGE_CURVE ( 'NONE', #3541, #2947, #274, .T. ) ;
#214 = DIRECTION ( 'NONE',  ( 0.000000000000000000, 1.000000000000000000, 0.000000000000000000 ) ) ;
#215 = EDGE_LOOP ( 'NONE', ( #3064, #3974, #1450, #2014 ) ) ;
#216 = AXIS2_PLACEMENT_3D ( 'NONE', #3007, #401, #142 ) ;
#217 = AXIS2_PLACEMENT_3D ( 'NONE', #1767, #1386, #1447 ) ;
#218 = AXIS2_PLACEMENT_3D ( 'NONE', #1678, #3909, #3009 ) ;
#219 = VERTEX_POINT ( 'NONE', #3081 ) ;
#220 = ORIENTED_EDGE ( 'NONE', *, *, #3971, .F. ) ;
#221 = ORIENTED_EDGE ( 'NONE', *, *, #940, .T. ) ;
#222 = AXIS2_PLACEMENT_3D ( 'NONE', #2996, #131, #1392 ) ;
#223 = CIRCLE ( 'NONE', #894, 0.2249999999999999500 ) ;
#224 = CARTESIAN_POINT ( 'NONE',  ( -1.000000000000000000, 0.4799999999999999822, -1.600000000000000311 ) ) ;
#225 = VECTOR ( 'NONE', #2706, 1000.000000000000000 ) ;
#226 = DIRECTION ( 'NONE',  ( 1.000000000000000000, 0.000000000000000000, -7.542275982507851033E-15 ) ) ;
#227 = LINE ( 'NONE', #3386, #3938 ) ;
#228 = VECTOR ( 'NONE', #1443, 1000.000000000000000 ) ;
#229 = CIRCLE ( 'NONE', #3946, 0.2249999999999999500 ) ;
#230 = DIRECTION ( 'NONE',  ( -0.000000000000000000, 1.000000000000000000, -0.000000000000000000 ) ) ;
#231 = ADVANCED_FACE ( 'NONE', ( #1550 ), #2828, .F. ) ;
#232 = CARTESIAN_POINT ( 'NONE',  ( 1.575000000000000178, 1.079999999999999849, -2.708333333333333925 ) ) ;
#233 = CIRCLE ( 'NONE', #1835, 0.2249999999999995060 ) ;
#234 = ORIENTED_EDGE ( 'NONE', *, *, #1440, .F. ) ;
#235 = CARTESIAN_POINT ( 'NONE',  ( -1.524999999999999911, 0.4799999999999999822, 3.000000000000000000 ) ) ;
#236 = FACE_OUTER_BOUND ( 'NONE', #2907, .T. ) ;
#237 = DIRECTION ( 'NONE',  ( -0.000000000000000000, -1.000000000000000000, -0.000000000000000000 ) ) ;
#238 = ORIENTED_EDGE ( 'NONE', *, *, #4020, .T. ) ;
#239 = DIRECTION ( 'NONE',  ( 0.000000000000000000, 0.000000000000000000, -1.000000000000000000 ) ) ;
#240 = LINE ( 'NONE', #1055, #3942 ) ;
#241 = VERTEX_POINT ( 'NONE', #943 ) ;
#242 = VERTEX_POINT ( 'NONE', #1529 ) ;
#243 = ORIENTED_EDGE ( 'NONE', *, *, #1911, .T. ) ;
#244 = CARTESIAN_POINT ( 'NONE',  ( -0.7500000000000001110, 0.4799999999999999267, 1.600000000000000089 ) ) ;
#245 = CARTESIAN_POINT ( 'NONE',  ( 1.700000000000000844, 0.4799999999999999267, -2.780625890315197246 ) ) ;
#246 = CARTESIAN_POINT ( 'NONE',  ( 1.458333333333334147, 1.020023152615177731, 2.823333333333332806 ) ) ;
#247 = CARTESIAN_POINT ( 'NONE',  ( -1.458333333333332815, 1.084999999999999742, 2.824999999999999734 ) ) ;
#248 = DIRECTION ( 'NONE',  ( 0.000000000000000000, 0.000000000000000000, -1.000000000000000000 ) ) ;
#249 = CARTESIAN_POINT ( 'NONE',  ( -1.749999999999999334, 0.4799999999999999267, 2.825000000000000178 ) ) ;
#250 = ORIENTED_EDGE ( 'NONE', *, *, #3699, .F. ) ;
#251 = ADVANCED_FACE ( 'NONE', ( #2222 ), #2843, .F. ) ;
#252 = ORIENTED_EDGE ( 'NONE', *, *, #3548, .T. ) ;
#253 = CARTESIAN_POINT ( 'NONE',  ( 1.458333333333334147, 7.668771135231173375, 2.824999999999999289 ) ) ;
#254 = DIRECTION ( 'NONE',  ( -1.000000000000000000, 0.000000000000000000, -4.565061778886335030E-16 ) ) ;
#255 = DIRECTION ( 'NONE',  ( 1.486905836551545135E-16, 0.000000000000000000, 1.000000000000000000 ) ) ;
#256 = PLANE ( 'NONE',  #1830 ) ;
#257 = EDGE_CURVE ( 'NONE', #3270, #22, #2283, .T. ) ;
#258 = ORIENTED_EDGE ( 'NONE', *, *, #778, .F. ) ;
#259 = ORIENTED_EDGE ( 'NONE', *, *, #2573, .F. ) ;
#260 = ORIENTED_EDGE ( 'NONE', *, *, #1950, .F. ) ;
#261 =( LENGTH_UNIT ( ) NAMED_UNIT ( * ) SI_UNIT ( .MILLI., .METRE. ) );
#262 = DIRECTION ( 'NONE',  ( 1.000000000000000000, 0.000000000000000000, -1.200962406445482005E-16 ) ) ;
#263 = VERTEX_POINT ( 'NONE', #3635 ) ;
#264 = LINE ( 'NONE', #284, #3797 ) ;
#265 = CARTESIAN_POINT ( 'NONE',  ( 1.749999999999999334, 0.4799999999999999267, -3.000000000000000000 ) ) ;
#266 = EDGE_CURVE ( 'NONE', #3094, #121, #3222, .T. ) ;
#267 = EDGE_LOOP ( 'NONE', ( #1648, #2805, #2932, #1136 ) ) ;
#268 = CYLINDRICAL_SURFACE ( 'NONE', #3926, 0.05999999999999994227 ) ;
#269 = DIRECTION ( 'NONE',  ( 0.000000000000000000, 0.000000000000000000, -1.000000000000000000 ) ) ;
#270 = LINE ( 'NONE', #2822, #887 ) ;
#271 = DIRECTION ( 'NONE',  ( 0.000000000000000000, -0.000000000000000000, 1.000000000000000000 ) ) ;
#272 = DIRECTION ( 'NONE',  ( 1.000000000000000000, 0.000000000000000000, -1.601283208593975760E-16 ) ) ;
#273 = EDGE_CURVE ( 'NONE', #3402, #44, #3584, .T. ) ;
#274 = LINE ( 'NONE', #1574, #3165 ) ;
#275 = ORIENTED_EDGE ( 'NONE', *, *, #1874, .F. ) ;
#276 = VERTEX_POINT ( 'NONE', #87 ) ;
#277 = AXIS2_PLACEMENT_3D ( 'NONE', #1674, #3846, #1360 ) ;
#278 = PLANE ( 'NONE',  #1690 ) ;
#279 = AXIS2_PLACEMENT_3D ( 'NONE', #695, #609, #3494 ) ;
#280 = DIRECTION ( 'NONE',  ( -0.000000000000000000, 1.000000000000000000, -0.000000000000000000 ) ) ;
#281 = ORIENTED_EDGE ( 'NONE', *, *, #2582, .F. ) ;
#282 = AXIS2_PLACEMENT_3D ( 'NONE', #1291, #2267, #3842 ) ;
#283 = VERTEX_POINT ( 'NONE', #1301 ) ;
#284 = CARTESIAN_POINT ( 'NONE',  ( 1.524999999999999467, -1.720465053408525957, -3.000000000000000000 ) ) ;
#285 = VECTOR ( 'NONE', #3790, 1000.000000000000000 ) ;
#286 = VECTOR ( 'NONE', #2702, 1000.000000000000000 ) ;
#287 = ORIENTED_EDGE ( 'NONE', *, *, #3592, .T. ) ;
#288 = AXIS2_PLACEMENT_3D ( 'NONE', #1315, #110, #1050 ) ;
#289 = CARTESIAN_POINT ( 'NONE',  ( 4.029514817054697481E-16, 1.084999999999999742, 2.709999999999999520 ) ) ;
#290 = DIRECTION ( 'NONE',  ( -1.486905836551548586E-16, 0.000000000000000000, 1.000000000000000000 ) ) ;
#291 = CARTESIAN_POINT ( 'NONE',  ( 1.458333333333334147, 1.020000000000000018, 2.943333333333332913 ) ) ;
#292 = AXIS2_PLACEMENT_3D ( 'NONE', #2522, #3789, #937 ) ;
#293 = CIRCLE ( 'NONE', #2421, 0.1749999999999993783 ) ;
#294 = DIRECTION ( 'NONE',  ( 1.000000000000000000, 0.000000000000000000, 4.565061778886335030E-16 ) ) ;
#295 = VECTOR ( 'NONE', #777, 1000.000000000000000 ) ;
#296 = CARTESIAN_POINT ( 'NONE',  ( -1.458333333333333703, 1.020023152615177287, -2.708333333333333037 ) ) ;
#297 = VERTEX_POINT ( 'NONE', #1970 ) ;
#298 = VECTOR ( 'NONE', #2505, 1000.000000000000000 ) ;
#299 = CYLINDRICAL_SURFACE ( 'NONE', #678, 0.1749999999999998224 ) ;
#300 = DIRECTION ( 'NONE',  ( 0.000000000000000000, 0.000000000000000000, -1.000000000000000000 ) ) ;
#301 = CARTESIAN_POINT ( 'NONE',  ( 1.750000000000000666, 0.9599999999999999645, 2.825000000000000178 ) ) ;
#302 = EDGE_CURVE ( 'NONE', #2631, #2072, #3892, .T. ) ;
#303 = VERTEX_POINT ( 'NONE', #2621 ) ;
#304 = DIRECTION ( 'NONE',  ( 0.000000000000000000, 0.000000000000000000, 1.000000000000000000 ) ) ;
#305 = CARTESIAN_POINT ( 'NONE',  ( -0.7499999999999992228, 0.4799999999999999267, -2.949999999999999734 ) ) ;
#306 = ORIENTED_EDGE ( 'NONE', *, *, #1196, .F. ) ;
#307 = ORIENTED_EDGE ( 'NONE', *, *, #4017, .T. ) ;
#308 = DIRECTION ( 'NONE',  ( 0.000000000000000000, 0.000000000000000000, -1.000000000000000000 ) ) ;
#309 = EDGE_LOOP ( 'NONE', ( #479, #4051, #3639, #1731, #1528, #2898, #2909, #3531 ) ) ;
#310 = DIRECTION ( 'NONE',  ( -0.000000000000000000, -1.000000000000000000, -0.000000000000000000 ) ) ;
#311 = DIRECTION ( 'NONE',  ( -0.000000000000000000, 1.000000000000000000, -0.000000000000000000 ) ) ;
#312 = CARTESIAN_POINT ( 'NONE',  ( 1.574999999999999956, 1.085000000000001741, 2.708333333333333481 ) ) ;
#313 = CARTESIAN_POINT ( 'NONE',  ( -1.749999999999999334, -1.720465053408525957, -3.000000000000000000 ) ) ;
#314 = DIRECTION ( 'NONE',  ( -1.000000000000000000, 0.000000000000000000, 7.346626438598939522E-16 ) ) ;
#315 = CARTESIAN_POINT ( 'NONE',  ( -6.938893903907226405E-16, 2.200465053408525939, -1.599999999999999645 ) ) ;
#316 = VERTEX_POINT ( 'NONE', #3852 ) ;
#317 = DIRECTION ( 'NONE',  ( -1.000000000000000000, 0.000000000000000000, 0.000000000000000000 ) ) ;
#318 = DIRECTION ( 'NONE',  ( -0.000000000000000000, 0.000000000000000000, 1.000000000000000000 ) ) ;
#319 = FACE_OUTER_BOUND ( 'NONE', #1829, .T. ) ;
#320 = EDGE_CURVE ( 'NONE', #3514, #2529, #3914, .T. ) ;
#321 = ORIENTED_EDGE ( 'NONE', *, *, #3155, .F. ) ;
#322 = LINE ( 'NONE', #1220, #553 ) ;
#323 = CARTESIAN_POINT ( 'NONE',  ( -1.749999999999999334, 0.9599999999999999645, 2.825000000000000178 ) ) ;
#324 = CARTESIAN_POINT ( 'NONE',  ( -1.458333333333332815, 0.9599999999999998535, 2.708333333333333481 ) ) ;
#325 = CARTESIAN_POINT ( 'NONE',  ( -1.458333333333332815, 1.084999999999882059, 2.825000000000000178 ) ) ;
#326 = ORIENTED_EDGE ( 'NONE', *, *, #1950, .T. ) ;
#327 = EDGE_CURVE ( 'NONE', #3461, #881, #3526, .T. ) ;
#328 = ORIENTED_EDGE ( 'NONE', *, *, #327, .T. ) ;
#329 = PLANE ( 'NONE',  #2358 ) ;
#330 = DIRECTION ( 'NONE',  ( 1.000000000000000000, 0.000000000000000000, 4.565061778886335030E-16 ) ) ;
#331 = VERTEX_POINT ( 'NONE', #1347 ) ;
#332 = EDGE_CURVE ( 'NONE', #1655, #412, #3281, .T. ) ;
#333 = EDGE_CURVE ( 'NONE', #1577, #1235, #2974, .T. ) ;
#334 = ADVANCED_FACE ( 'NONE', ( #3308 ), #3834, .T. ) ;
#335 = LINE ( 'NONE', #895, #3939 ) ;
#336 = DIRECTION ( 'NONE',  ( 0.000000000000000000, 0.000000000000000000, -1.000000000000000000 ) ) ;
#337 = DIRECTION ( 'NONE',  ( 0.000000000000000000, 0.000000000000000000, -1.000000000000000000 ) ) ;
#338 = ORIENTED_EDGE ( 'NONE', *, *, #2661, .F. ) ;
#339 = ORIENTED_EDGE ( 'NONE', *, *, #3274, .F. ) ;
#340 = CYLINDRICAL_SURFACE ( 'NONE', #683, 0.2249999999999999500 ) ;
#341 = EDGE_LOOP ( 'NONE', ( #3517, #584, #2623, #1671 ) ) ;
#342 = AXIS2_PLACEMENT_3D ( 'NONE', #3826, #1595, #2516 ) ;
#343 = ADVANCED_FACE ( 'NONE', ( #1642 ), #111, .F. ) ;
#344 = VECTOR ( 'NONE', #2783, 1000.000000000000000 ) ;
#345 =( NAMED_UNIT ( * ) PLANE_ANGLE_UNIT ( ) SI_UNIT ( $, .RADIAN. ) );
#346 = AXIS2_PLACEMENT_3D ( 'NONE', #2206, #621, #1904 ) ;
#347 = DIRECTION ( 'NONE',  ( -1.000000000000000000, 0.000000000000000000, 0.000000000000000000 ) ) ;
#348 = VECTOR ( 'NONE', #308, 1000.000000000000000 ) ;
#349 = VECTOR ( 'NONE', #1017, 1000.000000000000000 ) ;
#350 = CIRCLE ( 'NONE', #3171, 0.2000000000000000944 ) ;
#351 = ORIENTED_EDGE ( 'NONE', *, *, #2785, .F. ) ;
#352 = CIRCLE ( 'NONE', #1210, 0.1749999999999998224 ) ;
#353 = AXIS2_PLACEMENT_3D ( 'NONE', #3407, #3424, #482 ) ;
#354 = CIRCLE ( 'NONE', #2691, 0.2249999999999999500 ) ;
#355 = LINE ( 'NONE', #372, #568 ) ;
#356 = FACE_OUTER_BOUND ( 'NONE', #1324, .T. ) ;
#357 = TOROIDAL_SURFACE ( 'NONE', #2759, 0.2349999999999993761, 0.05999999999999999778 ) ;
#358 = ORIENTED_EDGE ( 'NONE', *, *, #3120, .T. ) ;
#359 = VECTOR ( 'NONE', #3975, 1000.000000000000000 ) ;
#360 = EDGE_CURVE ( 'NONE', #3804, #3934, #1597, .T. ) ;
#361 = ORIENTED_EDGE ( 'NONE', *, *, #837, .F. ) ;
#362 = SURFACE_STYLE_FILL_AREA ( #3918 ) ;
#363 = LINE ( 'NONE', #642, #3435 ) ;
#364 = ORIENTED_EDGE ( 'NONE', *, *, #13, .F. ) ;
#365 = ORIENTED_EDGE ( 'NONE', *, *, #3571, .F. ) ;
#366 = CARTESIAN_POINT ( 'NONE',  ( 1.633333333333333970, 7.707635744030864267, 2.708333333333333481 ) ) ;
#367 = EDGE_LOOP ( 'NONE', ( #3738, #1801, #2677, #2581 ) ) ;
#368 = CARTESIAN_POINT ( 'NONE',  ( -1.458333333333332815, 1.199999999999999956, 2.708333333333333481 ) ) ;
#369 = DIRECTION ( 'NONE',  ( -0.000000000000000000, -1.000000000000000000, -0.000000000000000000 ) ) ;
#370 = CARTESIAN_POINT ( 'NONE',  ( 0.7500000000000001110, 0.000000000000000000, -1.600000000000000089 ) ) ;
#371 = CARTESIAN_POINT ( 'NONE',  ( 1.700000000000000844, 0.000000000000000000, -2.780625890315197246 ) ) ;
#372 = CARTESIAN_POINT ( 'NONE',  ( -0.7500000000000001110, 0.000000000000000000, 1.600000000000000089 ) ) ;
#373 = ORIENTED_EDGE ( 'NONE', *, *, #1305, .F. ) ;
#374 = ADVANCED_FACE ( 'NONE', ( #3828 ), #975, .F. ) ;
#375 = ORIENTED_EDGE ( 'NONE', *, *, #671, .F. ) ;
#376 = ORIENTED_EDGE ( 'NONE', *, *, #578, .T. ) ;
#377 = LINE ( 'NONE', #767, #569 ) ;
#378 = ORIENTED_EDGE ( 'NONE', *, *, #1002, .F. ) ;
#379 = ORIENTED_EDGE ( 'NONE', *, *, #2202, .F. ) ;
#380 = FACE_OUTER_BOUND ( 'NONE', #367, .T. ) ;
#381 = MANIFOLD_SOLID_BREP ( 'Boss-Extrude6[2]', #1328 ) ;
#382 = ORIENTED_EDGE ( 'NONE', *, *, #3063, .T. ) ;
#383 = DIRECTION ( 'NONE',  ( 0.000000000000000000, 0.000000000000000000, 1.000000000000000000 ) ) ;
#384 = FACE_OUTER_BOUND ( 'NONE', #341, .T. ) ;
#385 = LINE ( 'NONE', #63, #2814 ) ;
#386 = PLANE ( 'NONE',  #1752 ) ;
#387 = VERTEX_POINT ( 'NONE', #1997 ) ;
#388 = EDGE_CURVE ( 'NONE', #868, #3402, #1942, .T. ) ;
#389 = EDGE_CURVE ( 'NONE', #4030, #952, #1430, .T. ) ;
#390 = DIRECTION ( 'NONE',  ( 1.000000000000000000, -0.000000000000000000, 1.486905836551548586E-16 ) ) ;
#391 = FACE_OUTER_BOUND ( 'NONE', #3503, .T. ) ;
#392 = ORIENTED_EDGE ( 'NONE', *, *, #2785, .T. ) ;
#393 = ORIENTED_EDGE ( 'NONE', *, *, #957, .F. ) ;
#394 = ADVANCED_FACE ( 'NONE', ( #1705 ), #3428, .T. ) ;
#395 = LINE ( 'NONE', #1419, #2152 ) ;
#396 = ORIENTED_EDGE ( 'NONE', *, *, #1356, .F. ) ;
#397 = CARTESIAN_POINT ( 'NONE',  ( -1.574999999999999512, 0.4799999999999999822, -3.000000000000000000 ) ) ;
#398 = CARTESIAN_POINT ( 'NONE',  ( -1.458333333333333703, 1.199999999999999956, -2.708333333333333037 ) ) ;
#399 = ORIENTED_EDGE ( 'NONE', *, *, #203, .F. ) ;
#400 = VERTEX_POINT ( 'NONE', #2707 ) ;
#401 = DIRECTION ( 'NONE',  ( -1.000000000000000000, 0.000000000000000000, -1.486905836551548586E-16 ) ) ;
#402 = PRODUCT_DEFINITION_FORMATION_WITH_SPECIFIED_SOURCE ( 'ANY', '', #2185, .NOT_KNOWN. ) ;
#403 = ORIENTED_EDGE ( 'NONE', *, *, #2572, .F. ) ;
#404 = CARTESIAN_POINT ( 'NONE',  ( 0.7500000000000001110, 0.000000000000000000, 1.600000000000000089 ) ) ;
#405 = DIRECTION ( 'NONE',  ( -0.000000000000000000, 0.000000000000000000, -1.000000000000000000 ) ) ;
#406 = CARTESIAN_POINT ( 'NONE',  ( 0.000000000000000000, 2.200465053408525939, -2.949999999999999734 ) ) ;
#407 = PLANE ( 'NONE',  #1011 ) ;
#408 = AXIS2_PLACEMENT_3D ( 'NONE', #1534, #1853, #1592 ) ;
#409 = CARTESIAN_POINT ( 'NONE',  ( -1.749999999999999334, 0.9599999999999999645, 3.000000000000000000 ) ) ;
#410 = CARTESIAN_POINT ( 'NONE',  ( -1.749999999999999556, 0.000000000000000000, -2.774999999999999911 ) ) ;
#411 = AXIS2_PLACEMENT_3D ( 'NONE', #1720, #3361, #810 ) ;
#412 = VERTEX_POINT ( 'NONE', #3075 ) ;
#413 = CIRCLE ( 'NONE', #2351, 0.1150000000000000883 ) ;
#414 = CARTESIAN_POINT ( 'NONE',  ( 1.750000000000000666, -1.720465053408525957, -2.774999999999999911 ) ) ;
#415 = AXIS2_PLACEMENT_3D ( 'NONE', #3132, #1793, #1820 ) ;
#416 = TOROIDAL_SURFACE ( 'NONE', #2758, 0.001666666666666621454, 0.1149999999999999911 ) ;
#417 = VERTEX_POINT ( 'NONE', #3966 ) ;
#418 = ORIENTED_EDGE ( 'NONE', *, *, #1962, .T. ) ;
#419 = DIRECTION ( 'NONE',  ( -1.200962406445482005E-16, -0.000000000000000000, -1.000000000000000000 ) ) ;
#420 = VECTOR ( 'NONE', #2079, 1000.000000000000000 ) ;
#421 = FACE_OUTER_BOUND ( 'NONE', #2787, .T. ) ;
#422 = AXIS2_PLACEMENT_3D ( 'NONE', #2500, #3770, #912 ) ;
#423 = UNCERTAINTY_MEASURE_WITH_UNIT (LENGTH_MEASURE( 1.000000000000000082E-05 ), #2484, 'distance_accuracy_value', 'NONE');
#424 = LINE ( 'NONE', #763, #886 ) ;
#425 = AXIS2_PLACEMENT_3D ( 'NONE', #2525, #1261, #2007 ) ;
#426 = ORIENTED_EDGE ( 'NONE', *, *, #1598, .F. ) ;
#427 = CARTESIAN_POINT ( 'NONE',  ( 1.524999999999999467, 0.000000000000000000, -3.000000000000000000 ) ) ;
#428 = VECTOR ( 'NONE', #1122, 1000.000000000000000 ) ;
#429 = ORIENTED_EDGE ( 'NONE', *, *, #2876, .T. ) ;
#430 = ORIENTED_EDGE ( 'NONE', *, *, #135, .F. ) ;
#431 = FACE_OUTER_BOUND ( 'NONE', #16, .T. ) ;
#432 = ORIENTED_EDGE ( 'NONE', *, *, #696, .T. ) ;
#433 = CARTESIAN_POINT ( 'NONE',  ( 1.699999999999999956, 0.4799999999999999267, 2.780625890315197246 ) ) ;
#434 = CARTESIAN_POINT ( 'NONE',  ( -1.749999999999999556, -1.720465053408525957, -2.774999999999999911 ) ) ;
#435 = CARTESIAN_POINT ( 'NONE',  ( -1.060000000000000275, 1.179999999999999938, -2.309999999999999609 ) ) ;
#436 = FACE_OUTER_BOUND ( 'NONE', #476, .T. ) ;
#437 = DIRECTION ( 'NONE',  ( -1.000000000000000000, 0.000000000000000000, 0.000000000000000000 ) ) ;
#438 = CARTESIAN_POINT ( 'NONE',  ( 0.7500000000000001110, 0.000000000000000000, -1.600000000000000089 ) ) ;
#439 = EDGE_CURVE ( 'NONE', #3255, #100, #1816, .T. ) ;
#440 = DIRECTION ( 'NONE',  ( -0.000000000000000000, 1.000000000000000000, -0.000000000000000000 ) ) ;
#441 = ADVANCED_FACE ( 'NONE', ( #3339 ), #196, .T. ) ;
#442 = DIRECTION ( 'NONE',  ( 1.000000000000000000, 0.000000000000000000, 0.000000000000000000 ) ) ;
#443 = CARTESIAN_POINT ( 'NONE',  ( 1.633333333333333748, 1.020023152615177509, -2.708333333333334370 ) ) ;
#444 = ORIENTED_EDGE ( 'NONE', *, *, #3903, .F. ) ;
#445 = ORIENTED_EDGE ( 'NONE', *, *, #320, .F. ) ;
#446 = LINE ( 'NONE', #3902, #3233 ) ;
#447 = EDGE_CURVE ( 'NONE', #3788, #1311, #2390, .T. ) ;
#448 =( LENGTH_UNIT ( ) NAMED_UNIT ( * ) SI_UNIT ( .MILLI., .METRE. ) );
#449 = ORIENTED_EDGE ( 'NONE', *, *, #2768, .T. ) ;
#450 = DIRECTION ( 'NONE',  ( 0.000000000000000000, 0.000000000000000000, -1.000000000000000000 ) ) ;
#451 = CARTESIAN_POINT ( 'NONE',  ( 1.749999999999999334, 0.000000000000000000, -3.000000000000000000 ) ) ;
#452 = ORIENTED_EDGE ( 'NONE', *, *, #1598, .T. ) ;
#453 = LINE ( 'NONE', #1657, #3803 ) ;
#454 = ADVANCED_FACE ( 'NONE', ( #3948 ), #2022, .T. ) ;
#455 = LINE ( 'NONE', #2970, #3551 ) ;
#456 = DIRECTION ( 'NONE',  ( 0.000000000000000000, -1.000000000000000000, -7.228014483236703064E-15 ) ) ;
#457 = DIRECTION ( 'NONE',  ( 0.000000000000000000, 0.000000000000000000, 1.000000000000000000 ) ) ;
#458 = CARTESIAN_POINT ( 'NONE',  ( -1.574999999999999734, 1.079999999999999849, 2.708333333333334370 ) ) ;
#459 = LINE ( 'NONE', #3668, #1963 ) ;
#460 = FACE_OUTER_BOUND ( 'NONE', #1484, .T. ) ;
#461 = ADVANCED_FACE ( 'NONE', ( #2990 ), #2726, .T. ) ;
#462 = ORIENTED_EDGE ( 'NONE', *, *, #1196, .T. ) ;
#463 = DIRECTION ( 'NONE',  ( 0.000000000000000000, 0.000000000000000000, -1.000000000000000000 ) ) ;
#464 = LINE ( 'NONE', #2057, #3499 ) ;
#465 = CARTESIAN_POINT ( 'NONE',  ( -0.7499999999999992228, -1.720465053408525957, 2.949999999999999734 ) ) ;
#466 = EDGE_CURVE ( 'NONE', #2249, #1651, #2346, .T. ) ;
#467 = EDGE_LOOP ( 'NONE', ( #1149, #1640, #192, #612 ) ) ;
#468 = LINE ( 'NONE', #785, #3354 ) ;
#469 = EDGE_LOOP ( 'NONE', ( #1871, #2117, #1100, #306 ) ) ;
#470 = EDGE_CURVE ( 'NONE', #1022, #3079, #1893, .T. ) ;
#471 = EDGE_LOOP ( 'NONE', ( #1126, #1714, #1560, #2985 ) ) ;
#472 = EDGE_CURVE ( 'NONE', #904, #2041, #270, .T. ) ;
#473 = CARTESIAN_POINT ( 'NONE',  ( 1.458333333333334147, 1.084999999999999964, 2.708333333333333481 ) ) ;
#474 = VERTEX_POINT ( 'NONE', #1226 ) ;
#475 = DIRECTION ( 'NONE',  ( -0.000000000000000000, 1.000000000000000000, -0.000000000000000000 ) ) ;
#476 = EDGE_LOOP ( 'NONE', ( #494, #2772, #2365, #373 ) ) ;
#477 = FACE_OUTER_BOUND ( 'NONE', #3020, .T. ) ;
#478 = ADVANCED_FACE ( 'NONE', ( #922 ), #966, .F. ) ;
#479 = ORIENTED_EDGE ( 'NONE', *, *, #2087, .F. ) ;
#480 = CARTESIAN_POINT ( 'NONE',  ( 1.750000000000000666, 0.000000000000000000, -2.825000000000000178 ) ) ;
#481 = DIRECTION ( 'NONE',  ( 0.000000000000000000, 0.000000000000000000, 1.000000000000000000 ) ) ;
#482 = DIRECTION ( 'NONE',  ( -3.673313219299469761E-16, 0.000000000000000000, 1.000000000000000000 ) ) ;
#483 = EDGE_CURVE ( 'NONE', #219, #4030, #1078, .T. ) ;
#484 = CIRCLE ( 'NONE', #2534, 0.1749999999999998224 ) ;
#485 = CARTESIAN_POINT ( 'NONE',  ( 1.458333333333334147, 1.079999999999999849, 2.708333333333333481 ) ) ;
#486 = VECTOR ( 'NONE', #4088, 1000.000000000000000 ) ;
#487 = SURFACE_STYLE_USAGE ( .BOTH. , #3346 ) ;
#488 = VECTOR ( 'NONE', #3260, 1000.000000000000000 ) ;
#489 = EDGE_LOOP ( 'NONE', ( #1842, #1786, #351, #1006 ) ) ;
#490 = DIRECTION ( 'NONE',  ( 0.000000000000000000, 0.000000000000000000, -1.000000000000000000 ) ) ;
#491 = VECTOR ( 'NONE', #2535, 1000.000000000000000 ) ;
#492 = EDGE_LOOP ( 'NONE', ( #2371, #806, #3139, #2778 ) ) ;
#493 = CIRCLE ( 'NONE', #560, 0.2249999999999999500 ) ;
#494 = ORIENTED_EDGE ( 'NONE', *, *, #1859, .F. ) ;
#495 = VECTOR ( 'NONE', #3125, 1000.000000000000000 ) ;
#496 = CYLINDRICAL_SURFACE ( 'NONE', #826, 0.1749999999999998224 ) ;
#497 = CARTESIAN_POINT ( 'NONE',  ( -1.749999999999999334, 0.4799999999999999822, -3.000000000000000000 ) ) ;
#498 = VECTOR ( 'NONE', #875, 1000.000000000000000 ) ;
#499 = VECTOR ( 'NONE', #1796, 1000.000000000000000 ) ;
#500 = VERTEX_POINT ( 'NONE', #2927 ) ;
#501 = MECHANICAL_DESIGN_GEOMETRIC_PRESENTATION_REPRESENTATION (  '', ( #1824 ), #2888 ) ;
#502 = ADVANCED_FACE ( 'NONE', ( #1021 ), #2946, .F. ) ;
#503 = ORIENTED_EDGE ( 'NONE', *, *, #3718, .F. ) ;
#504 = ORIENTED_EDGE ( 'NONE', *, *, #3022, .F. ) ;
#505 = CIRCLE ( 'NONE', #1158, 0.05999999999999994227 ) ;
#506 = DIRECTION ( 'NONE',  ( 0.7071067811865465735, -0.000000000000000000, -0.7071067811865483499 ) ) ;
#507 = FILL_AREA_STYLE_COLOUR ( '', #1143 ) ;
#508 = LINE ( 'NONE', #3967, #2028 ) ;
#509 = CARTESIAN_POINT ( 'NONE',  ( 0.000000000000000000, 0.000000000000000000, 0.000000000000000000 ) ) ;
#510 = CARTESIAN_POINT ( 'NONE',  ( 0.7500000000000001110, 0.4799999999999999267, -1.600000000000000089 ) ) ;
#511 = CARTESIAN_POINT ( 'NONE',  ( 1.749999999999999778, 0.4799999999999999267, 2.774999999999999911 ) ) ;
#512 = LINE ( 'NONE', #170, #2422 ) ;
#513 = ADVANCED_FACE ( 'NONE', ( #1039 ), #982, .F. ) ;
#514 = FACE_OUTER_BOUND ( 'NONE', #3396, .T. ) ;
#515 = UNCERTAINTY_MEASURE_WITH_UNIT (LENGTH_MEASURE( 1.000000000000000082E-05 ), #448, 'distance_accuracy_value', 'NONE');
#516 = DIRECTION ( 'NONE',  ( -0.000000000000000000, -1.000000000000000000, -0.000000000000000000 ) ) ;
#517 = ORIENTED_EDGE ( 'NONE', *, *, #1656, .T. ) ;
#518 = CARTESIAN_POINT ( 'NONE',  ( 1.458333333333334147, 7.668771135231173375, -2.708333333333333925 ) ) ;
#519 = VERTEX_POINT ( 'NONE', #697 ) ;
#520 = ORIENTED_EDGE ( 'NONE', *, *, #327, .F. ) ;
#521 = ADVANCED_FACE ( 'NONE', ( #35 ), #1285, .F. ) ;
#522 = CARTESIAN_POINT ( 'NONE',  ( 1.700000000000000178, 0.4799999999999999267, 1.600000000000000533 ) ) ;
#523 = CARTESIAN_POINT ( 'NONE',  ( -1.574999999999999512, 0.000000000000000000, -3.000000000000000000 ) ) ;
#524 = ADVANCED_FACE ( 'NONE', ( #3305 ), #64, .T. ) ;
#525 = PLANE ( 'NONE',  #353 ) ;
#526 = ORIENTED_EDGE ( 'NONE', *, *, #1057, .F. ) ;
#527 = FACE_OUTER_BOUND ( 'NONE', #1170, .T. ) ;
#528 = DIRECTION ( 'NONE',  ( 1.000000000000000000, 0.000000000000000000, -7.346626438598939522E-16 ) ) ;
#529 = FACE_OUTER_BOUND ( 'NONE', #1667, .T. ) ;
#530 = DIRECTION ( 'NONE',  ( -1.000000000000000000, 0.000000000000000000, 4.565061778886334044E-16 ) ) ;
#531 = CARTESIAN_POINT ( 'NONE',  ( 1.700000000000000178, 0.000000000000000000, 1.600000000000000533 ) ) ;
#532 = DIRECTION ( 'NONE',  ( 1.927470528863119344E-15, 0.000000000000000000, 1.000000000000000000 ) ) ;
#533 = DIRECTION ( 'NONE',  ( -1.000000000000000000, 0.000000000000000000, 1.486905836551549079E-16 ) ) ;
#534 = ORIENTED_EDGE ( 'NONE', *, *, #1453, .F. ) ;
#535 = FACE_OUTER_BOUND ( 'NONE', #267, .T. ) ;
#536 = ORIENTED_EDGE ( 'NONE', *, *, #2001, .T. ) ;
#537 = VERTEX_POINT ( 'NONE', #3630 ) ;
#538 = CARTESIAN_POINT ( 'NONE',  ( 1.700000000000000178, 0.4799999999999999822, 2.780625890315197246 ) ) ;
#539 = DIRECTION ( 'NONE',  ( -7.346626438598939522E-16, 0.000000000000000000, 1.000000000000000000 ) ) ;
#540 = CYLINDRICAL_SURFACE ( 'NONE', #564, 0.1749999999999998224 ) ;
#541 = DIRECTION ( 'NONE',  ( 0.000000000000000000, -0.000000000000000000, -1.000000000000000000 ) ) ;
#542 = CARTESIAN_POINT ( 'NONE',  ( 1.458333333333334147, 7.668771135231173375, -2.824999999999999734 ) ) ;
#543 = SURFACE_STYLE_USAGE ( .BOTH. , #2129 ) ;
#544 = PLANE ( 'NONE',  #1020 ) ;
#545 = ADVANCED_FACE ( 'NONE', ( #2688 ), #386, .T. ) ;
#546 = ORIENTED_EDGE ( 'NONE', *, *, #1688, .T. ) ;
#547 = AXIS2_PLACEMENT_3D ( 'NONE', #1257, #2539, #3807 ) ;
#548 = DIRECTION ( 'NONE',  ( -0.000000000000000000, -1.000000000000000000, -0.000000000000000000 ) ) ;
#549 = PRODUCT_DEFINITION_CONTEXT ( 'detailed design', #1955, 'design' ) ;
#550 = SURFACE_STYLE_USAGE ( .BOTH. , #3414 ) ;
#551 = CARTESIAN_POINT ( 'NONE',  ( -1.749999999999999334, 2.200465053408525939, -3.000000000000000000 ) ) ;
#552 = ORIENTED_EDGE ( 'NONE', *, *, #2954, .F. ) ;
#553 = VECTOR ( 'NONE', #2174, 1000.000000000000000 ) ;
#554 = AXIS2_PLACEMENT_3D ( 'NONE', #48, #1297, #774 ) ;
#555 = CARTESIAN_POINT ( 'NONE',  ( -1.633333333333332860, 1.020000000000000018, 2.708333333333333481 ) ) ;
#556 = CARTESIAN_POINT ( 'NONE',  ( -1.460000000000000187, 1.084999999999999742, 1.753405113410404028E-16 ) ) ;
#557 = ORIENTED_EDGE ( 'NONE', *, *, #2244, .F. ) ;
#558 = CIRCLE ( 'NONE', #2812, 0.1150000000000000883 ) ;
#559 = ADVANCED_FACE ( 'NONE', ( #2994 ), #775, .F. ) ;
#560 = AXIS2_PLACEMENT_3D ( 'NONE', #2237, #633, #2194 ) ;
#561 = ORIENTED_EDGE ( 'NONE', *, *, #3193, .F. ) ;
#562 = ORIENTED_EDGE ( 'NONE', *, *, #1664, .F. ) ;
#563 = VERTEX_POINT ( 'NONE', #2313 ) ;
#564 = AXIS2_PLACEMENT_3D ( 'NONE', #1805, #4033, #2083 ) ;
#565 = FACE_OUTER_BOUND ( 'NONE', #2151, .T. ) ;
#566 = CIRCLE ( 'NONE', #2221, 0.2249999999999999500 ) ;
#567 = CARTESIAN_POINT ( 'NONE',  ( -1.460000000000000187, 1.199999999999999956, -2.708333333333333037 ) ) ;
#568 = VECTOR ( 'NONE', #653, 1000.000000000000000 ) ;
#569 = VECTOR ( 'NONE', #720, 1000.000000000000000 ) ;
#570 = ORIENTED_EDGE ( 'NONE', *, *, #620, .T. ) ;
#571 = VECTOR ( 'NONE', #3470, 1000.000000000000000 ) ;
#572 = CARTESIAN_POINT ( 'NONE',  ( 1.749999999999999334, 0.000000000000000000, -3.000000000000000000 ) ) ;
#573 = EDGE_CURVE ( 'NONE', #1651, #303, #3950, .T. ) ;
#574 =( GEOMETRIC_REPRESENTATION_CONTEXT ( 3 ) GLOBAL_UNCERTAINTY_ASSIGNED_CONTEXT ( ( #423 ) ) GLOBAL_UNIT_ASSIGNED_CONTEXT ( ( #2484, #905, #651 ) ) REPRESENTATION_CONTEXT ( 'NONE', 'WORKASPACE' ) );
#575 = FACE_OUTER_BOUND ( 'NONE', #3179, .T. ) ;
#576 = EDGE_LOOP ( 'NONE', ( #614, #2210, #2449, #1381, #2626, #2173, #1728, #1764, #636 ) ) ;
#577 = ADVANCED_FACE ( 'NONE', ( #3646 ), #3583, .T. ) ;
#578 = EDGE_CURVE ( 'NONE', #2498, #1125, #2000, .T. ) ;
#579 = CARTESIAN_POINT ( 'NONE',  ( 0.000000000000000000, 2.200465053408525939, -2.949999999999999734 ) ) ;
#580 = ORIENTED_EDGE ( 'NONE', *, *, #950, .F. ) ;
#581 = PLANE ( 'NONE',  #1155 ) ;
#582 = FACE_OUTER_BOUND ( 'NONE', #999, .T. ) ;
#583 = EDGE_LOOP ( 'NONE', ( #3871, #2925, #1531, #3596 ) ) ;
#584 = ORIENTED_EDGE ( 'NONE', *, *, #2983, .T. ) ;
#585 = ORIENTED_EDGE ( 'NONE', *, *, #2331, .F. ) ;
#586 = CARTESIAN_POINT ( 'NONE',  ( 0.000000000000000000, -0.000000000000000000, 2.949999999999999734 ) ) ;
#587 = DIRECTION ( 'NONE',  ( 0.000000000000000000, 0.000000000000000000, 1.000000000000000000 ) ) ;
#588 = ORIENTED_EDGE ( 'NONE', *, *, #2051, .F. ) ;
#589 = CARTESIAN_POINT ( 'NONE',  ( -1.060000000000000275, 0.6143145750507615910, -2.309999999999999609 ) ) ;
#590 = CARTESIAN_POINT ( 'NONE',  ( 1.749999999999999334, 0.000000000000000000, -3.000000000000000000 ) ) ;
#591 = LINE ( 'NONE', #604, #2345 ) ;
#592 = VERTEX_POINT ( 'NONE', #1367 ) ;
#593 = FACE_OUTER_BOUND ( 'NONE', #1948, .T. ) ;
#594 = DIRECTION ( 'NONE',  ( 1.000000000000000000, -0.000000000000000000, 7.346626438598939522E-16 ) ) ;
#595 = DIRECTION ( 'NONE',  ( 0.000000000000000000, 0.000000000000000000, 1.000000000000000000 ) ) ;
#596 = VERTEX_POINT ( 'NONE', #2640 ) ;
#597 = VERTEX_POINT ( 'NONE', #2329 ) ;
#598 = CARTESIAN_POINT ( 'NONE',  ( -1.749999999999999334, 0.4799999999999999267, -3.000000000000000000 ) ) ;
#599 = EDGE_LOOP ( 'NONE', ( #3772, #1323, #449, #3444 ) ) ;
#600 = DIRECTION ( 'NONE',  ( -0.000000000000000000, 0.000000000000000000, 1.000000000000000000 ) ) ;
#601 = EDGE_LOOP ( 'NONE', ( #2656, #462 ) ) ;
#602 = FILL_AREA_STYLE ('',( #1877 ) ) ;
#603 = ORIENTED_EDGE ( 'NONE', *, *, #389, .F. ) ;
#604 = CARTESIAN_POINT ( 'NONE',  ( 0.7500000000000001110, 0.4799999999999999267, 1.600000000000000089 ) ) ;
#605 = DIRECTION ( 'NONE',  ( -0.000000000000000000, -1.000000000000000000, -0.000000000000000000 ) ) ;
#606 = PRODUCT_DEFINITION ( 'UNKNOWN', '', #402, #549 ) ;
#607 = DIRECTION ( 'NONE',  ( 1.000000000000000000, 0.000000000000000000, -1.486905836551549079E-16 ) ) ;
#608 = DIRECTION ( 'NONE',  ( 0.000000000000000000, 1.000000000000000000, 0.000000000000000000 ) ) ;
#609 = DIRECTION ( 'NONE',  ( -0.000000000000000000, 1.000000000000000000, -0.000000000000000000 ) ) ;
#610 = CARTESIAN_POINT ( 'NONE',  ( -0.7499999999999998890, 0.4799999999999999822, -1.849999999999998757 ) ) ;
#611 = CIRCLE ( 'NONE', #1137, 0.1749999999999998224 ) ;
#612 = ORIENTED_EDGE ( 'NONE', *, *, #1712, .F. ) ;
#613 = CIRCLE ( 'NONE', #3484, 0.2249999999999999500 ) ;
#614 = ORIENTED_EDGE ( 'NONE', *, *, #1608, .T. ) ;
#615 = EDGE_CURVE ( 'NONE', #3709, #731, #293, .T. ) ;
#616 = SURFACE_STYLE_USAGE ( .BOTH. , #3475 ) ;
#617 = CIRCLE ( 'NONE', #277, 0.1750000000000002387 ) ;
#618 = DIRECTION ( 'NONE',  ( 0.000000000000000000, -1.000000000000000000, 0.000000000000000000 ) ) ;
#619 = STYLED_ITEM ( 'NONE', ( #2902 ), #381 ) ;
#620 = EDGE_CURVE ( 'NONE', #2719, #3434, #2049, .T. ) ;
#621 = DIRECTION ( 'NONE',  ( -0.000000000000000000, -1.000000000000000000, -0.000000000000000000 ) ) ;
#622 = EDGE_LOOP ( 'NONE', ( #3051, #1575, #1510, #3931, #1130, #178, #3345, #3140, #238 ) ) ;
#623 = AXIS2_PLACEMENT_3D ( 'NONE', #265, #1274, #3483 ) ;
#624 = ORIENTED_EDGE ( 'NONE', *, *, #1878, .T. ) ;
#625 = CARTESIAN_POINT ( 'NONE',  ( -1.749999999999999334, 0.9599999999999999645, 3.000000000000000000 ) ) ;
#626 = AXIS2_PLACEMENT_3D ( 'NONE', #3604, #1076, #2599 ) ;
#627 = VECTOR ( 'NONE', #198, 1000.000000000000000 ) ;
#628 = VECTOR ( 'NONE', #2408, 1000.000000000000000 ) ;
#629 = CARTESIAN_POINT ( 'NONE',  ( 1.530625890315196358, 0.000000000000000000, -2.949999999999999734 ) ) ;
#630 = VECTOR ( 'NONE', #1518, 1000.000000000000000 ) ;
#631 = AXIS2_PLACEMENT_3D ( 'NONE', #1330, #1993, #3293 ) ;
#632 = VECTOR ( 'NONE', #1254, 1000.000000000000000 ) ;
#633 = DIRECTION ( 'NONE',  ( 0.000000000000000000, -1.000000000000000000, 0.000000000000000000 ) ) ;
#634 = ORIENTED_EDGE ( 'NONE', *, *, #2379, .T. ) ;
#635 = AXIS2_PLACEMENT_3D ( 'NONE', #2735, #3392, #3990 ) ;
#636 = ORIENTED_EDGE ( 'NONE', *, *, #1506, .T. ) ;
#637 = DIRECTION ( 'NONE',  ( -0.000000000000000000, 1.000000000000000000, -0.000000000000000000 ) ) ;
#638 = CARTESIAN_POINT ( 'NONE',  ( -1.749999999999999334, 0.000000000000000000, 3.000000000000000000 ) ) ;
#639 = EDGE_CURVE ( 'NONE', #1493, #3205, #4012, .T. ) ;
#640 = ORIENTED_EDGE ( 'NONE', *, *, #1885, .F. ) ;
#641 = LINE ( 'NONE', #586, #1828 ) ;
#642 = CARTESIAN_POINT ( 'NONE',  ( 1.700000000000000178, -1.720465053408525957, 1.600000000000000533 ) ) ;
#643 = ORIENTED_EDGE ( 'NONE', *, *, #3550, .F. ) ;
#644 = EDGE_CURVE ( 'NONE', #1665, #3049, #508, .T. ) ;
#645 = DIRECTION ( 'NONE',  ( 0.000000000000000000, 0.000000000000000000, 1.000000000000000000 ) ) ;
#646 = ORIENTED_EDGE ( 'NONE', *, *, #2501, .T. ) ;
#647 = EDGE_CURVE ( 'NONE', #1632, #1495, #1433, .T. ) ;
#648 = DIRECTION ( 'NONE',  ( 1.000000000000000000, 0.000000000000000000, -0.000000000000000000 ) ) ;
#649 = ORIENTED_EDGE ( 'NONE', *, *, #2031, .F. ) ;
#650 = VERTEX_POINT ( 'NONE', #2747 ) ;
#651 =( NAMED_UNIT ( * ) SI_UNIT ( $, .STERADIAN. ) SOLID_ANGLE_UNIT ( ) );
#652 = EDGE_LOOP ( 'NONE', ( #2666, #3050, #321, #445 ) ) ;
#653 = DIRECTION ( 'NONE',  ( 6.424901762877064481E-16, 0.000000000000000000, 1.000000000000000000 ) ) ;
#654 = LINE ( 'NONE', #1750, #153 ) ;
#655 = EDGE_LOOP ( 'NONE', ( #2915, #2252, #2567, #275 ) ) ;
#656 = DIRECTION ( 'NONE',  ( -0.000000000000000000, -1.000000000000000000, -0.000000000000000000 ) ) ;
#657 = EDGE_CURVE ( 'NONE', #932, #3748, #223, .T. ) ;
#658 = ORIENTED_EDGE ( 'NONE', *, *, #746, .F. ) ;
#659 = PRODUCT_RELATED_PRODUCT_CATEGORY ( 'part', '', ( #2185 ) ) ;
#660 = CARTESIAN_POINT ( 'NONE',  ( 0.000000000000000000, 0.4799999999999999822, 3.000000000000000000 ) ) ;
#661 = CARTESIAN_POINT ( 'NONE',  ( 1.524999999999999467, 0.4799999999999999267, 3.000000000000000000 ) ) ;
#662 = PLANE ( 'NONE',  #1207 ) ;
#663 = ORIENTED_EDGE ( 'NONE', *, *, #1938, .T. ) ;
#664 = PLANE ( 'NONE',  #2743 ) ;
#665 = VERTEX_POINT ( 'NONE', #1161 ) ;
#666 = DIRECTION ( 'NONE',  ( 1.486905836551549818E-16, 0.000000000000000000, 1.000000000000000000 ) ) ;
#667 = DIRECTION ( 'NONE',  ( 1.000000000000000000, 0.000000000000000000, -4.565061778886335030E-16 ) ) ;
#668 = DIRECTION ( 'NONE',  ( -0.000000000000000000, -1.000000000000000000, -0.000000000000000000 ) ) ;
#669 = ORIENTED_EDGE ( 'NONE', *, *, #2259, .F. ) ;
#670 = DIRECTION ( 'NONE',  ( 0.000000000000000000, 0.000000000000000000, -1.000000000000000000 ) ) ;
#671 = EDGE_CURVE ( 'NONE', #1042, #3251, #836, .T. ) ;
#672 = CARTESIAN_POINT ( 'NONE',  ( -1.060000000000000275, 1.179999999999999938, -2.109999999999999432 ) ) ;
#673 = LINE ( 'NONE', #919, #1343 ) ;
#674 = DIRECTION ( 'NONE',  ( 0.000000000000000000, -1.000000000000000000, 0.000000000000000000 ) ) ;
#675 = ORIENTED_EDGE ( 'NONE', *, *, #2453, .T. ) ;
#676 = EDGE_CURVE ( 'NONE', #4030, #807, #2144, .T. ) ;
#677 = VERTEX_POINT ( 'NONE', #855 ) ;
#678 = AXIS2_PLACEMENT_3D ( 'NONE', #2520, #1843, #2795 ) ;
#679 = CARTESIAN_POINT ( 'NONE',  ( -1.749999999999999334, 0.9599999999999999645, 2.825000000000000178 ) ) ;
#680 = ORIENTED_EDGE ( 'NONE', *, *, #2203, .F. ) ;
#681 = ORIENTED_EDGE ( 'NONE', *, *, #2602, .F. ) ;
#682 = DIRECTION ( 'NONE',  ( 0.000000000000000000, 0.000000000000000000, 1.000000000000000000 ) ) ;
#683 = AXIS2_PLACEMENT_3D ( 'NONE', #45, #3187, #645 ) ;
#684 = DIRECTION ( 'NONE',  ( 0.000000000000000000, -1.000000000000000000, 0.000000000000000000 ) ) ;
#685 = DIRECTION ( 'NONE',  ( 4.565061778886335030E-16, 0.000000000000000000, 1.000000000000000000 ) ) ;
#686 = PLANE ( 'NONE',  #753 ) ;
#687 = STYLED_ITEM ( 'NONE', ( #2533 ), #2452 ) ;
#688 = VECTOR ( 'NONE', #3520, 1000.000000000000000 ) ;
#689 = AXIS2_PLACEMENT_3D ( 'NONE', #246, #1160, #1516 ) ;
#690 = AXIS2_PLACEMENT_3D ( 'NONE', #1698, #214, #3457 ) ;
#691 = ORIENTED_EDGE ( 'NONE', *, *, #2732, .T. ) ;
#692 = VECTOR ( 'NONE', #2411, 1000.000000000000000 ) ;
#693 = AXIS2_PLACEMENT_3D ( 'NONE', #1139, #818, #3412 ) ;
#694 = CARTESIAN_POINT ( 'NONE',  ( -1.458333333333332815, 7.668771135231173375, 2.824999999999999734 ) ) ;
#695 = CARTESIAN_POINT ( 'NONE',  ( 1.749999999999999334, -1.720465053408525957, 3.000000000000000000 ) ) ;
#696 = EDGE_CURVE ( 'NONE', #219, #2041, #1449, .T. ) ;
#697 = CARTESIAN_POINT ( 'NONE',  ( -1.458333333333333703, 1.085000000000001741, -2.824999999999999289 ) ) ;
#698 = EDGE_LOOP ( 'NONE', ( #3004, #1214, #1215, #3490, #1517, #1530, #1832, #3959, #3071, #3388, #199, #1929, #2063, #640, #1927, #3856, #3282, #1760, #399, #2385, #3725, #176, #2325, #1673, #3212, #1442, #2499, #361, #3594 ) ) ;
#699 = VECTOR ( 'NONE', #3326, 1000.000000000000000 ) ;
#700 = DIRECTION ( 'NONE',  ( -0.000000000000000000, 1.000000000000000000, -0.000000000000000000 ) ) ;
#701 = DIRECTION ( 'NONE',  ( 0.000000000000000000, 1.000000000000000000, 0.000000000000000000 ) ) ;
#702 = ORIENTED_EDGE ( 'NONE', *, *, #2602, .T. ) ;
#703 = LINE ( 'NONE', #2917, #3164 ) ;
#704 = ADVANCED_FACE ( 'NONE', ( #2392 ), #525, .F. ) ;
#705 = VERTEX_POINT ( 'NONE', #3664 ) ;
#706 = CYLINDRICAL_SURFACE ( 'NONE', #3429, 0.1749999999999998224 ) ;
#707 = CARTESIAN_POINT ( 'NONE',  ( -1.458333333333333703, 1.084999999999999964, -2.708333333333333037 ) ) ;
#708 = LINE ( 'NONE', #1388, #2749 ) ;
#709 = DIRECTION ( 'NONE',  ( -1.000000000000000000, 0.000000000000000000, -4.003208021484940018E-17 ) ) ;
#710 = DIRECTION ( 'NONE',  ( -6.424901762877064481E-16, 0.000000000000000000, -1.000000000000000000 ) ) ;
#711 = FACE_OUTER_BOUND ( 'NONE', #1129, .T. ) ;
#712 = ORIENTED_EDGE ( 'NONE', *, *, #2322, .T. ) ;
#713 = ADVANCED_FACE ( 'NONE', ( #812 ), #540, .F. ) ;
#714 = ORIENTED_EDGE ( 'NONE', *, *, #1043, .F. ) ;
#715 = ORIENTED_EDGE ( 'NONE', *, *, #2710, .F. ) ;
#716 = DIRECTION ( 'NONE',  ( 0.000000000000000000, 0.000000000000000000, -1.000000000000000000 ) ) ;
#717 = ADVANCED_FACE ( 'NONE', ( #3364 ), #3982, .F. ) ;
#718 = VERTEX_POINT ( 'NONE', #1740 ) ;
#719 = CARTESIAN_POINT ( 'NONE',  ( 1.749999999999999334, 2.200465053408525939, -3.000000000000000000 ) ) ;
#720 = DIRECTION ( 'NONE',  ( -6.424901762877064481E-16, 0.000000000000000000, -1.000000000000000000 ) ) ;
#721 = ORIENTED_EDGE ( 'NONE', *, *, #1790, .F. ) ;
#722 = EDGE_CURVE ( 'NONE', #474, #1854, #3098, .T. ) ;
#723 = ORIENTED_EDGE ( 'NONE', *, *, #72, .T. ) ;
#724 = FACE_OUTER_BOUND ( 'NONE', #652, .T. ) ;
#725 = ORIENTED_EDGE ( 'NONE', *, *, #3733, .F. ) ;
#726 = DIRECTION ( 'NONE',  ( 0.000000000000000000, 0.000000000000000000, -1.000000000000000000 ) ) ;
#727 =( NAMED_UNIT ( * ) PLANE_ANGLE_UNIT ( ) SI_UNIT ( $, .RADIAN. ) );
#728 = CARTESIAN_POINT ( 'NONE',  ( 1.699999999999999956, -1.720465053408525957, 2.780625890315197246 ) ) ;
#729 = DIRECTION ( 'NONE',  ( 4.003208021484938785E-17, 0.000000000000000000, 1.000000000000000000 ) ) ;
#730 = CARTESIAN_POINT ( 'NONE',  ( 1.530625890315196358, -1.720465053408525957, 2.949999999999999734 ) ) ;
#731 = VERTEX_POINT ( 'NONE', #2107 ) ;
#732 = DIRECTION ( 'NONE',  ( 0.000000000000000000, 0.000000000000000000, 1.000000000000000000 ) ) ;
#733 = EDGE_CURVE ( 'NONE', #1311, #417, #227, .T. ) ;
#734 = ORIENTED_EDGE ( 'NONE', *, *, #3550, .T. ) ;
#735 = LINE ( 'NONE', #414, #3874 ) ;
#736 = ORIENTED_EDGE ( 'NONE', *, *, #2865, .T. ) ;
#737 = ORIENTED_EDGE ( 'NONE', *, *, #2438, .F. ) ;
#738 = DIRECTION ( 'NONE',  ( -0.000000000000000000, 0.000000000000000000, 1.000000000000000000 ) ) ;
#739 = EDGE_LOOP ( 'NONE', ( #3963, #3578, #808, #1189 ) ) ;
#740 = CARTESIAN_POINT ( 'NONE',  ( 1.458333333333334147, 1.079999999999999849, -2.708333333333333925 ) ) ;
#741 = PLANE ( 'NONE',  #2480 ) ;
#742 = EDGE_LOOP ( 'NONE', ( #152, #827, #2182, #1626 ) ) ;
#743 = DIRECTION ( 'NONE',  ( 0.000000000000000000, 0.000000000000000000, -1.000000000000000000 ) ) ;
#744 = AXIS2_PLACEMENT_3D ( 'NONE', #964, #1928, #670 ) ;
#745 = VERTEX_POINT ( 'NONE', #567 ) ;
#746 = EDGE_CURVE ( 'NONE', #3008, #400, #3341, .T. ) ;
#747 = ADVANCED_FACE ( 'NONE', ( #3077 ), #805, .T. ) ;
#748 = CARTESIAN_POINT ( 'NONE',  ( 1.700000000000000844, 0.000000000000000000, -2.780625890315197246 ) ) ;
#749 = DIRECTION ( 'NONE',  ( 0.000000000000000000, 1.000000000000000000, 0.000000000000000000 ) ) ;
#750 = LINE ( 'NONE', #3011, #3355 ) ;
#751 = DIRECTION ( 'NONE',  ( 0.000000000000000000, 1.000000000000000000, 0.000000000000000000 ) ) ;
#752 = CARTESIAN_POINT ( 'NONE',  ( -1.524999999999999911, 0.000000000000000000, 3.000000000000000000 ) ) ;
#753 = AXIS2_PLACEMENT_3D ( 'NONE', #3628, #2047, #3321 ) ;
#754 = AXIS2_PLACEMENT_3D ( 'NONE', #3315, #1359, #450 ) ;
#755 = DIRECTION ( 'NONE',  ( -0.000000000000000000, -1.000000000000000000, -0.000000000000000000 ) ) ;
#756 = AXIS2_PLACEMENT_3D ( 'NONE', #3754, #3158, #1922 ) ;
#757 = STYLED_ITEM ( 'NONE', ( #3786 ), #2864 ) ;
#758 = COLOUR_RGB ( '',1.000000000000000000, 0.8117647058823529438, 0.5019607843137254832 ) ;
#759 = AXIS2_PLACEMENT_3D ( 'NONE', #809, #3053, #3074 ) ;
#760 = CYLINDRICAL_SURFACE ( 'NONE', #834, 0.06000000000000015737 ) ;
#761 = CIRCLE ( 'NONE', #690, 0.1166666666666663910 ) ;
#762 = VECTOR ( 'NONE', #2638, 1000.000000000000000 ) ;
#763 = CARTESIAN_POINT ( 'NONE',  ( -1.575000000000000400, 1.079999999999999849, -2.708333333333333037 ) ) ;
#764 = VECTOR ( 'NONE', #2161, 1000.000000000000000 ) ;
#765 = ORIENTED_EDGE ( 'NONE', *, *, #2648, .F. ) ;
#766 = ADVANCED_FACE ( 'NONE', ( #1108 ), #3591, .F. ) ;
#767 = CARTESIAN_POINT ( 'NONE',  ( 0.7500000000000001110, 0.4799999999999999267, -1.600000000000000089 ) ) ;
#768 = PRESENTATION_LAYER_ASSIGNMENT (  '', '', ( #3307 ) ) ;
#769 = ORIENTED_EDGE ( 'NONE', *, *, #1103, .F. ) ;
#770 = CARTESIAN_POINT ( 'NONE',  ( 1.458333333333334147, 0.9599999999999998535, 2.708333333333333481 ) ) ;
#771 = ORIENTED_EDGE ( 'NONE', *, *, #1608, .F. ) ;
#772 = DIRECTION ( 'NONE',  ( 0.000000000000000000, 1.000000000000000000, 0.000000000000000000 ) ) ;
#773 = DIRECTION ( 'NONE',  ( 6.424901762877064481E-16, 0.000000000000000000, 1.000000000000000000 ) ) ;
#774 = DIRECTION ( 'NONE',  ( 1.000000000000000000, 0.000000000000000000, 1.445602896647340613E-14 ) ) ;
#775 = PLANE ( 'NONE',  #954 ) ;
#776 = EDGE_CURVE ( 'NONE', #3379, #3840, #2093, .T. ) ;
#777 = DIRECTION ( 'NONE',  ( 1.000000000000000000, 0.000000000000000000, 0.000000000000000000 ) ) ;
#778 = EDGE_CURVE ( 'NONE', #316, #2933, #446, .T. ) ;
#779 = ADVANCED_FACE ( 'NONE', ( #3573 ), #1413, .T. ) ;
#780 = EDGE_CURVE ( 'NONE', #3934, #2315, #3005, .T. ) ;
#781 = CARTESIAN_POINT ( 'NONE',  ( 1.574999999999999512, -1.720465053408525957, 3.000000000000000000 ) ) ;
#782 = CARTESIAN_POINT ( 'NONE',  ( 1.458333333333334147, 1.079999999999999849, -2.824999999999999734 ) ) ;
#783 = EDGE_CURVE ( 'NONE', #2541, #2020, #2386, .T. ) ;
#784 = ORIENTED_EDGE ( 'NONE', *, *, #2737, .F. ) ;
#785 = CARTESIAN_POINT ( 'NONE',  ( 1.524999999999999467, 0.000000000000000000, -3.000000000000000000 ) ) ;
#786 = ORIENTED_EDGE ( 'NONE', *, *, #973, .F. ) ;
#787 = CARTESIAN_POINT ( 'NONE',  ( -1.060000000000000275, 1.199999999999999956, -2.309999999999999609 ) ) ;
#788 = DIRECTION ( 'NONE',  ( 6.424901762877064481E-16, 0.000000000000000000, -1.000000000000000000 ) ) ;
#789 = ADVANCED_FACE ( 'NONE', ( #3351 ), #496, .T. ) ;
#790 = VERTEX_POINT ( 'NONE', #3881 ) ;
#791 = DIRECTION ( 'NONE',  ( 0.000000000000000000, 0.000000000000000000, -1.000000000000000000 ) ) ;
#792 = EDGE_LOOP ( 'NONE', ( #2384, #4061, #2704, #2437 ) ) ;
#793 = CARTESIAN_POINT ( 'NONE',  ( -0.7500000000000001110, -1.720465053408525957, 1.600000000000000089 ) ) ;
#794 = LINE ( 'NONE', #2065, #3930 ) ;
#795 = DIRECTION ( 'NONE',  ( -0.000000000000000000, 1.000000000000000000, -0.000000000000000000 ) ) ;
#796 = CARTESIAN_POINT ( 'NONE',  ( 1.458333333333334147, 1.020023152615176620, -2.883333333333333304 ) ) ;
#797 = CARTESIAN_POINT ( 'NONE',  ( 1.750000000000000666, 0.000000000000000000, -2.774999999999999911 ) ) ;
#798 = DIRECTION ( 'NONE',  ( -0.000000000000000000, -1.000000000000000000, -0.000000000000000000 ) ) ;
#799 = ADVANCED_FACE ( 'NONE', ( #1026 ), #2304, .F. ) ;
#800 = PLANE ( 'NONE',  #3625 ) ;
#801 = VERTEX_POINT ( 'NONE', #397 ) ;
#802 = CARTESIAN_POINT ( 'NONE',  ( 1.750000000000000666, 0.9599999999999999645, -2.825000000000000178 ) ) ;
#803 = ORIENTED_EDGE ( 'NONE', *, *, #1875, .T. ) ;
#804 = VERTEX_POINT ( 'NONE', #1668 ) ;
#805 = PLANE ( 'NONE',  #2158 ) ;
#806 = ORIENTED_EDGE ( 'NONE', *, *, #3851, .T. ) ;
#807 = VERTEX_POINT ( 'NONE', #1186 ) ;
#808 = ORIENTED_EDGE ( 'NONE', *, *, #2507, .F. ) ;
#809 = CARTESIAN_POINT ( 'NONE',  ( 1.749999999999999334, 0.000000000000000000, 3.000000000000000000 ) ) ;
#810 = DIRECTION ( 'NONE',  ( -1.000000000000000000, 0.000000000000000000, 0.000000000000000000 ) ) ;
#811 = DIRECTION ( 'NONE',  ( 0.000000000000000000, 1.000000000000000000, 0.000000000000000000 ) ) ;
#812 = FACE_OUTER_BOUND ( 'NONE', #3311, .T. ) ;
#813 = ORIENTED_EDGE ( 'NONE', *, *, #3586, .F. ) ;
#814 = MECHANICAL_DESIGN_GEOMETRIC_PRESENTATION_REPRESENTATION (  '', ( #3091 ), #1666 ) ;
#815 = DIRECTION ( 'NONE',  ( 0.000000000000000000, -1.000000000000000000, 0.000000000000000000 ) ) ;
#816 = CARTESIAN_POINT ( 'NONE',  ( -1.700000000000001288, 0.000000000000000000, 1.248926494561820705E-15 ) ) ;
#817 = CARTESIAN_POINT ( 'NONE',  ( -1.574999999999999512, 0.9599999999999999645, -3.000000000000000000 ) ) ;
#818 = DIRECTION ( 'NONE',  ( 0.000000000000000000, 1.000000000000000000, 0.000000000000000000 ) ) ;
#819 = VECTOR ( 'NONE', #1713, 1000.000000000000000 ) ;
#820 = TOROIDAL_SURFACE ( 'NONE', #2680, 0.1150000000000001438, 0.05999999999999999778 ) ;
#821 = DIRECTION ( 'NONE',  ( 0.000000000000000000, 0.000000000000000000, -1.000000000000000000 ) ) ;
#822 = VECTOR ( 'NONE', #1095, 1000.000000000000000 ) ;
#823 = EDGE_CURVE ( 'NONE', #849, #2871, #2464, .T. ) ;
#824 = LINE ( 'NONE', #2155, #2608 ) ;
#825 = VECTOR ( 'NONE', #32, 1000.000000000000000 ) ;
#826 = AXIS2_PLACEMENT_3D ( 'NONE', #2931, #73, #2606 ) ;
#827 = ORIENTED_EDGE ( 'NONE', *, *, #3193, .T. ) ;
#828 = VECTOR ( 'NONE', #3242, 1000.000000000000000 ) ;
#829 = VECTOR ( 'NONE', #1259, 1000.000000000000000 ) ;
#830 = VECTOR ( 'NONE', #600, 1000.000000000000000 ) ;
#831 = ORIENTED_EDGE ( 'NONE', *, *, #3274, .T. ) ;
#832 = ORIENTED_EDGE ( 'NONE', *, *, #2887, .T. ) ;
#833 = ORIENTED_EDGE ( 'NONE', *, *, #1352, .T. ) ;
#834 = AXIS2_PLACEMENT_3D ( 'NONE', #2038, #2664, #2443 ) ;
#835 = DIRECTION ( 'NONE',  ( 0.000000000000000000, 0.000000000000000000, 1.000000000000000000 ) ) ;
#836 = LINE ( 'NONE', #2777, #2690 ) ;
#837 = EDGE_CURVE ( 'NONE', #43, #1213, #1217, .T. ) ;
#838 = ORIENTED_EDGE ( 'NONE', *, *, #2912, .T. ) ;
#839 = EDGE_LOOP ( 'NONE', ( #3653, #1105, #3954, #123 ) ) ;
#840 = DIRECTION ( 'NONE',  ( 0.000000000000000000, 0.000000000000000000, 1.000000000000000000 ) ) ;
#841 = CARTESIAN_POINT ( 'NONE',  ( -1.749999999999999334, 0.4799999999999999267, -3.000000000000000000 ) ) ;
#842 = FILL_AREA_STYLE ('',( #1138 ) ) ;
#843 = CARTESIAN_POINT ( 'NONE',  ( 0.000000000000000000, 0.4799999999999999822, -3.000000000000000000 ) ) ;
#844 = EDGE_CURVE ( 'NONE', #3642, #1376, #2799, .T. ) ;
#845 = DIRECTION ( 'NONE',  ( 0.000000000000000000, 0.000000000000000000, 1.000000000000000000 ) ) ;
#846 = CARTESIAN_POINT ( 'NONE',  ( -1.749999999999999334, 0.9599999999999999645, -3.000000000000000000 ) ) ;
#847 = ORIENTED_EDGE ( 'NONE', *, *, #2051, .T. ) ;
#848 = CARTESIAN_POINT ( 'NONE',  ( -1.749999999999999334, 0.000000000000000000, -2.774999999999999911 ) ) ;
#849 = VERTEX_POINT ( 'NONE', #3829 ) ;
#850 = EDGE_LOOP ( 'NONE', ( #3246, #3872, #813, #4026 ) ) ;
#851 = EDGE_LOOP ( 'NONE', ( #681, #1799, #3956, #803 ) ) ;
#852 = DIRECTION ( 'NONE',  ( -1.000000000000000000, 0.000000000000000000, 0.000000000000000000 ) ) ;
#853 = CARTESIAN_POINT ( 'NONE',  ( 1.749999999999999334, 0.4799999999999999822, 3.000000000000000000 ) ) ;
#854 = EDGE_CURVE ( 'NONE', #705, #537, #1554, .T. ) ;
#855 = CARTESIAN_POINT ( 'NONE',  ( -0.7500000000000001110, 0.4799999999999999267, 1.600000000000000089 ) ) ;
#856 = ORIENTED_EDGE ( 'NONE', *, *, #3919, .F. ) ;
#857 = EDGE_LOOP ( 'NONE', ( #3409, #2705, #3481, #2835, #1445, #2405, #4, #972 ) ) ;
#858 = CARTESIAN_POINT ( 'NONE',  ( 0.7500000000000001110, -1.720465053408525957, 1.600000000000000089 ) ) ;
#859 = CARTESIAN_POINT ( 'NONE',  ( -1.060000000000000275, 1.179999999999999938, -2.309999999999999609 ) ) ;
#860 = SURFACE_STYLE_FILL_AREA ( #842 ) ;
#861 = DIRECTION ( 'NONE',  ( -0.000000000000000000, -1.000000000000000000, -0.000000000000000000 ) ) ;
#862 = EDGE_CURVE ( 'NONE', #2719, #3958, #1643, .T. ) ;
#863 = CARTESIAN_POINT ( 'NONE',  ( -1.060000000000000275, 1.179999999999999938, -2.309999999999999609 ) ) ;
#864 = SURFACE_STYLE_FILL_AREA ( #2444 ) ;
#865 = DIRECTION ( 'NONE',  ( 0.000000000000000000, 0.000000000000000000, 1.000000000000000000 ) ) ;
#866 = DIRECTION ( 'NONE',  ( -0.000000000000000000, -1.000000000000000000, -0.000000000000000000 ) ) ;
#867 = ORIENTED_EDGE ( 'NONE', *, *, #2876, .F. ) ;
#868 = VERTEX_POINT ( 'NONE', #1317 ) ;
#869 = LINE ( 'NONE', #2725, #225 ) ;
#870 = CARTESIAN_POINT ( 'NONE',  ( 1.458333333333334147, 1.020000000000000018, 2.708333333333333481 ) ) ;
#871 = CARTESIAN_POINT ( 'NONE',  ( -1.749999999999999334, 0.4799999999999999267, -3.000000000000000000 ) ) ;
#872 = ORIENTED_EDGE ( 'NONE', *, *, #1241, .F. ) ;
#873 = VERTEX_POINT ( 'NONE', #3849 ) ;
#874 = EDGE_CURVE ( 'NONE', #3230, #2519, #455, .T. ) ;
#875 = DIRECTION ( 'NONE',  ( -0.000000000000000000, -1.000000000000000000, -0.000000000000000000 ) ) ;
#876 = DIRECTION ( 'NONE',  ( -1.000000000000000000, 0.000000000000000000, 0.000000000000000000 ) ) ;
#877 = CARTESIAN_POINT ( 'NONE',  ( -0.7499999999999992228, -1.720465053408525957, 2.949999999999999734 ) ) ;
#878 = ORIENTED_EDGE ( 'NONE', *, *, #2250, .T. ) ;
#879 = DIRECTION ( 'NONE',  ( 0.000000000000000000, 1.000000000000000000, 0.000000000000000000 ) ) ;
#880 = DIRECTION ( 'NONE',  ( -0.000000000000000000, -1.000000000000000000, -0.000000000000000000 ) ) ;
#881 = VERTEX_POINT ( 'NONE', #2591 ) ;
#882 = VECTOR ( 'NONE', #3773, 1000.000000000000000 ) ;
#883 = AXIS2_PLACEMENT_3D ( 'NONE', #324, #369, #1565 ) ;
#884 = CARTESIAN_POINT ( 'NONE',  ( 1.574999999999999956, 7.668771135231173375, 2.708333333333333481 ) ) ;
#885 = CARTESIAN_POINT ( 'NONE',  ( -1.749999999999999334, -1.720465053408525957, -3.000000000000000000 ) ) ;
#886 = VECTOR ( 'NONE', #175, 1000.000000000000000 ) ;
#887 = VECTOR ( 'NONE', #2199, 1000.000000000000000 ) ;
#888 = ADVANCED_FACE ( 'NONE', ( #3866 ), #2311, .T. ) ;
#889 = VECTOR ( 'NONE', #2746, 1000.000000000000000 ) ;
#890 = EDGE_LOOP ( 'NONE', ( #3078, #1046, #546, #1462 ) ) ;
#891 = ORIENTED_EDGE ( 'NONE', *, *, #3675, .F. ) ;
#892 = VERTEX_POINT ( 'NONE', #3244 ) ;
#893 = VECTOR ( 'NONE', #798, 1000.000000000000000 ) ;
#894 = AXIS2_PLACEMENT_3D ( 'NONE', #871, #2709, #1117 ) ;
#895 = CARTESIAN_POINT ( 'NONE',  ( -1.300000000000001155, -0.000000000000000000, -1.299999999999998046 ) ) ;
#896 = DIRECTION ( 'NONE',  ( -1.000000000000000000, -0.000000000000000000, -0.000000000000000000 ) ) ;
#897 = VECTOR ( 'NONE', #1436, 1000.000000000000000 ) ;
#898 =( LENGTH_UNIT ( ) NAMED_UNIT ( * ) SI_UNIT ( .MILLI., .METRE. ) );
#899 = ORIENTED_EDGE ( 'NONE', *, *, #3712, .T. ) ;
#900 = LINE ( 'NONE', #3450, #348 ) ;
#901 = CARTESIAN_POINT ( 'NONE',  ( 0.000000000000000000, 1.079999999999999849, 0.000000000000000000 ) ) ;
#902 = ORIENTED_EDGE ( 'NONE', *, *, #3633, .F. ) ;
#903 = ADVANCED_FACE ( 'NONE', ( #2024 ), #3581, .F. ) ;
#904 = VERTEX_POINT ( 'NONE', #2327 ) ;
#905 =( NAMED_UNIT ( * ) PLANE_ANGLE_UNIT ( ) SI_UNIT ( $, .RADIAN. ) );
#906 = ADVANCED_FACE ( 'NONE', ( #112 ), #2293, .F. ) ;
#907 = FACE_OUTER_BOUND ( 'NONE', #1391, .T. ) ;
#908 = CARTESIAN_POINT ( 'NONE',  ( -1.574999999999999512, 0.9599999999999999645, -3.000000000000000000 ) ) ;
#909 = CARTESIAN_POINT ( 'NONE',  ( 0.7500000000000001110, 2.200465053408525939, 1.600000000000000089 ) ) ;
#910 = ORIENTED_EDGE ( 'NONE', *, *, #2331, .T. ) ;
#911 = EDGE_CURVE ( 'NONE', #4002, #519, #3879, .T. ) ;
#912 = DIRECTION ( 'NONE',  ( 0.000000000000000000, 0.000000000000000000, 1.000000000000000000 ) ) ;
#913 = EDGE_LOOP ( 'NONE', ( #429, #1802, #3590, #2278 ) ) ;
#914 = LINE ( 'NONE', #3464, #3026 ) ;
#915 = DIRECTION ( 'NONE',  ( 0.000000000000000000, 1.000000000000000000, 0.000000000000000000 ) ) ;
#916 = ORIENTED_EDGE ( 'NONE', *, *, #2803, .F. ) ;
#917 = CARTESIAN_POINT ( 'NONE',  ( 0.7500000000000011102, 0.000000000000000000, 4.646580739223597897E-16 ) ) ;
#918 = DIRECTION ( 'NONE',  ( -0.000000000000000000, 1.000000000000000000, -0.000000000000000000 ) ) ;
#919 = CARTESIAN_POINT ( 'NONE',  ( 1.750000000000000666, -1.720465053408525957, 2.825000000000000178 ) ) ;
#920 = LINE ( 'NONE', #2157, #2339 ) ;
#921 = ADVANCED_FACE ( 'NONE', ( #2658 ), #416, .T. ) ;
#922 = FACE_OUTER_BOUND ( 'NONE', #3152, .T. ) ;
#923 = CARTESIAN_POINT ( 'NONE',  ( -0.7499999999999992228, 0.000000000000000000, -2.949999999999999734 ) ) ;
#924 = DIRECTION ( 'NONE',  ( 0.000000000000000000, 1.000000000000000000, 0.000000000000000000 ) ) ;
#925 = EDGE_LOOP ( 'NONE', ( #375, #2255, #2403, #1178, #1987, #1522, #832, #2850 ) ) ;
#926 = VERTEX_POINT ( 'NONE', #3924 ) ;
#927 = FILL_AREA_STYLE_COLOUR ( '', #2357 ) ;
#928 = DIRECTION ( 'NONE',  ( 0.000000000000000000, 0.000000000000000000, -1.000000000000000000 ) ) ;
#929 = DIRECTION ( 'NONE',  ( 0.000000000000000000, 1.000000000000000000, 0.000000000000000000 ) ) ;
#930 = ORIENTED_EDGE ( 'NONE', *, *, #3013, .T. ) ;
#931 = CARTESIAN_POINT ( 'NONE',  ( -1.524999999999999911, -1.720465053408525957, 3.000000000000000000 ) ) ;
#932 = VERTEX_POINT ( 'NONE', #3302 ) ;
#933 = CARTESIAN_POINT ( 'NONE',  ( 1.700000000000000400, 0.000000000000000000, -1.600000000000000533 ) ) ;
#934 = CARTESIAN_POINT ( 'NONE',  ( 1.750000000000000666, 0.4799999999999999822, 2.825000000000000178 ) ) ;
#935 = DIRECTION ( 'NONE',  ( -1.200962406445482005E-16, 0.000000000000000000, -1.000000000000000000 ) ) ;
#936 = VERTEX_POINT ( 'NONE', #3601 ) ;
#937 = DIRECTION ( 'NONE',  ( 1.000000000000000000, 0.000000000000000000, 4.336808689942018229E-16 ) ) ;
#938 = CARTESIAN_POINT ( 'NONE',  ( 1.700000000000000400, -1.720465053408525957, -1.600000000000000533 ) ) ;
#939 = CARTESIAN_POINT ( 'NONE',  ( 1.458333333333334147, 7.707635744030864267, -2.708333333333333925 ) ) ;
#940 = EDGE_CURVE ( 'NONE', #316, #2967, #1981, .T. ) ;
#941 = VECTOR ( 'NONE', #1902, 1000.000000000000000 ) ;
#942 = ADVANCED_FACE ( 'NONE', ( #384 ), #2935, .T. ) ;
#943 = CARTESIAN_POINT ( 'NONE',  ( 1.458333333333334147, 1.079999999999999849, 2.824999999999999289 ) ) ;
#944 = ORIENTED_EDGE ( 'NONE', *, *, #1506, .F. ) ;
#945 = AXIS2_PLACEMENT_3D ( 'NONE', #2247, #280, #2555 ) ;
#946 = ORIENTED_EDGE ( 'NONE', *, *, #2029, .T. ) ;
#947 =( NAMED_UNIT ( * ) PLANE_ANGLE_UNIT ( ) SI_UNIT ( $, .RADIAN. ) );
#948 = CIRCLE ( 'NONE', #3289, 0.2249999999999999500 ) ;
#949 = DIRECTION ( 'NONE',  ( 0.000000000000000000, -0.000000000000000000, 1.000000000000000000 ) ) ;
#950 = EDGE_CURVE ( 'NONE', #519, #3072, #1658, .T. ) ;
#951 = AXIS2_PLACEMENT_3D ( 'NONE', #853, #2645, #1287 ) ;
#952 = VERTEX_POINT ( 'NONE', #1966 ) ;
#953 = CARTESIAN_POINT ( 'NONE',  ( 1.750000000000000666, 0.4799999999999999267, -2.774999999999999911 ) ) ;
#954 = AXIS2_PLACEMENT_3D ( 'NONE', #128, #1342, #1389 ) ;
#955 = VECTOR ( 'NONE', #3422, 1000.000000000000000 ) ;
#956 =( NAMED_UNIT ( * ) SI_UNIT ( $, .STERADIAN. ) SOLID_ANGLE_UNIT ( ) );
#957 = EDGE_CURVE ( 'NONE', #2967, #2563, #2992, .T. ) ;
#958 = CARTESIAN_POINT ( 'NONE',  ( -6.938893903907226405E-16, -0.000000000000000000, 1.599999999999999645 ) ) ;
#959 = VECTOR ( 'NONE', #3393, 1000.000000000000000 ) ;
#960 = AXIS2_PLACEMENT_3D ( 'NONE', #2246, #949, #2831 ) ;
#961 = LINE ( 'NONE', #1566, #486 ) ;
#962 = AXIS2_PLACEMENT_3D ( 'NONE', #3118, #3962, #239 ) ;
#963 = AXIS2_PLACEMENT_3D ( 'NONE', #1416, #1505, #3085 ) ;
#964 = CARTESIAN_POINT ( 'NONE',  ( -1.749999999999999334, 0.000000000000000000, 3.000000000000000000 ) ) ;
#965 = CYLINDRICAL_SURFACE ( 'NONE', #1747, 0.2249999999999999500 ) ;
#966 = PLANE ( 'NONE',  #3228 ) ;
#967 = ORIENTED_EDGE ( 'NONE', *, *, #4036, .F. ) ;
#968 = LINE ( 'NONE', #1609, #2694 ) ;
#969 = DIRECTION ( 'NONE',  ( -0.000000000000000000, 1.000000000000000000, -0.000000000000000000 ) ) ;
#970 = ORIENTED_EDGE ( 'NONE', *, *, #3817, .F. ) ;
#971 = DIRECTION ( 'NONE',  ( -0.000000000000000000, -1.000000000000000000, -0.000000000000000000 ) ) ;
#972 = ORIENTED_EDGE ( 'NONE', *, *, #1423, .T. ) ;
#973 = EDGE_CURVE ( 'NONE', #2393, #3900, #2359, .T. ) ;
#974 = CARTESIAN_POINT ( 'NONE',  ( 1.530625890315196358, 0.000000000000000000, -2.949999999999999734 ) ) ;
#975 = PLANE ( 'NONE',  #155 ) ;
#976 = LINE ( 'NONE', #1238, #3999 ) ;
#977 = LINE ( 'NONE', #2938, #2361 ) ;
#978 = ORIENTED_EDGE ( 'NONE', *, *, #2607, .T. ) ;
#979 = CARTESIAN_POINT ( 'NONE',  ( 1.699999999999999734, 0.000000000000000000, 6.244632472809097608E-16 ) ) ;
#980 = CARTESIAN_POINT ( 'NONE',  ( -1.000000000000000000, -1.720465053408525957, -1.600000000000000311 ) ) ;
#981 = DIRECTION ( 'NONE',  ( -0.000000000000000000, 1.000000000000000000, -0.000000000000000000 ) ) ;
#982 = PLANE ( 'NONE',  #2356 ) ;
#983 = VERTEX_POINT ( 'NONE', #1706 ) ;
#984 = ORIENTED_EDGE ( 'NONE', *, *, #1700, .F. ) ;
#985 = ADVANCED_FACE ( 'NONE', ( #126 ), #686, .F. ) ;
#986 = LINE ( 'NONE', #3269, #3996 ) ;
#987 = PLANE ( 'NONE',  #3608 ) ;
#988 = ORIENTED_EDGE ( 'NONE', *, *, #1476, .F. ) ;
#989 = ORIENTED_EDGE ( 'NONE', *, *, #3449, .T. ) ;
#990 = CARTESIAN_POINT ( 'NONE',  ( 0.000000000000000000, 2.200465053408525939, 2.949999999999999734 ) ) ;
#991 = EDGE_LOOP ( 'NONE', ( #2075, #3445, #3746, #3575 ) ) ;
#992 = CARTESIAN_POINT ( 'NONE',  ( -1.699999999999999289, -1.720465053408525957, 2.780625890315197246 ) ) ;
#993 = DIRECTION ( 'NONE',  ( 0.000000000000000000, 1.000000000000000000, 0.000000000000000000 ) ) ;
#994 = EDGE_CURVE ( 'NONE', #100, #1293, #1348, .T. ) ;
#995 = LINE ( 'NONE', #1538, #491 ) ;
#996 = LINE ( 'NONE', #1628, #89 ) ;
#997 = DIRECTION ( 'NONE',  ( 0.000000000000000000, 0.000000000000000000, 1.000000000000000000 ) ) ;
#998 = FACE_OUTER_BOUND ( 'NONE', #2833, .T. ) ;
#999 = EDGE_LOOP ( 'NONE', ( #2851, #2988, #1087, #3123 ) ) ;
#1000 = EDGE_CURVE ( 'NONE', #745, #705, #1431, .T. ) ;
#1001 = VERTEX_POINT ( 'NONE', #2708 ) ;
#1002 = EDGE_CURVE ( 'NONE', #1979, #1876, #3285, .T. ) ;
#1003 = LINE ( 'NONE', #3197, #158 ) ;
#1004 = ORIENTED_EDGE ( 'NONE', *, *, #3206, .T. ) ;
#1005 = CARTESIAN_POINT ( 'NONE',  ( 1.524999999999999467, 0.000000000000000000, 3.000000000000000000 ) ) ;
#1006 = ORIENTED_EDGE ( 'NONE', *, *, #2547, .F. ) ;
#1007 = VECTOR ( 'NONE', #738, 1000.000000000000000 ) ;
#1008 = DIRECTION ( 'NONE',  ( -0.000000000000000000, 0.000000000000000000, 1.000000000000000000 ) ) ;
#1009 = DIRECTION ( 'NONE',  ( 0.000000000000000000, 1.000000000000000000, 0.000000000000000000 ) ) ;
#1010 = DIRECTION ( 'NONE',  ( -1.836656609649734881E-16, 0.000000000000000000, 1.000000000000000000 ) ) ;
#1011 = AXIS2_PLACEMENT_3D ( 'NONE', #2936, #3925, #146 ) ;
#1012 = CARTESIAN_POINT ( 'NONE',  ( -1.458333333333332815, 7.707635744030864267, 2.883333333333332416 ) ) ;
#1013 = VECTOR ( 'NONE', #1709, 1000.000000000000000 ) ;
#1014 = VECTOR ( 'NONE', #2257, 1000.000000000000000 ) ;
#1015 = CARTESIAN_POINT ( 'NONE',  ( -1.749999999999999334, 0.000000000000000000, 3.000000000000000000 ) ) ;
#1016 = VECTOR ( 'NONE', #47, 1000.000000000000000 ) ;
#1017 = DIRECTION ( 'NONE',  ( -3.673313219299469761E-16, 0.000000000000000000, 1.000000000000000000 ) ) ;
#1018 = AXIS2_PLACEMENT_3D ( 'NONE', #1499, #1177, #182 ) ;
#1019 = DIRECTION ( 'NONE',  ( 0.000000000000000000, 0.000000000000000000, -1.000000000000000000 ) ) ;
#1020 = AXIS2_PLACEMENT_3D ( 'NONE', #2091, #2067, #2052 ) ;
#1021 = FACE_OUTER_BOUND ( 'NONE', #3650, .T. ) ;
#1022 = VERTEX_POINT ( 'NONE', #2081 ) ;
#1023 = ADVANCED_FACE ( 'NONE', ( #2727 ), #3980, .F. ) ;
#1024 = CARTESIAN_POINT ( 'NONE',  ( -1.530625890315196802, -1.720465053408525957, 2.949999999999999734 ) ) ;
#1025 = ADVANCED_FACE ( 'NONE', ( #3515 ), #278, .F. ) ;
#1026 = FACE_OUTER_BOUND ( 'NONE', #2018, .T. ) ;
#1027 = CARTESIAN_POINT ( 'NONE',  ( -1.060000000000000275, 0.6143145750507615910, -2.509999999999999787 ) ) ;
#1028 = CARTESIAN_POINT ( 'NONE',  ( -1.530625890315196580, 2.200465053408525939, 2.949999999999999734 ) ) ;
#1029 = ORIENTED_EDGE ( 'NONE', *, *, #3186, .T. ) ;
#1030 = CARTESIAN_POINT ( 'NONE',  ( 1.749999999999999334, 0.000000000000000000, 3.000000000000000000 ) ) ;
#1031 = ORIENTED_EDGE ( 'NONE', *, *, #1390, .F. ) ;
#1032 = ADVANCED_FACE ( 'NONE', ( #2226 ), #2789, .F. ) ;
#1033 = LINE ( 'NONE', #748, #1480 ) ;
#1034 = DIRECTION ( 'NONE',  ( -0.000000000000000000, -1.000000000000000000, -0.000000000000000000 ) ) ;
#1035 = FACE_OUTER_BOUND ( 'NONE', #925, .T. ) ;
#1036 = ORIENTED_EDGE ( 'NONE', *, *, #1326, .F. ) ;
#1037 = EDGE_CURVE ( 'NONE', #263, #3983, #2015, .T. ) ;
#1038 = ORIENTED_EDGE ( 'NONE', *, *, #733, .T. ) ;
#1039 = FACE_OUTER_BOUND ( 'NONE', #1123, .T. ) ;
#1040 = ORIENTED_EDGE ( 'NONE', *, *, #3252, .F. ) ;
#1041 = LINE ( 'NONE', #3588, #2296 ) ;
#1042 = VERTEX_POINT ( 'NONE', #3501 ) ;
#1043 = EDGE_CURVE ( 'NONE', #731, #873, #2225, .T. ) ;
#1044 = CYLINDRICAL_SURFACE ( 'NONE', #1542, 0.2249999999999999500 ) ;
#1045 = VERTEX_POINT ( 'NONE', #2186 ) ;
#1046 = ORIENTED_EDGE ( 'NONE', *, *, #1765, .T. ) ;
#1047 = ORIENTED_EDGE ( 'NONE', *, *, #2912, .F. ) ;
#1048 = DIRECTION ( 'NONE',  ( 0.000000000000000000, 0.000000000000000000, -1.000000000000000000 ) ) ;
#1049 = ORIENTED_EDGE ( 'NONE', *, *, #3069, .F. ) ;
#1050 = DIRECTION ( 'NONE',  ( 0.000000000000000000, 0.000000000000000000, 1.000000000000000000 ) ) ;
#1051 = DIRECTION ( 'NONE',  ( 0.000000000000000000, -0.000000000000000000, 1.000000000000000000 ) ) ;
#1052 = CARTESIAN_POINT ( 'NONE',  ( -1.530625890315196358, -1.720465053408525957, -2.949999999999999734 ) ) ;
#1053 = DIRECTION ( 'NONE',  ( 6.195440985631456303E-16, 0.000000000000000000, 1.000000000000000000 ) ) ;
#1054 = CARTESIAN_POINT ( 'NONE',  ( -1.693333333333332691, 1.020000000000000018, 2.708333333333333481 ) ) ;
#1055 = CARTESIAN_POINT ( 'NONE',  ( 0.7500000000000011102, 0.000000000000000000, -4.646580739223597897E-16 ) ) ;
#1056 = EDGE_CURVE ( 'NONE', #3795, #804, #1870, .T. ) ;
#1057 = EDGE_CURVE ( 'NONE', #95, #1313, #1071, .T. ) ;
#1058 = ORIENTED_EDGE ( 'NONE', *, *, #1724, .T. ) ;
#1059 = ORIENTED_EDGE ( 'NONE', *, *, #3391, .F. ) ;
#1060 = ADVANCED_FACE ( 'NONE', ( #3156 ), #3750, .F. ) ;
#1061 = VERTEX_POINT ( 'NONE', #661 ) ;
#1062 = DIRECTION ( 'NONE',  ( 0.000000000000000000, 0.000000000000000000, 1.000000000000000000 ) ) ;
#1063 = ORIENTED_EDGE ( 'NONE', *, *, #2029, .F. ) ;
#1064 = DIRECTION ( 'NONE',  ( -0.000000000000000000, -1.000000000000000000, -0.000000000000000000 ) ) ;
#1065 = LINE ( 'NONE', #2348, #3937 ) ;
#1066 = DIRECTION ( 'NONE',  ( -0.000000000000000000, 1.000000000000000000, -0.000000000000000000 ) ) ;
#1067 = CARTESIAN_POINT ( 'NONE',  ( 1.458333333333334147, 0.9599999999999998535, -2.943333333333333357 ) ) ;
#1068 = DIRECTION ( 'NONE',  ( -0.000000000000000000, 1.000000000000000000, -0.000000000000000000 ) ) ;
#1069 = EDGE_CURVE ( 'NONE', #2801, #283, #2513, .T. ) ;
#1070 = DIRECTION ( 'NONE',  ( 0.000000000000000000, 0.000000000000000000, 1.000000000000000000 ) ) ;
#1071 = CIRCLE ( 'NONE', #99, 0.2249999999999999500 ) ;
#1072 = EDGE_CURVE ( 'NONE', #2232, #892, #641, .T. ) ;
#1073 = LINE ( 'NONE', #2360, #1687 ) ;
#1074 = AXIS2_PLACEMENT_3D ( 'NONE', #3189, #311, #1583 ) ;
#1075 = TOROIDAL_SURFACE ( 'NONE', #288, 0.2349999999999994871, 0.05999999999999999778 ) ;
#1076 = DIRECTION ( 'NONE',  ( 0.000000000000000000, 1.000000000000000000, 0.000000000000000000 ) ) ;
#1077 = AXIS2_PLACEMENT_3D ( 'NONE', #3389, #3059, #840 ) ;
#1078 = CIRCLE ( 'NONE', #3684, 0.2249999999999999500 ) ;
#1079 = ORIENTED_EDGE ( 'NONE', *, *, #644, .F. ) ;
#1080 = VECTOR ( 'NONE', #1936, 1000.000000000000000 ) ;
#1081 = AXIS2_PLACEMENT_3D ( 'NONE', #2598, #918, #300 ) ;
#1082 = AXIS2_PLACEMENT_3D ( 'NONE', #2804, #2527, #928 ) ;
#1083 = ORIENTED_EDGE ( 'NONE', *, *, #1200, .F. ) ;
#1084 = DIRECTION ( 'NONE',  ( 1.000000000000000000, 0.000000000000000000, 0.000000000000000000 ) ) ;
#1085 = AXIS2_PLACEMENT_3D ( 'NONE', #590, #3506, #1841 ) ;
#1086 = VERTEX_POINT ( 'NONE', #1248 ) ;
#1087 = ORIENTED_EDGE ( 'NONE', *, *, #1194, .F. ) ;
#1088 = ORIENTED_EDGE ( 'NONE', *, *, #1724, .F. ) ;
#1089 = DIRECTION ( 'NONE',  ( 0.000000000000000000, 0.000000000000000000, -1.000000000000000000 ) ) ;
#1090 = VERTEX_POINT ( 'NONE', #2866 ) ;
#1091 = VERTEX_POINT ( 'NONE', #3476 ) ;
#1092 = DIRECTION ( 'NONE',  ( 0.000000000000000000, 0.000000000000000000, -1.000000000000000000 ) ) ;
#1093 = FILL_AREA_STYLE ('',( #1514 ) ) ;
#1094 = DIRECTION ( 'NONE',  ( 0.000000000000000000, 1.000000000000000000, 0.000000000000000000 ) ) ;
#1095 = DIRECTION ( 'NONE',  ( -0.000000000000000000, 1.000000000000000000, -0.000000000000000000 ) ) ;
#1096 = ADVANCED_FACE ( 'NONE', ( #3781 ), #3182, .F. ) ;
#1097 = DIRECTION ( 'NONE',  ( -1.000000000000000000, 0.000000000000000000, -1.486905836551548832E-16 ) ) ;
#1098 = CARTESIAN_POINT ( 'NONE',  ( -1.699999999999999734, 0.4799999999999999822, -1.600000000000000311 ) ) ;
#1099 = DIRECTION ( 'NONE',  ( 1.601283208593975760E-16, -0.000000000000000000, 1.000000000000000000 ) ) ;
#1100 = ORIENTED_EDGE ( 'NONE', *, *, #1700, .T. ) ;
#1101 = SURFACE_STYLE_FILL_AREA ( #3953 ) ;
#1102 = ORIENTED_EDGE ( 'NONE', *, *, #3716, .F. ) ;
#1103 = EDGE_CURVE ( 'NONE', #2947, #51, #3096, .T. ) ;
#1104 = LINE ( 'NONE', #3330, #1007 ) ;
#1105 = ORIENTED_EDGE ( 'NONE', *, *, #837, .T. ) ;
#1106 = ORIENTED_EDGE ( 'NONE', *, *, #169, .F. ) ;
#1107 = ORIENTED_EDGE ( 'NONE', *, *, #2203, .T. ) ;
#1108 = FACE_OUTER_BOUND ( 'NONE', #655, .T. ) ;
#1109 = DIRECTION ( 'NONE',  ( -0.000000000000000000, -1.000000000000000000, -0.000000000000000000 ) ) ;
#1110 = SHAPE_DEFINITION_REPRESENTATION ( #3226, #2319 ) ;
#1111 = ORIENTED_EDGE ( 'NONE', *, *, #2073, .F. ) ;
#1112 = EDGE_LOOP ( 'NONE', ( #3704, #2169, #2314, #1986 ) ) ;
#1113 = EDGE_LOOP ( 'NONE', ( #3917, #2070, #2724, #1031 ) ) ;
#1114 = LINE ( 'NONE', #2451, #420 ) ;
#1115 = DIRECTION ( 'NONE',  ( 1.000000000000000000, 0.000000000000000000, 4.003208021484949878E-17 ) ) ;
#1116 = DIRECTION ( 'NONE',  ( 0.000000000000000000, 1.000000000000000000, 0.000000000000000000 ) ) ;
#1117 = DIRECTION ( 'NONE',  ( 0.000000000000000000, 0.000000000000000000, -1.000000000000000000 ) ) ;
#1118 = DIRECTION ( 'NONE',  ( 0.000000000000000000, 1.000000000000000000, 0.000000000000000000 ) ) ;
#1119 = CARTESIAN_POINT ( 'NONE',  ( 0.000000000000000000, 1.079999999999999849, 0.000000000000000000 ) ) ;
#1120 = DIRECTION ( 'NONE',  ( -0.000000000000000000, -1.000000000000000000, -0.000000000000000000 ) ) ;
#1121 = DIRECTION ( 'NONE',  ( 4.003208021484939401E-17, 0.000000000000000000, -1.000000000000000000 ) ) ;
#1122 = DIRECTION ( 'NONE',  ( 1.000000000000000000, -0.000000000000000000, 1.486905836551548832E-16 ) ) ;
#1123 = EDGE_LOOP ( 'NONE', ( #3016, #833, #2654, #2771, #2739, #1580, #899, #831, #1255, #3404 ) ) ;
#1124 = CARTESIAN_POINT ( 'NONE',  ( -1.749999999999999334, 0.4799999999999999267, 3.000000000000000000 ) ) ;
#1125 = VERTEX_POINT ( 'NONE', #3793 ) ;
#1126 = ORIENTED_EDGE ( 'NONE', *, *, #2997, .T. ) ;
#1127 = FACE_OUTER_BOUND ( 'NONE', #599, .T. ) ;
#1128 = ADVANCED_FACE ( 'NONE', ( #2205 ), #2470, .F. ) ;
#1129 = EDGE_LOOP ( 'NONE', ( #3092, #669, #1974, #3073 ) ) ;
#1130 = ORIENTED_EDGE ( 'NONE', *, *, #2438, .T. ) ;
#1131 = CARTESIAN_POINT ( 'NONE',  ( -1.575000000000000400, 1.079999999999999849, -2.708333333333333037 ) ) ;
#1132 = DIRECTION ( 'NONE',  ( 0.000000000000000000, 1.000000000000000000, 0.000000000000000000 ) ) ;
#1133 = EDGE_CURVE ( 'NONE', #3008, #2512, #17, .T. ) ;
#1134 = DIRECTION ( 'NONE',  ( -0.000000000000000000, 1.000000000000000000, -0.000000000000000000 ) ) ;
#1135 = CARTESIAN_POINT ( 'NONE',  ( 6.938893903907226405E-16, 0.4799999999999999822, 1.599999999999999645 ) ) ;
#1136 = ORIENTED_EDGE ( 'NONE', *, *, #776, .T. ) ;
#1137 = AXIS2_PLACEMENT_3D ( 'NONE', #846, #3701, #865 ) ;
#1138 = FILL_AREA_STYLE_COLOUR ( '', #3100 ) ;
#1139 = CARTESIAN_POINT ( 'NONE',  ( 1.458333333333334147, 1.020000000000000018, 2.708333333333333481 ) ) ;
#1140 = CIRCLE ( 'NONE', #554, 0.05999999999999994227 ) ;
#1141 = CIRCLE ( 'NONE', #756, 0.001666666666665875957 ) ;
#1142 = CARTESIAN_POINT ( 'NONE',  ( -1.749999999999999334, 0.000000000000000000, 3.000000000000000000 ) ) ;
#1143 = COLOUR_RGB ( '',0.7921568627450980005, 0.8196078431372548767, 0.9333333333333333481 ) ;
#1144 = CARTESIAN_POINT ( 'NONE',  ( -0.7499999999999992228, 0.4799999999999999267, -2.949999999999999734 ) ) ;
#1145 = DIRECTION ( 'NONE',  ( 0.000000000000000000, -0.000000000000000000, 1.000000000000000000 ) ) ;
#1146 = VECTOR ( 'NONE', #3280, 1000.000000000000000 ) ;
#1147 = DIRECTION ( 'NONE',  ( -0.000000000000000000, -1.000000000000000000, -0.000000000000000000 ) ) ;
#1148 = VECTOR ( 'NONE', #167, 1000.000000000000000 ) ;
#1149 = ORIENTED_EDGE ( 'NONE', *, *, #823, .T. ) ;
#1150 = EDGE_CURVE ( 'NONE', #3270, #3709, #3818, .T. ) ;
#1151 = CIRCLE ( 'NONE', #2620, 0.1749999999999993783 ) ;
#1152 = VECTOR ( 'NONE', #3040, 1000.000000000000000 ) ;
#1153 = DIRECTION ( 'NONE',  ( 0.000000000000000000, 0.000000000000000000, 1.000000000000000000 ) ) ;
#1154 = VECTOR ( 'NONE', #3518, 1000.000000000000000 ) ;
#1155 = AXIS2_PLACEMENT_3D ( 'NONE', #2491, #2824, #1848 ) ;
#1156 = VERTEX_POINT ( 'NONE', #1218 ) ;
#1157 = ORIENTED_EDGE ( 'NONE', *, *, #1194, .T. ) ;
#1158 = AXIS2_PLACEMENT_3D ( 'NONE', #3310, #2036, #442 ) ;
#1159 = CARTESIAN_POINT ( 'NONE',  ( -1.700000000000000178, 0.4799999999999999267, 1.600000000000000533 ) ) ;
#1160 = DIRECTION ( 'NONE',  ( 1.000000000000000000, 0.000000000000000000, 0.000000000000000000 ) ) ;
#1161 = CARTESIAN_POINT ( 'NONE',  ( -1.060000000000000275, 1.199999999999999956, -2.109999999999999432 ) ) ;
#1162 = ORIENTED_EDGE ( 'NONE', *, *, #3365, .T. ) ;
#1163 = DIRECTION ( 'NONE',  ( 0.000000000000000000, -0.000000000000000000, -1.000000000000000000 ) ) ;
#1164 = EDGE_CURVE ( 'NONE', #1577, #1188, #3298, .T. ) ;
#1165 = EDGE_CURVE ( 'NONE', #1357, #3844, #3557, .T. ) ;
#1166 = CARTESIAN_POINT ( 'NONE',  ( -1.693333333333333579, 1.020000000000000018, -2.708333333333333037 ) ) ;
#1167 = FACE_OUTER_BOUND ( 'NONE', #3029, .T. ) ;
#1168 = LINE ( 'NONE', #1144, #959 ) ;
#1169 = LINE ( 'NONE', #3719, #3169 ) ;
#1170 = EDGE_LOOP ( 'NONE', ( #2108, #3838, #1703, #1762 ) ) ;
#1171 = FACE_OUTER_BOUND ( 'NONE', #3721, .T. ) ;
#1172 = ORIENTED_EDGE ( 'NONE', *, *, #2068, .T. ) ;
#1173 = EDGE_CURVE ( 'NONE', #2393, #140, #40, .T. ) ;
#1174 = ORIENTED_EDGE ( 'NONE', *, *, #3989, .T. ) ;
#1175 = ORIENTED_EDGE ( 'NONE', *, *, #2582, .T. ) ;
#1176 = DIRECTION ( 'NONE',  ( 1.000000000000000000, -0.000000000000000000, 0.000000000000000000 ) ) ;
#1177 = DIRECTION ( 'NONE',  ( 0.000000000000000000, 0.000000000000000000, 1.000000000000000000 ) ) ;
#1178 = ORIENTED_EDGE ( 'NONE', *, *, #3854, .F. ) ;
#1179 = EDGE_LOOP ( 'NONE', ( #715, #2633, #1552, #3273 ) ) ;
#1180 = CARTESIAN_POINT ( 'NONE',  ( 6.938893903907226405E-16, 0.000000000000000000, 1.599999999999999645 ) ) ;
#1181 = CARTESIAN_POINT ( 'NONE',  ( 1.458333333333334147, 1.020023152615177287, -2.708333333333333925 ) ) ;
#1182 = ADVANCED_FACE ( 'NONE', ( #120 ), #3532, .F. ) ;
#1183 = CARTESIAN_POINT ( 'NONE',  ( -1.060000000000000275, 0.6143145750507615910, -2.109999999999999432 ) ) ;
#1184 = CARTESIAN_POINT ( 'NONE',  ( -1.749999999999999556, 0.4799999999999999267, 2.774999999999999911 ) ) ;
#1185 = VERTEX_POINT ( 'NONE', #3237 ) ;
#1186 = CARTESIAN_POINT ( 'NONE',  ( -1.749999999999999334, 0.000000000000000000, -2.825000000000000178 ) ) ;
#1187 = DIRECTION ( 'NONE',  ( -4.003208021484940018E-17, 0.000000000000000000, 1.000000000000000000 ) ) ;
#1188 = VERTEX_POINT ( 'NONE', #1358 ) ;
#1189 = ORIENTED_EDGE ( 'NONE', *, *, #1586, .F. ) ;
#1190 = ORIENTED_EDGE ( 'NONE', *, *, #1150, .F. ) ;
#1191 = EDGE_CURVE ( 'NONE', #2722, #141, #54, .T. ) ;
#1192 = CARTESIAN_POINT ( 'NONE',  ( -1.574999999999999512, 0.4799999999999999822, 3.000000000000000000 ) ) ;
#1193 = DIRECTION ( 'NONE',  ( 0.000000000000000000, 0.000000000000000000, -1.000000000000000000 ) ) ;
#1194 = EDGE_CURVE ( 'NONE', #2309, #297, #2672, .T. ) ;
#1195 = PLANE ( 'NONE',  #4077 ) ;
#1196 = EDGE_CURVE ( 'NONE', #140, #665, #2033, .T. ) ;
#1197 = DIRECTION ( 'NONE',  ( 0.7071067811865510144, -0.000000000000000000, -0.7071067811865441310 ) ) ;
#1198 = ADVANCED_FACE ( 'NONE', ( #2630 ), #2911, .F. ) ;
#1199 = AXIS2_PLACEMENT_3D ( 'NONE', #2596, #2995, #732 ) ;
#1200 = EDGE_CURVE ( 'NONE', #2512, #1370, #2336, .T. ) ;
#1201 = DIRECTION ( 'NONE',  ( -1.000000000000000000, 0.000000000000000000, 0.000000000000000000 ) ) ;
#1202 = PLANE ( 'NONE',  #3794 ) ;
#1203 = CIRCLE ( 'NONE', #3679, 0.2000000000000000944 ) ;
#1204 = EDGE_CURVE ( 'NONE', #3205, #745, #2966, .T. ) ;
#1205 = DIRECTION ( 'NONE',  ( 0.000000000000000000, 0.000000000000000000, 1.000000000000000000 ) ) ;
#1206 = CARTESIAN_POINT ( 'NONE',  ( 1.574999999999999512, 0.000000000000000000, 3.000000000000000000 ) ) ;
#1207 = AXIS2_PLACEMENT_3D ( 'NONE', #3477, #1615, #2848 ) ;
#1208 = FACE_OUTER_BOUND ( 'NONE', #3536, .T. ) ;
#1209 = CARTESIAN_POINT ( 'NONE',  ( -1.458333333333332815, 7.707635744030864267, 2.708333333333333481 ) ) ;
#1210 = AXIS2_PLACEMENT_3D ( 'NONE', #2926, #3208, #69 ) ;
#1211 = AXIS2_PLACEMENT_3D ( 'NONE', #1451, #2730, #3767 ) ;
#1212 = ORIENTED_EDGE ( 'NONE', *, *, #1164, .T. ) ;
#1213 = VERTEX_POINT ( 'NONE', #2320 ) ;
#1214 = ORIENTED_EDGE ( 'NONE', *, *, #2796, .F. ) ;
#1215 = ORIENTED_EDGE ( 'NONE', *, *, #2190, .T. ) ;
#1216 = CIRCLE ( 'NONE', #2487, 0.1150000000000000883 ) ;
#1217 = CIRCLE ( 'NONE', #2288, 0.2249999999999999500 ) ;
#1218 = CARTESIAN_POINT ( 'NONE',  ( 1.574999999999999956, 1.079999999999999849, 2.708333333333333481 ) ) ;
#1219 = VERTEX_POINT ( 'NONE', #427 ) ;
#1220 = CARTESIAN_POINT ( 'NONE',  ( -1.749999999999999334, 0.000000000000000000, -3.000000000000000000 ) ) ;
#1221 = AXIS2_PLACEMENT_3D ( 'NONE', #3734, #133, #463 ) ;
#1222 = PLANE ( 'NONE',  #2755 ) ;
#1223 = EDGE_CURVE ( 'NONE', #183, #3350, #377, .T. ) ;
#1224 = LINE ( 'NONE', #253, #2472 ) ;
#1225 = DIRECTION ( 'NONE',  ( 6.195440985631456303E-16, 0.000000000000000000, -1.000000000000000000 ) ) ;
#1226 = CARTESIAN_POINT ( 'NONE',  ( -0.7500000000000001110, 0.4799999999999999822, 1.600000000000000089 ) ) ;
#1227 = CARTESIAN_POINT ( 'NONE',  ( 1.699999999999999956, 0.000000000000000000, 2.780625890315197246 ) ) ;
#1228 = DIRECTION ( 'NONE',  ( -1.000000000000000000, 0.000000000000000000, 4.336808689942018229E-16 ) ) ;
#1229 = EDGE_LOOP ( 'NONE', ( #1172, #2678, #916, #580 ) ) ;
#1230 = EDGE_CURVE ( 'NONE', #500, #892, #3210, .T. ) ;
#1231 = CARTESIAN_POINT ( 'NONE',  ( -1.749999999999999334, 0.4799999999999999267, 3.000000000000000000 ) ) ;
#1232 = FACE_OUTER_BOUND ( 'NONE', #3002, .T. ) ;
#1233 = EDGE_CURVE ( 'NONE', #412, #3500, #986, .T. ) ;
#1234 = ORIENTED_EDGE ( 'NONE', *, *, #472, .T. ) ;
#1235 = VERTEX_POINT ( 'NONE', #1290 ) ;
#1236 = DIRECTION ( 'NONE',  ( -0.000000000000000000, 1.000000000000000000, -0.000000000000000000 ) ) ;
#1237 = EDGE_CURVE ( 'NONE', #1372, #1185, #2568, .T. ) ;
#1238 = CARTESIAN_POINT ( 'NONE',  ( 0.000000000000000000, -0.000000000000000000, -2.949999999999999734 ) ) ;
#1239 = LINE ( 'NONE', #2236, #2973 ) ;
#1240 = CARTESIAN_POINT ( 'NONE',  ( -1.458333333333333703, 1.079999999999999849, -2.824999999999999289 ) ) ;
#1241 = EDGE_CURVE ( 'NONE', #2701, #2722, #2251, .T. ) ;
#1242 = CARTESIAN_POINT ( 'NONE',  ( 1.458333333333334147, 1.199999999999999956, -2.708333333333333925 ) ) ;
#1243 = CARTESIAN_POINT ( 'NONE',  ( 0.000000000000000000, 0.000000000000000000, 2.949999999999999734 ) ) ;
#1244 = CARTESIAN_POINT ( 'NONE',  ( -1.530625890315196358, 0.4799999999999999267, -2.949999999999999734 ) ) ;
#1245 = EDGE_LOOP ( 'NONE', ( #105, #392, #1083, #2456 ) ) ;
#1246 = ORIENTED_EDGE ( 'NONE', *, *, #844, .F. ) ;
#1247 = ADVANCED_FACE ( 'NONE', ( #1579 ), #3143, .T. ) ;
#1248 = CARTESIAN_POINT ( 'NONE',  ( 1.750000000000000666, 0.000000000000000000, 2.774999999999999911 ) ) ;
#1249 = CARTESIAN_POINT ( 'NONE',  ( 1.458333333333334147, 1.020000000000000018, -2.708333333333333925 ) ) ;
#1250 = ORIENTED_EDGE ( 'NONE', *, *, #1223, .F. ) ;
#1251 = CARTESIAN_POINT ( 'NONE',  ( 1.700000000000000178, 0.000000000000000000, 1.600000000000000311 ) ) ;
#1252 = ORIENTED_EDGE ( 'NONE', *, *, #3254, .F. ) ;
#1253 = EDGE_CURVE ( 'NONE', #2286, #3271, #2230, .T. ) ;
#1254 = DIRECTION ( 'NONE',  ( 1.000000000000000000, 0.000000000000000000, 4.336808689942017736E-16 ) ) ;
#1255 = ORIENTED_EDGE ( 'NONE', *, *, #1363, .T. ) ;
#1256 = EDGE_CURVE ( 'NONE', #3145, #141, #3174, .T. ) ;
#1257 = CARTESIAN_POINT ( 'NONE',  ( -1.458333333333333703, 1.020023152615176620, -2.708333333333333037 ) ) ;
#1258 = VERTEX_POINT ( 'NONE', #2852 ) ;
#1259 = DIRECTION ( 'NONE',  ( -0.000000000000000000, 1.000000000000000000, -0.000000000000000000 ) ) ;
#1260 = DIRECTION ( 'NONE',  ( 4.565061778886335030E-16, 0.000000000000000000, -1.000000000000000000 ) ) ;
#1261 = DIRECTION ( 'NONE',  ( 0.000000000000000000, 1.000000000000000000, 0.000000000000000000 ) ) ;
#1262 = AXIS2_PLACEMENT_3D ( 'NONE', #435, #2574, #1387 ) ;
#1263 = ADVANCED_FACE ( 'NONE', ( #2870 ), #664, .F. ) ;
#1264 =( GEOMETRIC_REPRESENTATION_CONTEXT ( 3 ) GLOBAL_UNCERTAINTY_ASSIGNED_CONTEXT ( ( #1756 ) ) GLOBAL_UNIT_ASSIGNED_CONTEXT ( ( #3162, #6, #956 ) ) REPRESENTATION_CONTEXT ( 'NONE', 'WORKASPACE' ) );
#1265 = CIRCLE ( 'NONE', #1815, 0.2249999999999995060 ) ;
#1266 = CARTESIAN_POINT ( 'NONE',  ( 1.700000000000000178, 2.200465053408525939, 2.780625890315197246 ) ) ;
#1267 = AXIS2_PLACEMENT_3D ( 'NONE', #323, #1009, #1296 ) ;
#1268 = DIRECTION ( 'NONE',  ( -0.000000000000000000, -1.000000000000000000, -0.000000000000000000 ) ) ;
#1269 = ORIENTED_EDGE ( 'NONE', *, *, #1868, .T. ) ;
#1270 = CARTESIAN_POINT ( 'NONE',  ( -1.749999999999999334, 0.4799999999999999822, -3.000000000000000000 ) ) ;
#1271 = VECTOR ( 'NONE', #12, 1000.000000000000000 ) ;
#1272 = AXIS2_PLACEMENT_3D ( 'NONE', #94, #2624, #330 ) ;
#1273 = CIRCLE ( 'NONE', #3695, 0.1749999999999998224 ) ;
#1274 = DIRECTION ( 'NONE',  ( 0.000000000000000000, -1.000000000000000000, 0.000000000000000000 ) ) ;
#1275 = CARTESIAN_POINT ( 'NONE',  ( -0.7499999999999992228, 2.200465053408525939, 2.949999999999999734 ) ) ;
#1276 = AXIS2_PLACEMENT_3D ( 'NONE', #1242, #2578, #997 ) ;
#1277 = VECTOR ( 'NONE', #4065, 1000.000000000000000 ) ;
#1278 = AXIS2_PLACEMENT_3D ( 'NONE', #497, #1761, #1825 ) ;
#1279 = DIRECTION ( 'NONE',  ( 0.000000000000000000, -1.000000000000000000, 0.000000000000000000 ) ) ;
#1280 = ORIENTED_EDGE ( 'NONE', *, *, #3455, .F. ) ;
#1281 = VECTOR ( 'NONE', #3328, 1000.000000000000000 ) ;
#1282 = DIRECTION ( 'NONE',  ( -0.000000000000000000, -1.000000000000000000, -0.000000000000000000 ) ) ;
#1283 = FACE_OUTER_BOUND ( 'NONE', #2506, .T. ) ;
#1284 = CARTESIAN_POINT ( 'NONE',  ( 0.7499999999999992228, 0.000000000000000000, -2.949999999999999734 ) ) ;
#1285 = PLANE ( 'NONE',  #3616 ) ;
#1286 = ORIENTED_EDGE ( 'NONE', *, *, #2687, .T. ) ;
#1287 = DIRECTION ( 'NONE',  ( 0.000000000000000000, 0.000000000000000000, 1.000000000000000000 ) ) ;
#1288 = ORIENTED_EDGE ( 'NONE', *, *, #1938, .F. ) ;
#1289 = EDGE_CURVE ( 'NONE', #1219, #3512, #264, .T. ) ;
#1290 = CARTESIAN_POINT ( 'NONE',  ( -1.458333333333332815, 1.079999999999999849, 2.825000000000000178 ) ) ;
#1291 = CARTESIAN_POINT ( 'NONE',  ( 1.458333333333334147, 1.020023152615176620, 2.708333333333333481 ) ) ;
#1292 = VERTEX_POINT ( 'NONE', #953 ) ;
#1293 = VERTEX_POINT ( 'NONE', #2188 ) ;
#1294 = CARTESIAN_POINT ( 'NONE',  ( -1.000000000000001110, 0.4799999999999999822, -1.600000000000000089 ) ) ;
#1295 = DIRECTION ( 'NONE',  ( 0.000000000000000000, 0.000000000000000000, 1.000000000000000000 ) ) ;
#1296 = DIRECTION ( 'NONE',  ( 0.000000000000000000, -0.000000000000000000, 1.000000000000000000 ) ) ;
#1297 = DIRECTION ( 'NONE',  ( -1.445602896647340928E-14, -4.017113713264365525E-16, 1.000000000000000000 ) ) ;
#1298 = EDGE_CURVE ( 'NONE', #3535, #3899, #2559, .T. ) ;
#1299 = CYLINDRICAL_SURFACE ( 'NONE', #3487, 0.1166666666666668351 ) ;
#1300 = DIRECTION ( 'NONE',  ( 0.000000000000000000, 0.000000000000000000, -1.000000000000000000 ) ) ;
#1301 = CARTESIAN_POINT ( 'NONE',  ( 1.700000000000000400, 0.4799999999999999267, -1.600000000000000533 ) ) ;
#1302 = DIRECTION ( 'NONE',  ( 1.000000000000000000, 0.000000000000000000, 0.000000000000000000 ) ) ;
#1303 = DIRECTION ( 'NONE',  ( 0.000000000000000000, 0.000000000000000000, -1.000000000000000000 ) ) ;
#1304 = ORIENTED_EDGE ( 'NONE', *, *, #2388, .T. ) ;
#1305 = EDGE_CURVE ( 'NONE', #2900, #983, #2899, .T. ) ;
#1306 = LINE ( 'NONE', #1024, #2100 ) ;
#1307 = ORIENTED_EDGE ( 'NONE', *, *, #1712, .T. ) ;
#1308 = DIRECTION ( 'NONE',  ( 0.000000000000000000, -1.000000000000000000, 0.000000000000000000 ) ) ;
#1309 = PRESENTATION_STYLE_ASSIGNMENT (( #3617 ) ) ;
#1310 = EDGE_LOOP ( 'NONE', ( #1374, #3440, #287, #3195 ) ) ;
#1311 = VERTEX_POINT ( 'NONE', #2807 ) ;
#1312 = CARTESIAN_POINT ( 'NONE',  ( 1.458333333333334147, 1.020023152615176620, -2.708333333333333925 ) ) ;
#1313 = VERTEX_POINT ( 'NONE', #4066 ) ;
#1314 = EDGE_CURVE ( 'NONE', #3434, #43, #322, .T. ) ;
#1315 = CARTESIAN_POINT ( 'NONE',  ( -1.458333333333332815, 1.020000000000000018, 2.708333333333333481 ) ) ;
#1316 = FILL_AREA_STYLE_COLOUR ( '', #4069 ) ;
#1317 = CARTESIAN_POINT ( 'NONE',  ( 1.700000000000000844, 0.4799999999999999822, -2.780625890315197246 ) ) ;
#1318 = DIRECTION ( 'NONE',  ( -0.000000000000000000, -1.000000000000000000, -0.000000000000000000 ) ) ;
#1319 = EDGE_CURVE ( 'NONE', #1293, #1001, #1536, .T. ) ;
#1320 = DIRECTION ( 'NONE',  ( -0.000000000000000000, -0.000000000000000000, 1.000000000000000000 ) ) ;
#1321 = DIRECTION ( 'NONE',  ( -4.565061778886334044E-16, 0.000000000000000000, -1.000000000000000000 ) ) ;
#1322 = CARTESIAN_POINT ( 'NONE',  ( -1.460000000000000187, 1.084999999999999742, -2.708333333333333037 ) ) ;
#1323 = ORIENTED_EDGE ( 'NONE', *, *, #1532, .T. ) ;
#1324 = EDGE_LOOP ( 'NONE', ( #1029, #1567, #970, #77, #2652, #658, #3184, #1763, #910 ) ) ;
#1325 = CIRCLE ( 'NONE', #3540, 0.05999999999999994227 ) ;
#1326 = EDGE_CURVE ( 'NONE', #1045, #2928, #2148, .T. ) ;
#1327 = ORIENTED_EDGE ( 'NONE', *, *, #3111, .T. ) ;
#1328 = CLOSED_SHELL ( 'NONE', ( #1182, #3348, #2375, #184, #374, #906, #3194, #2013, #1263, #3562, #2923 ) ) ;
#1329 = DIRECTION ( 'NONE',  ( 0.000000000000000000, 0.000000000000000000, 1.000000000000000000 ) ) ;
#1330 = CARTESIAN_POINT ( 'NONE',  ( -6.938893903907226405E-16, 2.200465053408525939, 1.599999999999999645 ) ) ;
#1331 = FACE_OUTER_BOUND ( 'NONE', #2061, .T. ) ;
#1332 = AXIS2_PLACEMENT_3D ( 'NONE', #1982, #1406, #481 ) ;
#1333 = DIRECTION ( 'NONE',  ( 0.000000000000000000, 0.000000000000000000, 1.000000000000000000 ) ) ;
#1334 = ORIENTED_EDGE ( 'NONE', *, *, #1711, .F. ) ;
#1335 = AXIS2_PLACEMENT_3D ( 'NONE', #2045, #3577, #3537 ) ;
#1336 = AXIS2_PLACEMENT_3D ( 'NONE', #1926, #1599, #3787 ) ;
#1337 = FILL_AREA_STYLE ('',( #1316 ) ) ;
#1338 = CARTESIAN_POINT ( 'NONE',  ( -1.458333333333333703, 1.084999999999880282, -2.708333333333333037 ) ) ;
#1339 = MECHANICAL_DESIGN_GEOMETRIC_PRESENTATION_REPRESENTATION (  '', ( #687 ), #1264 ) ;
#1340 = DIRECTION ( 'NONE',  ( 1.000000000000000000, 0.000000000000000000, -1.486905836551548832E-16 ) ) ;
#1341 =( LENGTH_UNIT ( ) NAMED_UNIT ( * ) SI_UNIT ( .MILLI., .METRE. ) );
#1342 = DIRECTION ( 'NONE',  ( 1.000000000000000000, 0.000000000000000000, 4.336808689942006692E-15 ) ) ;
#1343 = VECTOR ( 'NONE', #50, 1000.000000000000000 ) ;
#1344 = ORIENTED_EDGE ( 'NONE', *, *, #213, .T. ) ;
#1345 = AXIS2_PLACEMENT_3D ( 'NONE', #78, #3886, #726 ) ;
#1346 = AXIS2_PLACEMENT_3D ( 'NONE', #1593, #1268, #337 ) ;
#1347 = CARTESIAN_POINT ( 'NONE',  ( 0.7499999999999992228, 0.000000000000000000, -2.949999999999999734 ) ) ;
#1348 = CIRCLE ( 'NONE', #34, 0.1749999999999993783 ) ;
#1349 = CARTESIAN_POINT ( 'NONE',  ( 1.749999999999999334, 0.000000000000000000, 3.000000000000000000 ) ) ;
#1350 = ADVANCED_FACE ( 'NONE', ( #3784 ), #340, .T. ) ;
#1351 = AXIS2_PLACEMENT_3D ( 'NONE', #1775, #2378, #3927 ) ;
#1352 = EDGE_CURVE ( 'NONE', #3474, #2120, #1873, .T. ) ;
#1353 = EDGE_LOOP ( 'NONE', ( #3559, #3655, #570, #4062, #2669, #339, #2951, #3710 ) ) ;
#1354 = AXIS2_PLACEMENT_3D ( 'NONE', #863, #2113, #2130 ) ;
#1355 = DIRECTION ( 'NONE',  ( -0.000000000000000000, 1.000000000000000000, -0.000000000000000000 ) ) ;
#1356 = EDGE_CURVE ( 'NONE', #2774, #297, #1141, .T. ) ;
#1357 = VERTEX_POINT ( 'NONE', #3200 ) ;
#1358 = CARTESIAN_POINT ( 'NONE',  ( -1.574999999999999734, 1.085000000000001741, 2.708333333333334370 ) ) ;
#1359 = DIRECTION ( 'NONE',  ( 0.000000000000000000, -1.000000000000000000, 0.000000000000000000 ) ) ;
#1360 = DIRECTION ( 'NONE',  ( 0.000000000000000000, 0.000000000000000000, 1.000000000000000000 ) ) ;
#1361 = ORIENTED_EDGE ( 'NONE', *, *, #1057, .T. ) ;
#1362 = FACE_OUTER_BOUND ( 'NONE', #622, .T. ) ;
#1363 = EDGE_CURVE ( 'NONE', #2223, #3554, #1409, .T. ) ;
#1364 = CARTESIAN_POINT ( 'NONE',  ( 1.458333333333334147, 1.084999999999999742, -2.824999999999999734 ) ) ;
#1365 = CARTESIAN_POINT ( 'NONE',  ( -6.938893903907226405E-16, 0.4799999999999999822, 1.599999999999999645 ) ) ;
#1366 =( NAMED_UNIT ( * ) SI_UNIT ( $, .STERADIAN. ) SOLID_ANGLE_UNIT ( ) );
#1367 = CARTESIAN_POINT ( 'NONE',  ( -1.693333333333332691, 0.9599999999999998535, 2.708333333333333481 ) ) ;
#1368 = ORIENTED_EDGE ( 'NONE', *, *, #3410, .T. ) ;
#1369 = CARTESIAN_POINT ( 'NONE',  ( -1.458333333333332815, 7.668771135231173375, 2.825000000000000178 ) ) ;
#1370 = VERTEX_POINT ( 'NONE', #1251 ) ;
#1371 = EDGE_CURVE ( 'NONE', #1086, #3251, #900, .T. ) ;
#1372 = VERTEX_POINT ( 'NONE', #3796 ) ;
#1373 = CARTESIAN_POINT ( 'NONE',  ( 1.574999999999999956, 1.079999999999999849, 2.708333333333333481 ) ) ;
#1374 = ORIENTED_EDGE ( 'NONE', *, *, #1975, .F. ) ;
#1375 = EDGE_CURVE ( 'NONE', #1001, #3270, #617, .T. ) ;
#1376 = VERTEX_POINT ( 'NONE', #1005 ) ;
#1377 = EDGE_CURVE ( 'NONE', #2072, #1675, #3427, .T. ) ;
#1378 = DIRECTION ( 'NONE',  ( 3.673313219299469761E-16, 0.000000000000000000, -1.000000000000000000 ) ) ;
#1379 = DIRECTION ( 'NONE',  ( 0.000000000000000000, 1.000000000000000000, 0.000000000000000000 ) ) ;
#1380 = APPLICATION_PROTOCOL_DEFINITION ( 'draft international standard', 'automotive_design', 1998, #1729 ) ;
#1381 = ORIENTED_EDGE ( 'NONE', *, *, #3662, .T. ) ;
#1382 = LINE ( 'NONE', #3992, #2551 ) ;
#1383 = CARTESIAN_POINT ( 'NONE',  ( -1.699999999999999734, 0.000000000000000000, 1.600000000000000311 ) ) ;
#1384 = ORIENTED_EDGE ( 'NONE', *, *, #1223, .T. ) ;
#1385 = PLANE ( 'NONE',  #1616 ) ;
#1386 = DIRECTION ( 'NONE',  ( 0.000000000000000000, 1.000000000000000000, 0.000000000000000000 ) ) ;
#1387 = DIRECTION ( 'NONE',  ( 0.000000000000000000, 0.000000000000000000, 1.000000000000000000 ) ) ;
#1388 = CARTESIAN_POINT ( 'NONE',  ( 1.633333333333333970, 1.020023152615177509, 2.708333333333333481 ) ) ;
#1389 = DIRECTION ( 'NONE',  ( 4.336808689942006692E-15, 0.000000000000000000, -1.000000000000000000 ) ) ;
#1390 = EDGE_CURVE ( 'NONE', #387, #500, #2881, .T. ) ;
#1391 = EDGE_LOOP ( 'NONE', ( #2884, #1049, #2700, #1461 ) ) ;
#1392 = DIRECTION ( 'NONE',  ( 0.000000000000000000, 0.000000000000000000, -1.000000000000000000 ) ) ;
#1393 = ADVANCED_FACE ( 'NONE', ( #2588 ), #2634, .F. ) ;
#1394 = ORIENTED_EDGE ( 'NONE', *, *, #2681, .F. ) ;
#1395 = LINE ( 'NONE', #2175, #1627 ) ;
#1396 = DIRECTION ( 'NONE',  ( -1.000000000000000000, 0.000000000000000000, 0.000000000000000000 ) ) ;
#1397 = DIRECTION ( 'NONE',  ( 0.000000000000000000, 0.000000000000000000, 1.000000000000000000 ) ) ;
#1398 = DIRECTION ( 'NONE',  ( 0.000000000000000000, -0.000000000000000000, 1.000000000000000000 ) ) ;
#1399 = ORIENTED_EDGE ( 'NONE', *, *, #2991, .F. ) ;
#1400 = EDGE_CURVE ( 'NONE', #3541, #137, #88, .T. ) ;
#1401 = ORIENTED_EDGE ( 'NONE', *, *, #2649, .T. ) ;
#1402 = CARTESIAN_POINT ( 'NONE',  ( -1.458333333333333703, 1.020023152615177064, -2.823333333333333250 ) ) ;
#1403 = VERTEX_POINT ( 'NONE', #1995 ) ;
#1404 = EDGE_LOOP ( 'NONE', ( #3446, #3284, #1107, #1611 ) ) ;
#1405 = DIRECTION ( 'NONE',  ( -0.000000000000000000, -1.000000000000000000, -0.000000000000000000 ) ) ;
#1406 = DIRECTION ( 'NONE',  ( -0.000000000000000000, 1.000000000000000000, -0.000000000000000000 ) ) ;
#1407 = CIRCLE ( 'NONE', #2214, 0.1749999999999998224 ) ;
#1408 = CARTESIAN_POINT ( 'NONE',  ( 0.7499999999999992228, 0.4799999999999999267, -2.949999999999999734 ) ) ;
#1409 = CIRCLE ( 'NONE', #3023, 0.2249999999999999500 ) ;
#1410 = AXIS2_PLACEMENT_3D ( 'NONE', #180, #1132, #3054 ) ;
#1411 = VECTOR ( 'NONE', #2780, 1000.000000000000000 ) ;
#1412 = AXIS2_PLACEMENT_3D ( 'NONE', #1882, #3465, #1097 ) ;
#1413 = TOROIDAL_SURFACE ( 'NONE', #2549, 0.001666666666665970933, 0.1149999999999999911 ) ;
#1414 = LINE ( 'NONE', #2458, #2760 ) ;
#1415 = STYLED_ITEM ( 'NONE', ( #3181 ), #3180 ) ;
#1416 = CARTESIAN_POINT ( 'NONE',  ( -1.458333333333333703, 0.9599999999999998535, -2.708333333333333037 ) ) ;
#1417 = ADVANCED_FACE ( 'NONE', ( #380 ), #3907, .T. ) ;
#1418 = VECTOR ( 'NONE', #1469, 1000.000000000000000 ) ;
#1419 = CARTESIAN_POINT ( 'NONE',  ( -1.060000000000000275, 1.179999999999999938, -2.109999999999999432 ) ) ;
#1420 = ORIENTED_EDGE ( 'NONE', *, *, #2068, .F. ) ;
#1421 = AXIS2_PLACEMENT_3D ( 'NONE', #2146, #2754, #3713 ) ;
#1422 = ORIENTED_EDGE ( 'NONE', *, *, #3391, .T. ) ;
#1423 = EDGE_CURVE ( 'NONE', #592, #22, #703, .T. ) ;
#1424 = EDGE_LOOP ( 'NONE', ( #2468, #376, #3894, #3159 ) ) ;
#1425 = DIRECTION ( 'NONE',  ( -6.424901762877064481E-16, 0.000000000000000000, 1.000000000000000000 ) ) ;
#1426 = ORIENTED_EDGE ( 'NONE', *, *, #4036, .T. ) ;
#1427 = ORIENTED_EDGE ( 'NONE', *, *, #4076, .F. ) ;
#1428 = ADVANCED_FACE ( 'NONE', ( #2324 ), #1654, .T. ) ;
#1429 = CARTESIAN_POINT ( 'NONE',  ( 0.7500000000000001110, 0.000000000000000000, 1.600000000000000089 ) ) ;
#1430 = LINE ( 'NONE', #434, #1543 ) ;
#1431 = LINE ( 'NONE', #1768, #3691 ) ;
#1432 = DIRECTION ( 'NONE',  ( 0.000000000000000000, -1.000000000000000000, 0.000000000000000000 ) ) ;
#1433 = LINE ( 'NONE', #2728, #627 ) ;
#1434 = CARTESIAN_POINT ( 'NONE',  ( 1.749999999999999334, -1.720465053408525957, 3.000000000000000000 ) ) ;
#1435 = DIRECTION ( 'NONE',  ( -1.000000000000000000, 0.000000000000000000, 0.000000000000000000 ) ) ;
#1436 = DIRECTION ( 'NONE',  ( -0.000000000000000000, -1.000000000000000000, -0.000000000000000000 ) ) ;
#1437 = CARTESIAN_POINT ( 'NONE',  ( 0.7500000000000001110, -1.720465053408525957, -1.600000000000000089 ) ) ;
#1438 = LINE ( 'NONE', #2718, #819 ) ;
#1439 = ORIENTED_EDGE ( 'NONE', *, *, #1241, .T. ) ;
#1440 = EDGE_CURVE ( 'NONE', #537, #1577, #558, .T. ) ;
#1441 = CARTESIAN_POINT ( 'NONE',  ( 1.575000000000000178, 1.085000000000001741, -2.708333333333333925 ) ) ;
#1442 = ORIENTED_EDGE ( 'NONE', *, *, #733, .F. ) ;
#1443 = DIRECTION ( 'NONE',  ( -0.000000000000000000, -1.000000000000000000, -0.000000000000000000 ) ) ;
#1444 = ORIENTED_EDGE ( 'NONE', *, *, #994, .T. ) ;
#1445 = ORIENTED_EDGE ( 'NONE', *, *, #1476, .T. ) ;
#1446 = CYLINDRICAL_SURFACE ( 'NONE', #159, 0.06000000000000015737 ) ;
#1447 = DIRECTION ( 'NONE',  ( 0.000000000000000000, 0.000000000000000000, 1.000000000000000000 ) ) ;
#1448 = PRESENTATION_STYLE_ASSIGNMENT (( #3706 ) ) ;
#1449 = LINE ( 'NONE', #3057, #1621 ) ;
#1450 = ORIENTED_EDGE ( 'NONE', *, *, #1909, .F. ) ;
#1451 = CARTESIAN_POINT ( 'NONE',  ( 6.938893903907226405E-16, 2.200465053408525939, 1.599999999999999645 ) ) ;
#1452 = LINE ( 'NONE', #843, #4011 ) ;
#1453 = EDGE_CURVE ( 'NONE', #3943, #303, #1203, .T. ) ;
#1454 = ORIENTED_EDGE ( 'NONE', *, *, #332, .T. ) ;
#1455 = DIRECTION ( 'NONE',  ( 1.000000000000000000, 0.000000000000000000, -6.424901762877064481E-16 ) ) ;
#1456 = CARTESIAN_POINT ( 'NONE',  ( 0.000000000000000000, 0.4799999999999999267, 0.000000000000000000 ) ) ;
#1457 = FACE_OUTER_BOUND ( 'NONE', #2628, .T. ) ;
#1458 = LINE ( 'NONE', #3722, #3373 ) ;
#1459 = CARTESIAN_POINT ( 'NONE',  ( -1.633333333333333748, 7.707635744030864267, -2.708333333333333037 ) ) ;
#1460 = ADVANCED_FACE ( 'NONE', ( #431 ), #3801, .T. ) ;
#1461 = ORIENTED_EDGE ( 'NONE', *, *, #2636, .F. ) ;
#1462 = ORIENTED_EDGE ( 'NONE', *, *, #1590, .F. ) ;
#1463 = DIRECTION ( 'NONE',  ( 0.000000000000000000, 0.000000000000000000, -1.000000000000000000 ) ) ;
#1464 = CARTESIAN_POINT ( 'NONE',  ( -1.749999999999999556, 0.4799999999999999267, -2.774999999999999911 ) ) ;
#1465 = CARTESIAN_POINT ( 'NONE',  ( -1.458333333333333703, 1.199999999999999956, -2.709999999999999520 ) ) ;
#1466 = ADVANCED_FACE ( 'NONE', ( #76 ), #2987, .F. ) ;
#1467 = VERTEX_POINT ( 'NONE', #1383 ) ;
#1468 = TOROIDAL_SURFACE ( 'NONE', #1199, 0.001666666666666079353, 0.1149999999999999911 ) ;
#1469 = DIRECTION ( 'NONE',  ( -1.000000000000000000, -0.000000000000000000, 1.486905836551549079E-16 ) ) ;
#1470 = AXIS2_PLACEMENT_3D ( 'NONE', #2509, #3720, #1225 ) ;
#1471 = DIRECTION ( 'NONE',  ( -0.000000000000000000, 1.000000000000000000, -0.000000000000000000 ) ) ;
#1472 = DIRECTION ( 'NONE',  ( 4.003208021484940018E-17, 0.000000000000000000, -1.000000000000000000 ) ) ;
#1473 = AXIS2_PLACEMENT_3D ( 'NONE', #4084, #896, #304 ) ;
#1474 = AXIS2_PLACEMENT_3D ( 'NONE', #2765, #237, #269 ) ;
#1475 = AXIS2_PLACEMENT_3D ( 'NONE', #2592, #81, #3565 ) ;
#1476 = EDGE_CURVE ( 'NONE', #71, #56, #4003, .T. ) ;
#1477 = AXIS2_PLACEMENT_3D ( 'NONE', #2655, #3621, #2287 ) ;
#1478 = VECTOR ( 'NONE', #2080, 1000.000000000000000 ) ;
#1479 = LINE ( 'NONE', #1754, #2035 ) ;
#1480 = VECTOR ( 'NONE', #2682, 1000.000000000000000 ) ;
#1481 = LINE ( 'NONE', #1183, #3546 ) ;
#1482 = CYLINDRICAL_SURFACE ( 'NONE', #1474, 0.1166666666666663910 ) ;
#1483 = AXIS2_PLACEMENT_3D ( 'NONE', #406, #145, #3539 ) ;
#1484 = EDGE_LOOP ( 'NONE', ( #143, #3519, #967, #1190 ) ) ;
#1485 = AXIS2_PLACEMENT_3D ( 'NONE', #465, #3893, #1435 ) ;
#1486 = CARTESIAN_POINT ( 'NONE',  ( 1.699999999999999956, 0.000000000000000000, 2.780625890315197246 ) ) ;
#1487 = AXIS2_PLACEMENT_3D ( 'NONE', #885, #3766, #595 ) ;
#1488 = DIRECTION ( 'NONE',  ( 0.000000000000000000, 0.000000000000000000, 1.000000000000000000 ) ) ;
#1489 = AXIS2_PLACEMENT_3D ( 'NONE', #2266, #700, #2984 ) ;
#1490 = EDGE_LOOP ( 'NONE', ( #1038, #252, #649, #3730 ) ) ;
#1491 = AXIS2_PLACEMENT_3D ( 'NONE', #3677, #3456, #2262 ) ;
#1492 = ORIENTED_EDGE ( 'NONE', *, *, #3971, .T. ) ;
#1493 = VERTEX_POINT ( 'NONE', #3862 ) ;
#1494 = ORIENTED_EDGE ( 'NONE', *, *, #3137, .F. ) ;
#1495 = VERTEX_POINT ( 'NONE', #3317 ) ;
#1496 = CIRCLE ( 'NONE', #963, 0.2349999999999999589 ) ;
#1497 = CARTESIAN_POINT ( 'NONE',  ( 1.749999999999999778, 0.000000000000000000, 2.774999999999999911 ) ) ;
#1498 = LINE ( 'NONE', #2143, #1818 ) ;
#1499 = CARTESIAN_POINT ( 'NONE',  ( -0.7499999999999992228, -1.720465053408525957, -2.949999999999999734 ) ) ;
#1500 = DIRECTION ( 'NONE',  ( -0.000000000000000000, 1.000000000000000000, -0.000000000000000000 ) ) ;
#1501 = DIRECTION ( 'NONE',  ( 0.000000000000000000, 0.000000000000000000, 1.000000000000000000 ) ) ;
#1502 = DIRECTION ( 'NONE',  ( 0.000000000000000000, -1.000000000000000000, 0.000000000000000000 ) ) ;
#1503 = LINE ( 'NONE', #2715, #1903 ) ;
#1504 = ORIENTED_EDGE ( 'NONE', *, *, #2254, .T. ) ;
#1505 = DIRECTION ( 'NONE',  ( -0.000000000000000000, -1.000000000000000000, -0.000000000000000000 ) ) ;
#1506 = EDGE_CURVE ( 'NONE', #2900, #1219, #2216, .T. ) ;
#1507 = CARTESIAN_POINT ( 'NONE',  ( 1.524999999999999467, 0.4799999999999999267, -3.000000000000000000 ) ) ;
#1508 = CARTESIAN_POINT ( 'NONE',  ( 1.693333333333334023, 0.9599999999999998535, 2.708333333333333481 ) ) ;
#1509 = VERTEX_POINT ( 'NONE', #1717 ) ;
#1510 = ORIENTED_EDGE ( 'NONE', *, *, #783, .T. ) ;
#1511 = ADVANCED_FACE ( 'NONE', ( #724 ), #3272, .F. ) ;
#1512 = ORIENTED_EDGE ( 'NONE', *, *, #2474, .F. ) ;
#1513 = EDGE_LOOP ( 'NONE', ( #1584, #3896 ) ) ;
#1514 = FILL_AREA_STYLE_COLOUR ( '', #3296 ) ;
#1515 = DIRECTION ( 'NONE',  ( -1.200962406445482005E-16, 0.000000000000000000, -1.000000000000000000 ) ) ;
#1516 = DIRECTION ( 'NONE',  ( 0.000000000000000000, 0.000000000000000000, -1.000000000000000000 ) ) ;
#1517 = ORIENTED_EDGE ( 'NONE', *, *, #273, .F. ) ;
#1518 = DIRECTION ( 'NONE',  ( -1.000000000000000000, 0.000000000000000000, 0.000000000000000000 ) ) ;
#1519 = DIRECTION ( 'NONE',  ( 1.486905836551548586E-16, -0.000000000000000000, 1.000000000000000000 ) ) ;
#1520 = FACE_OUTER_BOUND ( 'NONE', #2248, .T. ) ;
#1521 = ADVANCED_FACE ( 'NONE', ( #2571 ), #2676, .F. ) ;
#1522 = ORIENTED_EDGE ( 'NONE', *, *, #2344, .F. ) ;
#1523 = CARTESIAN_POINT ( 'NONE',  ( 1.574999999999999512, 0.4799999999999999822, -3.000000000000000000 ) ) ;
#1524 = DIRECTION ( 'NONE',  ( 0.000000000000000000, 0.000000000000000000, 1.000000000000000000 ) ) ;
#1525 = CARTESIAN_POINT ( 'NONE',  ( 1.749999999999999334, 0.4799999999999999267, 2.774999999999999911 ) ) ;
#1526 = DIRECTION ( 'NONE',  ( 0.000000000000000000, 0.000000000000000000, -1.000000000000000000 ) ) ;
#1527 = DIRECTION ( 'NONE',  ( 1.000000000000000000, 0.000000000000000000, 4.003208021484934471E-17 ) ) ;
#1528 = ORIENTED_EDGE ( 'NONE', *, *, #2501, .F. ) ;
#1529 = CARTESIAN_POINT ( 'NONE',  ( -1.524999999999999911, 0.4799999999999999267, 3.000000000000000000 ) ) ;
#1530 = ORIENTED_EDGE ( 'NONE', *, *, #3989, .F. ) ;
#1531 = ORIENTED_EDGE ( 'NONE', *, *, #1069, .T. ) ;
#1532 = EDGE_CURVE ( 'NONE', #137, #51, #2062, .T. ) ;
#1533 =( NAMED_UNIT ( * ) SI_UNIT ( $, .STERADIAN. ) SOLID_ANGLE_UNIT ( ) );
#1534 = CARTESIAN_POINT ( 'NONE',  ( 1.749999999999999334, 2.200465053408525939, 3.000000000000000000 ) ) ;
#1535 = ORIENTED_EDGE ( 'NONE', *, *, #472, .F. ) ;
#1536 = LINE ( 'NONE', #3504, #3929 ) ;
#1537 = DIRECTION ( 'NONE',  ( -1.000000000000000000, 0.000000000000000000, 1.486905836551549079E-16 ) ) ;
#1538 = CARTESIAN_POINT ( 'NONE',  ( -1.574999999999999734, 7.668771135231173375, 2.708333333333334370 ) ) ;
#1539 = DIRECTION ( 'NONE',  ( -7.346626438598939522E-16, 0.000000000000000000, -1.000000000000000000 ) ) ;
#1540 = DIRECTION ( 'NONE',  ( 1.000000000000000000, 0.000000000000000000, 0.000000000000000000 ) ) ;
#1541 = FACE_OUTER_BOUND ( 'NONE', #3587, .T. ) ;
#1542 = AXIS2_PLACEMENT_3D ( 'NONE', #2317, #2332, #490 ) ;
#1543 = VECTOR ( 'NONE', #3661, 1000.000000000000000 ) ;
#1544 = FACE_OUTER_BOUND ( 'NONE', #890, .T. ) ;
#1545 = EDGE_CURVE ( 'NONE', #2631, #881, #149, .T. ) ;
#1546 = CIRCLE ( 'NONE', #282, 0.1749999999999998224 ) ;
#1547 = FACE_OUTER_BOUND ( 'NONE', #4045, .T. ) ;
#1548 = DIRECTION ( 'NONE',  ( -1.601283208593975760E-16, 0.000000000000000000, -1.000000000000000000 ) ) ;
#1549 = AXIS2_PLACEMENT_3D ( 'NONE', #1774, #528, #3151 ) ;
#1550 = FACE_OUTER_BOUND ( 'NONE', #309, .T. ) ;
#1551 = ORIENTED_EDGE ( 'NONE', *, *, #3385, .T. ) ;
#1552 = ORIENTED_EDGE ( 'NONE', *, *, #3306, .T. ) ;
#1553 = AXIS2_PLACEMENT_3D ( 'NONE', #2770, #4000, #1153 ) ;
#1554 = CIRCLE ( 'NONE', #3488, 0.001666666666666743318 ) ;
#1555 = DIRECTION ( 'NONE',  ( 0.000000000000000000, 0.000000000000000000, 1.000000000000000000 ) ) ;
#1556 = CARTESIAN_POINT ( 'NONE',  ( -1.575000000000000400, 7.668771135231173375, -2.708333333333333037 ) ) ;
#1557 = AXIS2_PLACEMENT_3D ( 'NONE', #485, #1791, #3083 ) ;
#1558 = DIRECTION ( 'NONE',  ( -0.000000000000000000, 1.000000000000000000, -0.000000000000000000 ) ) ;
#1559 = EDGE_LOOP ( 'NONE', ( #3262, #734, #2060, #1494 ) ) ;
#1560 = ORIENTED_EDGE ( 'NONE', *, *, #470, .F. ) ;
#1561 = ADVANCED_FACE ( 'NONE', ( #477 ), #3028, .F. ) ;
#1562 = DIRECTION ( 'NONE',  ( 0.000000000000000000, 0.000000000000000000, 1.000000000000000000 ) ) ;
#1563 = AXIS2_PLACEMENT_3D ( 'NONE', #939, #3135, #2245 ) ;
#1564 = FACE_OUTER_BOUND ( 'NONE', #10, .T. ) ;
#1565 = DIRECTION ( 'NONE',  ( 0.000000000000000000, 0.000000000000000000, 1.000000000000000000 ) ) ;
#1566 = CARTESIAN_POINT ( 'NONE',  ( -1.633333333333333748, 1.020023152615177509, -2.708333333333333037 ) ) ;
#1567 = ORIENTED_EDGE ( 'NONE', *, *, #1390, .T. ) ;
#1568 = EDGE_CURVE ( 'NONE', #2563, #3021, #591, .T. ) ;
#1569 = PRESENTATION_STYLE_ASSIGNMENT (( #487 ) ) ;
#1570 = FACE_OUTER_BOUND ( 'NONE', #3420, .T. ) ;
#1571 = EDGE_CURVE ( 'NONE', #2800, #790, #961, .T. ) ;
#1572 = LINE ( 'NONE', #2840, #3358 ) ;
#1573 = EDGE_CURVE ( 'NONE', #2167, #3466, #4064, .T. ) ;
#1574 = CARTESIAN_POINT ( 'NONE',  ( 1.699999999999999956, -1.720465053408525957, 2.780625890315197246 ) ) ;
#1575 = ORIENTED_EDGE ( 'NONE', *, *, #1881, .T. ) ;
#1576 = DIRECTION ( 'NONE',  ( 0.000000000000000000, -0.000000000000000000, -1.000000000000000000 ) ) ;
#1577 = VERTEX_POINT ( 'NONE', #325 ) ;
#1578 = VERTEX_POINT ( 'NONE', #3831 ) ;
#1579 = FACE_OUTER_BOUND ( 'NONE', #469, .T. ) ;
#1580 = ORIENTED_EDGE ( 'NONE', *, *, #2122, .T. ) ;
#1581 = CYLINDRICAL_SURFACE ( 'NONE', #3549, 0.1150000000000000883 ) ;
#1582 = CARTESIAN_POINT ( 'NONE',  ( 1.700000000000000844, 0.000000000000000000, -2.780625890315197246 ) ) ;
#1583 = DIRECTION ( 'NONE',  ( 0.000000000000000000, 0.000000000000000000, -1.000000000000000000 ) ) ;
#1584 = ORIENTED_EDGE ( 'NONE', *, *, #466, .T. ) ;
#1585 = CARTESIAN_POINT ( 'NONE',  ( 1.700000000000000400, 0.000000000000000000, -1.600000000000000533 ) ) ;
#1586 = EDGE_CURVE ( 'NONE', #3130, #1979, #2253, .T. ) ;
#1587 = DIRECTION ( 'NONE',  ( 7.346626438598939522E-16, 0.000000000000000000, 1.000000000000000000 ) ) ;
#1588 = CARTESIAN_POINT ( 'NONE',  ( -0.7500000000000001110, 2.200465053408525939, 1.600000000000000089 ) ) ;
#1589 = CARTESIAN_POINT ( 'NONE',  ( -0.7499999999999992228, 0.4799999999999999822, -2.949999999999999734 ) ) ;
#1590 = EDGE_CURVE ( 'NONE', #2318, #904, #2009, .T. ) ;
#1591 =( NAMED_UNIT ( * ) SI_UNIT ( $, .STERADIAN. ) SOLID_ANGLE_UNIT ( ) );
#1592 = DIRECTION ( 'NONE',  ( 0.000000000000000000, 0.000000000000000000, -1.000000000000000000 ) ) ;
#1593 = CARTESIAN_POINT ( 'NONE',  ( -1.749999999999999334, 2.200465053408525939, 3.000000000000000000 ) ) ;
#1594 = ORIENTED_EDGE ( 'NONE', *, *, #1601, .T. ) ;
#1595 = DIRECTION ( 'NONE',  ( -0.000000000000000000, -1.000000000000000000, -0.000000000000000000 ) ) ;
#1596 = ORIENTED_EDGE ( 'NONE', *, *, #1573, .F. ) ;
#1597 = LINE ( 'NONE', #1275, #688 ) ;
#1598 = EDGE_CURVE ( 'NONE', #2249, #3943, #395, .T. ) ;
#1599 = DIRECTION ( 'NONE',  ( 0.000000000000000000, 0.000000000000000000, 1.000000000000000000 ) ) ;
#1600 = EDGE_LOOP ( 'NONE', ( #771, #3264, #1058, #561 ) ) ;
#1601 = EDGE_CURVE ( 'NONE', #1495, #1042, #1104, .T. ) ;
#1602 = ORIENTED_EDGE ( 'NONE', *, *, #3186, .F. ) ;
#1603 = DIRECTION ( 'NONE',  ( 0.000000000000000000, -0.000000000000000000, 1.000000000000000000 ) ) ;
#1604 = LINE ( 'NONE', #3468, #1620 ) ;
#1605 = CIRCLE ( 'NONE', #744, 0.2249999999999995060 ) ;
#1606 = ADVANCED_FACE ( 'NONE', ( #1757 ), #1044, .F. ) ;
#1607 = ORIENTED_EDGE ( 'NONE', *, *, #2991, .T. ) ;
#1608 = EDGE_CURVE ( 'NONE', #1219, #2044, #468, .T. ) ;
#1609 = CARTESIAN_POINT ( 'NONE',  ( -1.749999999999999334, 2.200465053408525939, -2.774999999999999911 ) ) ;
#1610 = AXIS2_PLACEMENT_3D ( 'NONE', #1977, #1379, #2651 ) ;
#1611 = ORIENTED_EDGE ( 'NONE', *, *, #1298, .F. ) ;
#1612 = VECTOR ( 'NONE', #1355, 1000.000000000000000 ) ;
#1613 = DIRECTION ( 'NONE',  ( -0.000000000000000000, -1.000000000000000000, -0.000000000000000000 ) ) ;
#1614 = AXIS2_PLACEMENT_3D ( 'NONE', #3320, #3134, #1205 ) ;
#1615 = DIRECTION ( 'NONE',  ( 1.000000000000000000, 0.000000000000000000, 7.346626438598939522E-16 ) ) ;
#1616 = AXIS2_PLACEMENT_3D ( 'NONE', #2657, #1008, #2590 ) ;
#1617 = ORIENTED_EDGE ( 'NONE', *, *, #3337, .F. ) ;
#1618 = VERTEX_POINT ( 'NONE', #2698 ) ;
#1619 = CARTESIAN_POINT ( 'NONE',  ( -1.749999999999999334, 0.4799999999999999822, 3.000000000000000000 ) ) ;
#1620 = VECTOR ( 'NONE', #2260, 1000.000000000000000 ) ;
#1621 = VECTOR ( 'NONE', #2125, 1000.000000000000000 ) ;
#1622 = ORIENTED_EDGE ( 'NONE', *, *, #3291, .T. ) ;
#1623 =( GEOMETRIC_REPRESENTATION_CONTEXT ( 3 ) GLOBAL_UNCERTAINTY_ASSIGNED_CONTEXT ( ( #2667 ) ) GLOBAL_UNIT_ASSIGNED_CONTEXT ( ( #4048, #947, #1591 ) ) REPRESENTATION_CONTEXT ( 'NONE', 'WORKASPACE' ) );
#1624 = DIRECTION ( 'NONE',  ( 0.000000000000000000, -0.000000000000000000, -1.000000000000000000 ) ) ;
#1625 = AXIS2_PLACEMENT_3D ( 'NONE', #694, #31, #1887 ) ;
#1626 = ORIENTED_EDGE ( 'NONE', *, *, #2308, .F. ) ;
#1627 = VECTOR ( 'NONE', #230, 1000.000000000000000 ) ;
#1628 = CARTESIAN_POINT ( 'NONE',  ( 0.7499999999999992228, 0.4799999999999999267, 2.949999999999999734 ) ) ;
#1629 = ORIENTED_EDGE ( 'NONE', *, *, #1000, .T. ) ;
#1630 = LINE ( 'NONE', #11, #829 ) ;
#1631 = CARTESIAN_POINT ( 'NONE',  ( 0.000000000000000000, 0.4799999999999999267, 0.000000000000000000 ) ) ;
#1632 = VERTEX_POINT ( 'NONE', #802 ) ;
#1633 = EDGE_CURVE ( 'NONE', #3692, #276, #2679, .T. ) ;
#1634 = ADVANCED_FACE ( 'NONE', ( #3046, #2952 ), #3638, .T. ) ;
#1635 = ORIENTED_EDGE ( 'NONE', *, *, #3854, .T. ) ;
#1636 = DIRECTION ( 'NONE',  ( 0.000000000000000000, 1.000000000000000000, 0.000000000000000000 ) ) ;
#1637 = ORIENTED_EDGE ( 'NONE', *, *, #1133, .T. ) ;
#1638 = ORIENTED_EDGE ( 'NONE', *, *, #1453, .T. ) ;
#1639 = DIRECTION ( 'NONE',  ( 0.000000000000000000, 0.000000000000000000, -1.000000000000000000 ) ) ;
#1640 = ORIENTED_EDGE ( 'NONE', *, *, #3443, .T. ) ;
#1641 = CARTESIAN_POINT ( 'NONE',  ( 0.7499999999999992228, 2.200465053408525939, -2.949999999999999734 ) ) ;
#1642 = FACE_OUTER_BOUND ( 'NONE', #3585, .T. ) ;
#1643 = LINE ( 'NONE', #2350, #4009 ) ;
#1644 = EDGE_CURVE ( 'NONE', #2105, #2830, #424, .T. ) ;
#1645 = DIRECTION ( 'NONE',  ( 0.000000000000000000, 0.000000000000000000, 1.000000000000000000 ) ) ;
#1646 = EDGE_CURVE ( 'NONE', #1061, #1125, #2752, .T. ) ;
#1647 = DIRECTION ( 'NONE',  ( 1.000000000000000000, 0.000000000000000000, -1.486905836551548586E-16 ) ) ;
#1648 = ORIENTED_EDGE ( 'NONE', *, *, #98, .F. ) ;
#1649 = CARTESIAN_POINT ( 'NONE',  ( 1.458333333333334147, 1.079999999999999849, -2.824999999999999734 ) ) ;
#1650 = EDGE_CURVE ( 'NONE', #1372, #1697, #948, .T. ) ;
#1651 = VERTEX_POINT ( 'NONE', #3349 ) ;
#1652 = CARTESIAN_POINT ( 'NONE',  ( 1.530625890315196358, 2.200465053408525939, 2.949999999999999734 ) ) ;
#1653 = ORIENTED_EDGE ( 'NONE', *, *, #3548, .F. ) ;
#1654 = CYLINDRICAL_SURFACE ( 'NONE', #1335, 0.1750000000000002387 ) ;
#1655 = VERTEX_POINT ( 'NONE', #3312 ) ;
#1656 = EDGE_CURVE ( 'NONE', #2318, #219, #1438, .T. ) ;
#1657 = CARTESIAN_POINT ( 'NONE',  ( -1.574999999999999512, -1.720465053408525957, 3.000000000000000000 ) ) ;
#1658 = LINE ( 'NONE', #1364, #3806 ) ;
#1659 = FACE_OUTER_BOUND ( 'NONE', #1424, .T. ) ;
#1660 = CARTESIAN_POINT ( 'NONE',  ( 1.749999999999999334, 0.4799999999999999267, 3.000000000000000000 ) ) ;
#1661 = DIRECTION ( 'NONE',  ( -1.000000000000000000, 0.000000000000000000, 1.486905836551548586E-16 ) ) ;
#1662 = ORIENTED_EDGE ( 'NONE', *, *, #1191, .F. ) ;
#1663 = DIRECTION ( 'NONE',  ( -0.000000000000000000, 1.000000000000000000, -0.000000000000000000 ) ) ;
#1664 = EDGE_CURVE ( 'NONE', #597, #242, #1265, .T. ) ;
#1665 = VERTEX_POINT ( 'NONE', #1373 ) ;
#1666 =( GEOMETRIC_REPRESENTATION_CONTEXT ( 3 ) GLOBAL_UNCERTAINTY_ASSIGNED_CONTEXT ( ( #515 ) ) GLOBAL_UNIT_ASSIGNED_CONTEXT ( ( #448, #2584, #2284 ) ) REPRESENTATION_CONTEXT ( 'NONE', 'WORKASPACE' ) );
#1667 = EDGE_LOOP ( 'NONE', ( #2521, #3973, #2289, #190, #2720, #3199, #3618, #20, #3257 ) ) ;
#1668 = CARTESIAN_POINT ( 'NONE',  ( -1.458333333333332815, 1.020023152615177509, 2.883333333333332416 ) ) ;
#1669 = ORIENTED_EDGE ( 'NONE', *, *, #1377, .F. ) ;
#1670 = VECTOR ( 'NONE', #971, 1000.000000000000000 ) ;
#1671 = ORIENTED_EDGE ( 'NONE', *, *, #447, .F. ) ;
#1672 = AXIS2_PLACEMENT_3D ( 'NONE', #2435, #4032, #3663 ) ;
#1673 = ORIENTED_EDGE ( 'NONE', *, *, #3472, .F. ) ;
#1674 = CARTESIAN_POINT ( 'NONE',  ( -1.458333333333333703, 1.020000000000000018, -2.708333333333333037 ) ) ;
#1675 = VERTEX_POINT ( 'NONE', #443 ) ;
#1676 = AXIS2_PLACEMENT_3D ( 'NONE', #990, #1048, #122 ) ;
#1677 = AXIS2_PLACEMENT_3D ( 'NONE', #1119, #3694, #3969 ) ;
#1678 = CARTESIAN_POINT ( 'NONE',  ( -1.458333333333332815, 1.020023152615177953, 2.823333333333333250 ) ) ;
#1679 = CARTESIAN_POINT ( 'NONE',  ( 0.7499999999999992228, -1.720465053408525957, 2.949999999999999734 ) ) ;
#1680 =( GEOMETRIC_REPRESENTATION_CONTEXT ( 3 ) GLOBAL_UNCERTAINTY_ASSIGNED_CONTEXT ( ( #2131 ) ) GLOBAL_UNIT_ASSIGNED_CONTEXT ( ( #898, #3097, #197 ) ) REPRESENTATION_CONTEXT ( 'NONE', 'WORKASPACE' ) );
#1681 = CARTESIAN_POINT ( 'NONE',  ( 1.750000000000000666, 7.906221994724901059, 3.000000000000000000 ) ) ;
#1682 = DIRECTION ( 'NONE',  ( -0.000000000000000000, 1.000000000000000000, -0.000000000000000000 ) ) ;
#1683 = EDGE_CURVE ( 'NONE', #2309, #2362, #25, .T. ) ;
#1684 = AXIS2_PLACEMENT_3D ( 'NONE', #2729, #815, #1163 ) ;
#1685 = AXIS2_PLACEMENT_3D ( 'NONE', #2042, #3961, #1378 ) ;
#1686 = LINE ( 'NONE', #752, #3755 ) ;
#1687 = VECTOR ( 'NONE', #3649, 1000.000000000000000 ) ;
#1688 = EDGE_CURVE ( 'NONE', #3451, #904, #4079, .T. ) ;
#1689 = DIRECTION ( 'NONE',  ( 1.000000000000000000, -0.000000000000000000, 0.000000000000000000 ) ) ;
#1690 = AXIS2_PLACEMENT_3D ( 'NONE', #1556, #262, #1515 ) ;
#1691 = AXIS2_PLACEMENT_3D ( 'NONE', #542, #1519, #3636 ) ;
#1692 = ORIENTED_EDGE ( 'NONE', *, *, #2201, .T. ) ;
#1693 = CARTESIAN_POINT ( 'NONE',  ( 1.633333333333333748, 7.707635744030864267, -2.708333333333334370 ) ) ;
#1694 = AXIS2_PLACEMENT_3D ( 'NONE', #1181, #3413, #188 ) ;
#1695 = EDGE_CURVE ( 'NONE', #3271, #4023, #824, .T. ) ;
#1696 = DIRECTION ( 'NONE',  ( 0.000000000000000000, -1.000000000000000000, 0.000000000000000000 ) ) ;
#1697 = VERTEX_POINT ( 'NONE', #2461 ) ;
#1698 = CARTESIAN_POINT ( 'NONE',  ( -1.458333333333333703, 1.079999999999999849, -2.708333333333333037 ) ) ;
#1699 = ORIENTED_EDGE ( 'NONE', *, *, #3437, .F. ) ;
#1700 = EDGE_CURVE ( 'NONE', #3900, #665, #1481, .T. ) ;
#1701 = ORIENTED_EDGE ( 'NONE', *, *, #2643, .T. ) ;
#1702 = DIRECTION ( 'NONE',  ( 0.000000000000000000, 0.000000000000000000, 1.000000000000000000 ) ) ;
#1703 = ORIENTED_EDGE ( 'NONE', *, *, #1664, .T. ) ;
#1704 = CARTESIAN_POINT ( 'NONE',  ( 1.749999999999999334, -1.720465053408525957, -3.000000000000000000 ) ) ;
#1705 = FACE_OUTER_BOUND ( 'NONE', #2781, .T. ) ;
#1706 = CARTESIAN_POINT ( 'NONE',  ( 1.530625890315196358, 0.4799999999999999267, -2.949999999999999734 ) ) ;
#1707 = PLANE ( 'NONE',  #3425 ) ;
#1708 = MANIFOLD_SOLID_BREP ( 'Boss-Extrude6[4]', #1883 ) ;
#1709 = DIRECTION ( 'NONE',  ( -0.000000000000000000, 1.000000000000000000, -0.000000000000000000 ) ) ;
#1710 = DIRECTION ( 'NONE',  ( 0.000000000000000000, -0.000000000000000000, -1.000000000000000000 ) ) ;
#1711 = EDGE_CURVE ( 'NONE', #2933, #2207, #1844, .T. ) ;
#1712 = EDGE_CURVE ( 'NONE', #849, #2719, #3756, .T. ) ;
#1713 = DIRECTION ( 'NONE',  ( 7.346626438598939522E-16, 0.000000000000000000, -1.000000000000000000 ) ) ;
#1714 = ORIENTED_EDGE ( 'NONE', *, *, #3960, .T. ) ;
#1715 = ORIENTED_EDGE ( 'NONE', *, *, #333, .T. ) ;
#1716 = EDGE_LOOP ( 'NONE', ( #2401, #1444, #1252, #3316 ) ) ;
#1717 = CARTESIAN_POINT ( 'NONE',  ( -1.699999999999999734, 0.000000000000000000, -1.600000000000000311 ) ) ;
#1718 = EDGE_LOOP ( 'NONE', ( #1867, #2570, #1834, #3833 ) ) ;
#1719 = PLANE ( 'NONE',  #2417 ) ;
#1720 = CARTESIAN_POINT ( 'NONE',  ( 1.693333333333333357, 1.019999999999999796, -2.708333333333334370 ) ) ;
#1721 = DIRECTION ( 'NONE',  ( 0.000000000000000000, 0.000000000000000000, 1.000000000000000000 ) ) ;
#1722 = CARTESIAN_POINT ( 'NONE',  ( -1.000000000000000000, 0.000000000000000000, -1.600000000000000311 ) ) ;
#1723 = CARTESIAN_POINT ( 'NONE',  ( -1.749999999999999334, -1.720465053408525957, -3.000000000000000000 ) ) ;
#1724 = EDGE_CURVE ( 'NONE', #3512, #2167, #206, .T. ) ;
#1725 = DIRECTION ( 'NONE',  ( -0.000000000000000000, -1.000000000000000000, -0.000000000000000000 ) ) ;
#1726 = LINE ( 'NONE', #3972, #428 ) ;
#1727 = ADVANCED_FACE ( 'NONE', ( #2764 ), #3066, .F. ) ;
#1728 = ORIENTED_EDGE ( 'NONE', *, *, #266, .T. ) ;
#1729 = APPLICATION_CONTEXT ( 'automotive_design' ) ;
#1730 = ORIENTED_EDGE ( 'NONE', *, *, #2122, .F. ) ;
#1731 = ORIENTED_EDGE ( 'NONE', *, *, #3248, .F. ) ;
#1732 = LINE ( 'NONE', #3024, #1813 ) ;
#1733 = ORIENTED_EDGE ( 'NONE', *, *, #2524, .F. ) ;
#1734 = DIRECTION ( 'NONE',  ( -0.000000000000000000, -1.000000000000000000, -0.000000000000000000 ) ) ;
#1735 = CIRCLE ( 'NONE', #4058, 0.1749999999999998224 ) ;
#1736 = ORIENTED_EDGE ( 'NONE', *, *, #2379, .F. ) ;
#1737 = ORIENTED_EDGE ( 'NONE', *, *, #1688, .F. ) ;
#1738 = LINE ( 'NONE', #2372, #2030 ) ;
#1739 = CARTESIAN_POINT ( 'NONE',  ( 1.750000000000000666, 0.4799999999999999267, -2.825000000000000178 ) ) ;
#1740 = CARTESIAN_POINT ( 'NONE',  ( 1.700000000000000400, 0.4799999999999999822, -1.600000000000000311 ) ) ;
#1741 = PLANE ( 'NONE',  #2027 ) ;
#1742 = VECTOR ( 'NONE', #3643, 1000.000000000000000 ) ;
#1743 = VECTOR ( 'NONE', #1318, 1000.000000000000000 ) ;
#1744 = DIRECTION ( 'NONE',  ( -0.000000000000000000, 1.000000000000000000, -0.000000000000000000 ) ) ;
#1745 = ADVANCED_FACE ( 'NONE', ( #236 ), #1778, .T. ) ;
#1746 = CARTESIAN_POINT ( 'NONE',  ( -6.938893903907226405E-16, 0.4799999999999999822, -1.599999999999999645 ) ) ;
#1747 = AXIS2_PLACEMENT_3D ( 'NONE', #313, #1889, #3837 ) ;
#1748 = AXIS2_PLACEMENT_3D ( 'NONE', #2595, #3567, #2496 ) ;
#1749 = COLOUR_RGB ( '',1.000000000000000000, 0.8117647058823529438, 0.5019607843137254832 ) ;
#1750 = CARTESIAN_POINT ( 'NONE',  ( 0.7500000000000001110, -1.720465053408525957, -1.600000000000000089 ) ) ;
#1751 = AXIS2_PLACEMENT_3D ( 'NONE', #1322, #1603, #1302 ) ;
#1752 = AXIS2_PLACEMENT_3D ( 'NONE', #2939, #84, #1053 ) ;
#1753 = VECTOR ( 'NONE', #419, 1000.000000000000000 ) ;
#1754 = CARTESIAN_POINT ( 'NONE',  ( 1.700000000000000844, -1.720465053408525957, -2.780625890315197246 ) ) ;
#1755 = ORIENTED_EDGE ( 'NONE', *, *, #2744, .F. ) ;
#1756 = UNCERTAINTY_MEASURE_WITH_UNIT (LENGTH_MEASURE( 1.000000000000000082E-05 ), #3162, 'distance_accuracy_value', 'NONE');
#1757 = FACE_OUTER_BOUND ( 'NONE', #839, .T. ) ;
#1758 = ORIENTED_EDGE ( 'NONE', *, *, #2387, .F. ) ;
#1759 = VECTOR ( 'NONE', #2544, 1000.000000000000000 ) ;
#1760 = ORIENTED_EDGE ( 'NONE', *, *, #3430, .T. ) ;
#1761 = DIRECTION ( 'NONE',  ( 0.000000000000000000, 1.000000000000000000, 0.000000000000000000 ) ) ;
#1762 = ORIENTED_EDGE ( 'NONE', *, *, #1847, .F. ) ;
#1763 = ORIENTED_EDGE ( 'NONE', *, *, #2344, .T. ) ;
#1764 = ORIENTED_EDGE ( 'NONE', *, *, #1859, .T. ) ;
#1765 = EDGE_CURVE ( 'NONE', #2586, #3451, #1169, .T. ) ;
#1766 = CARTESIAN_POINT ( 'NONE',  ( -1.749999999999999334, 0.000000000000000000, 3.000000000000000000 ) ) ;
#1767 = CARTESIAN_POINT ( 'NONE',  ( -1.458333333333332815, 1.084999999999999964, 2.708333333333333481 ) ) ;
#1768 = CARTESIAN_POINT ( 'NONE',  ( -1.459999999999999742, 1.199999999999999956, 2.708333333333334370 ) ) ;
#1769 = CARTESIAN_POINT ( 'NONE',  ( -1.749999999999999334, 0.9599999999999999645, 2.825000000000000178 ) ) ;
#1770 = ADVANCED_FACE ( 'NONE', ( #907 ), #2797, .F. ) ;
#1771 = DIRECTION ( 'NONE',  ( 4.003208021484939401E-17, 0.000000000000000000, -1.000000000000000000 ) ) ;
#1772 = ORIENTED_EDGE ( 'NONE', *, *, #1256, .F. ) ;
#1773 = DIRECTION ( 'NONE',  ( 0.000000000000000000, -1.000000000000000000, 0.000000000000000000 ) ) ;
#1774 = CARTESIAN_POINT ( 'NONE',  ( -1.699999999999999289, -1.720465053408525957, 2.780625890315197246 ) ) ;
#1775 = CARTESIAN_POINT ( 'NONE',  ( -1.458333333333333703, 1.079999999999999849, -2.708333333333333037 ) ) ;
#1776 = ORIENTED_EDGE ( 'NONE', *, *, #2786, .T. ) ;
#1777 = CARTESIAN_POINT ( 'NONE',  ( -1.060000000000000275, 1.179999999999999938, -2.109999999999999432 ) ) ;
#1778 = CYLINDRICAL_SURFACE ( 'NONE', #1960, 0.2000000000000000944 ) ;
#1779 = PLANE ( 'NONE',  #1470 ) ;
#1780 = ORIENTED_EDGE ( 'NONE', *, *, #644, .T. ) ;
#1781 = ORIENTED_EDGE ( 'NONE', *, *, #2796, .T. ) ;
#1782 = VERTEX_POINT ( 'NONE', #2486 ) ;
#1783 = LINE ( 'NONE', #2123, #2160 ) ;
#1784 = CARTESIAN_POINT ( 'NONE',  ( -1.700000000000001288, 0.4799999999999999822, -1.248926494561820705E-15 ) ) ;
#1785 = DIRECTION ( 'NONE',  ( -6.195440985631455317E-16, 0.000000000000000000, 1.000000000000000000 ) ) ;
#1786 = ORIENTED_EDGE ( 'NONE', *, *, #3398, .T. ) ;
#1787 = EDGE_LOOP ( 'NONE', ( #1304, #3813, #2187, #2890 ) ) ;
#1788 = ADVANCED_FACE ( 'NONE', ( #2179 ), #3453, .F. ) ;
#1789 = CARTESIAN_POINT ( 'NONE',  ( -1.699999999999999289, 0.4799999999999999267, -2.780625890315197246 ) ) ;
#1790 = EDGE_CURVE ( 'NONE', #1697, #1872, #2427, .T. ) ;
#1791 = DIRECTION ( 'NONE',  ( 0.000000000000000000, 1.000000000000000000, 0.000000000000000000 ) ) ;
#1792 = CARTESIAN_POINT ( 'NONE',  ( -1.524999999999999911, 2.200465053408525939, 3.000000000000000000 ) ) ;
#1793 = DIRECTION ( 'NONE',  ( 0.000000000000000000, 1.000000000000000000, 0.000000000000000000 ) ) ;
#1794 = DIRECTION ( 'NONE',  ( -1.000000000000000000, 0.000000000000000000, -0.000000000000000000 ) ) ;
#1795 = ORIENTED_EDGE ( 'NONE', *, *, #1289, .F. ) ;
#1796 = DIRECTION ( 'NONE',  ( -1.000000000000000000, 0.000000000000000000, 0.000000000000000000 ) ) ;
#1797 = DIRECTION ( 'NONE',  ( 1.000000000000000000, 0.000000000000000000, -1.486905836551548832E-16 ) ) ;
#1798 = PRODUCT_CONTEXT ( 'NONE', #1729, 'mechanical' ) ;
#1799 = ORIENTED_EDGE ( 'NONE', *, *, #950, .T. ) ;
#1800 = ORIENTED_EDGE ( 'NONE', *, *, #1037, .T. ) ;
#1801 = ORIENTED_EDGE ( 'NONE', *, *, #1230, .T. ) ;
#1802 = ORIENTED_EDGE ( 'NONE', *, *, #1150, .T. ) ;
#1803 = DIRECTION ( 'NONE',  ( 6.424901762877064481E-16, 0.000000000000000000, 1.000000000000000000 ) ) ;
#1804 = CARTESIAN_POINT ( 'NONE',  ( -1.458333333333332815, 1.079999999999999849, 2.708333333333333481 ) ) ;
#1805 = CARTESIAN_POINT ( 'NONE',  ( 1.749999999999999334, 0.9599999999999999645, -3.000000000000000000 ) ) ;
#1806 = ORIENTED_EDGE ( 'NONE', *, *, #1683, .F. ) ;
#1807 = AXIS2_PLACEMENT_3D ( 'NONE', #3452, #1860, #3146 ) ;
#1808 = LINE ( 'NONE', #1839, #1152 ) ;
#1809 = DIRECTION ( 'NONE',  ( -0.000000000000000000, -1.000000000000000000, -0.000000000000000000 ) ) ;
#1810 = EDGE_CURVE ( 'NONE', #3421, #283, #3192, .T. ) ;
#1811 = DIRECTION ( 'NONE',  ( -0.000000000000000000, -1.000000000000000000, -0.000000000000000000 ) ) ;
#1812 = AXIS2_PLACEMENT_3D ( 'NONE', #598, #969, #3447 ) ;
#1813 = VECTOR ( 'NONE', #3745, 1000.000000000000000 ) ;
#1814 = ORIENTED_EDGE ( 'NONE', *, *, #783, .F. ) ;
#1815 = AXIS2_PLACEMENT_3D ( 'NONE', #1124, #2402, #716 ) ;
#1816 = CIRCLE ( 'NONE', #411, 0.05999999999999994227 ) ;
#1817 = LINE ( 'NONE', #1792, #2766 ) ;
#1818 = VECTOR ( 'NONE', #1176, 1000.000000000000000 ) ;
#1819 = EDGE_CURVE ( 'NONE', #56, #873, #3528, .T. ) ;
#1820 = DIRECTION ( 'NONE',  ( 0.000000000000000000, -0.000000000000000000, 1.000000000000000000 ) ) ;
#1821 = CARTESIAN_POINT ( 'NONE',  ( 1.458333333333334147, 0.9599999999999998535, 2.943333333333332913 ) ) ;
#1822 = AXIS2_PLACEMENT_3D ( 'NONE', #1723, #795, #457 ) ;
#1823 = ORIENTED_EDGE ( 'NONE', *, *, #1934, .T. ) ;
#1824 = STYLED_ITEM ( 'NONE', ( #3338 ), #3144 ) ;
#1825 = DIRECTION ( 'NONE',  ( 0.000000000000000000, 0.000000000000000000, 1.000000000000000000 ) ) ;
#1826 = ADVANCED_FACE ( 'NONE', ( #356 ), #3810, .F. ) ;
#1827 = DIRECTION ( 'NONE',  ( -1.200962406445482005E-16, 0.000000000000000000, -1.000000000000000000 ) ) ;
#1828 = VECTOR ( 'NONE', #4049, 1000.000000000000000 ) ;
#1829 = EDGE_LOOP ( 'NONE', ( #1833, #3058, #721, #2716 ) ) ;
#1830 = AXIS2_PLACEMENT_3D ( 'NONE', #3765, #594, #1863 ) ;
#1831 = ORIENTED_EDGE ( 'NONE', *, *, #483, .T. ) ;
#1832 = ORIENTED_EDGE ( 'NONE', *, *, #1371, .F. ) ;
#1833 = ORIENTED_EDGE ( 'NONE', *, *, #1237, .T. ) ;
#1834 = ORIENTED_EDGE ( 'NONE', *, *, #1646, .T. ) ;
#1835 = AXIS2_PLACEMENT_3D ( 'NONE', #3717, #548, #2382 ) ;
#1836 = DIRECTION ( 'NONE',  ( 1.000000000000000000, 0.000000000000000000, -0.000000000000000000 ) ) ;
#1837 = CARTESIAN_POINT ( 'NONE',  ( -1.749999999999999334, 0.9599999999999998535, -2.825000000000000178 ) ) ;
#1838 = ORIENTED_EDGE ( 'NONE', *, *, #3952, .T. ) ;
#1839 = CARTESIAN_POINT ( 'NONE',  ( -0.7500000000000011102, 0.4799999999999999822, -4.646580739223597897E-16 ) ) ;
#1840 = DIRECTION ( 'NONE',  ( 0.000000000000000000, -1.000000000000000000, 0.000000000000000000 ) ) ;
#1841 = DIRECTION ( 'NONE',  ( 0.000000000000000000, 0.000000000000000000, -1.000000000000000000 ) ) ;
#1842 = ORIENTED_EDGE ( 'NONE', *, *, #470, .T. ) ;
#1843 = DIRECTION ( 'NONE',  ( 0.000000000000000000, -1.000000000000000000, 0.000000000000000000 ) ) ;
#1844 = LINE ( 'NONE', #3147, #2092 ) ;
#1845 = CARTESIAN_POINT ( 'NONE',  ( 1.700000000000000622, 0.000000000000000000, -1.600000000000000311 ) ) ;
#1846 = EDGE_LOOP ( 'NONE', ( #3611, #1958, #452, #1638 ) ) ;
#1847 = EDGE_CURVE ( 'NONE', #2159, #242, #1604, .T. ) ;
#1848 = DIRECTION ( 'NONE',  ( -1.000000000000000000, 0.000000000000000000, -0.000000000000000000 ) ) ;
#1849 = CARTESIAN_POINT ( 'NONE',  ( -1.749999999999999334, 0.4799999999999999822, 0.000000000000000000 ) ) ;
#1850 = VERTEX_POINT ( 'NONE', #2880 ) ;
#1851 = ORIENTED_EDGE ( 'NONE', *, *, #2872, .T. ) ;
#1852 = VERTEX_POINT ( 'NONE', #3225 ) ;
#1853 = DIRECTION ( 'NONE',  ( -0.000000000000000000, -1.000000000000000000, -0.000000000000000000 ) ) ;
#1854 = VERTEX_POINT ( 'NONE', #1930 ) ;
#1855 = DIRECTION ( 'NONE',  ( -1.000000000000000000, 0.000000000000000000, 0.000000000000000000 ) ) ;
#1856 = CARTESIAN_POINT ( 'NONE',  ( -1.633333333333333748, 7.707635744030864267, -2.708333333333333037 ) ) ;
#1857 = CARTESIAN_POINT ( 'NONE',  ( -1.000000000000000000, 0.4799999999999999267, -1.600000000000000311 ) ) ;
#1858 = ORIENTED_EDGE ( 'NONE', *, *, #3991, .F. ) ;
#1859 = EDGE_CURVE ( 'NONE', #121, #2900, #1947, .T. ) ;
#1860 = DIRECTION ( 'NONE',  ( 0.000000000000000000, -1.000000000000000000, 0.000000000000000000 ) ) ;
#1861 = DIRECTION ( 'NONE',  ( -0.000000000000000000, -1.000000000000000000, -0.000000000000000000 ) ) ;
#1862 = CYLINDRICAL_SURFACE ( 'NONE', #2745, 0.06000000000000015737 ) ;
#1863 = DIRECTION ( 'NONE',  ( 7.346626438598939522E-16, 0.000000000000000000, -1.000000000000000000 ) ) ;
#1864 = CARTESIAN_POINT ( 'NONE',  ( -1.000000000000001110, 0.4799999999999999822, -1.600000000000000089 ) ) ;
#1865 = ADVANCED_FACE ( 'NONE', ( #998 ), #965, .T. ) ;
#1866 = EDGE_CURVE ( 'NONE', #563, #3724, #673, .T. ) ;
#1867 = ORIENTED_EDGE ( 'NONE', *, *, #3012, .F. ) ;
#1868 = EDGE_CURVE ( 'NONE', #1951, #3108, #2215, .T. ) ;
#1869 = ORIENTED_EDGE ( 'NONE', *, *, #3218, .T. ) ;
#1870 = LINE ( 'NONE', #2846, #209 ) ;
#1871 = ORIENTED_EDGE ( 'NONE', *, *, #1173, .F. ) ;
#1872 = VERTEX_POINT ( 'NONE', #2242 ) ;
#1873 = LINE ( 'NONE', #1294, #3485 ) ;
#1874 = EDGE_CURVE ( 'NONE', #868, #718, #1572, .T. ) ;
#1875 = EDGE_CURVE ( 'NONE', #3840, #154, #4093, .T. ) ;
#1876 = VERTEX_POINT ( 'NONE', #3855 ) ;
#1877 = FILL_AREA_STYLE_COLOUR ( '', #1749 ) ;
#1878 = EDGE_CURVE ( 'NONE', #3934, #2195, #2276, .T. ) ;
#1879 = DIRECTION ( 'NONE',  ( 0.000000000000000000, 0.000000000000000000, 1.000000000000000000 ) ) ;
#1880 = CIRCLE ( 'NONE', #547, 0.1750000000000002387 ) ;
#1881 = EDGE_CURVE ( 'NONE', #1091, #2541, #352, .T. ) ;
#1882 = CARTESIAN_POINT ( 'NONE',  ( -1.458333333333332815, 7.707635744030864267, 2.883333333333332416 ) ) ;
#1883 = CLOSED_SHELL ( 'NONE', ( #2809, #343, #1350, #2594, #2432, #502, #903, #129, #3728, #1060, #3327 ) ) ;
#1884 = ORIENTED_EDGE ( 'NONE', *, *, #4089, .T. ) ;
#1885 = EDGE_CURVE ( 'NONE', #936, #596, #3492, .T. ) ;
#1886 = EDGE_CURVE ( 'NONE', #3094, #183, #654, .T. ) ;
#1887 = DIRECTION ( 'NONE',  ( -1.000000000000000000, 0.000000000000000000, 1.486905836551549079E-16 ) ) ;
#1888 = CIRCLE ( 'NONE', #211, 0.05999999999999994227 ) ;
#1889 = DIRECTION ( 'NONE',  ( -0.000000000000000000, 1.000000000000000000, -0.000000000000000000 ) ) ;
#1890 = CARTESIAN_POINT ( 'NONE',  ( 1.749999999999999334, 2.200465053408525939, -3.000000000000000000 ) ) ;
#1891 = AXIS2_PLACEMENT_3D ( 'NONE', #1312, #2964, #3241 ) ;
#1892 = AXIS2_PLACEMENT_3D ( 'NONE', #3666, #2086, #3369 ) ;
#1893 = LINE ( 'NONE', #909, #3935 ) ;
#1894 = VECTOR ( 'NONE', #1405, 1000.000000000000000 ) ;
#1895 = VECTOR ( 'NONE', #3510, 1000.000000000000000 ) ;
#1896 = AXIS2_PLACEMENT_3D ( 'NONE', #1434, #1471, #3667 ) ;
#1897 = ORIENTED_EDGE ( 'NONE', *, *, #1000, .F. ) ;
#1898 = ORIENTED_EDGE ( 'NONE', *, *, #3138, .F. ) ;
#1899 = VECTOR ( 'NONE', #3836, 1000.000000000000000 ) ;
#1900 = AXIS2_PLACEMENT_3D ( 'NONE', #1804, #1116, #2391 ) ;
#1901 =( NAMED_UNIT ( * ) PLANE_ANGLE_UNIT ( ) SI_UNIT ( $, .RADIAN. ) );
#1902 = DIRECTION ( 'NONE',  ( -3.673313219299469761E-16, 0.000000000000000000, 1.000000000000000000 ) ) ;
#1903 = VECTOR ( 'NONE', #2693, 1000.000000000000000 ) ;
#1904 = DIRECTION ( 'NONE',  ( 0.000000000000000000, 0.000000000000000000, 1.000000000000000000 ) ) ;
#1905 = ORIENTED_EDGE ( 'NONE', *, *, #2661, .T. ) ;
#1906 = ORIENTED_EDGE ( 'NONE', *, *, #72, .F. ) ;
#1907 = DIRECTION ( 'NONE',  ( -5.782411586589358033E-15, 0.000000000000000000, 1.000000000000000000 ) ) ;
#1908 = CIRCLE ( 'NONE', #2827, 0.06000000000000015737 ) ;
#1909 = EDGE_CURVE ( 'NONE', #1675, #100, #2945, .T. ) ;
#1910 = DIRECTION ( 'NONE',  ( -0.000000000000000000, 1.000000000000000000, -0.000000000000000000 ) ) ;
#1911 = EDGE_CURVE ( 'NONE', #2183, #1292, #735, .T. ) ;
#1912 = ORIENTED_EDGE ( 'NONE', *, *, #3052, .F. ) ;
#1913 = FACE_OUTER_BOUND ( 'NONE', #739, .T. ) ;
#1914 = DIRECTION ( 'NONE',  ( 1.000000000000000000, 0.000000000000000000, 0.000000000000000000 ) ) ;
#1915 = CARTESIAN_POINT ( 'NONE',  ( -1.060000000000000275, 1.179999999999999938, -2.309999999999999609 ) ) ;
#1916 = ORIENTED_EDGE ( 'NONE', *, *, #676, .F. ) ;
#1917 = ORIENTED_EDGE ( 'NONE', *, *, #1992, .T. ) ;
#1918 = CARTESIAN_POINT ( 'NONE',  ( -1.574999999999999512, -1.720465053408525957, -3.000000000000000000 ) ) ;
#1919 = FACE_OUTER_BOUND ( 'NONE', #2469, .T. ) ;
#1920 = EDGE_LOOP ( 'NONE', ( #3479, #2367, #1234, #4060 ) ) ;
#1921 = EDGE_LOOP ( 'NONE', ( #68, #3295, #2448, #3860 ) ) ;
#1922 = DIRECTION ( 'NONE',  ( 0.000000000000000000, 0.000000000000000000, 1.000000000000000000 ) ) ;
#1923 = PLANE ( 'NONE',  #3545 ) ;
#1924 = EDGE_CURVE ( 'NONE', #2316, #3250, #2979, .T. ) ;
#1925 = EDGE_CURVE ( 'NONE', #3958, #1495, #2420, .T. ) ;
#1926 = CARTESIAN_POINT ( 'NONE',  ( 1.573333333333334139, 1.020023152615177731, 2.708333333333333481 ) ) ;
#1927 = ORIENTED_EDGE ( 'NONE', *, *, #3851, .F. ) ;
#1928 = DIRECTION ( 'NONE',  ( 0.000000000000000000, -1.000000000000000000, 0.000000000000000000 ) ) ;
#1929 = ORIENTED_EDGE ( 'NONE', *, *, #1072, .T. ) ;
#1930 = CARTESIAN_POINT ( 'NONE',  ( -1.700000000000000178, 0.4799999999999999822, 1.600000000000000311 ) ) ;
#1931 = ORIENTED_EDGE ( 'NONE', *, *, #1043, .T. ) ;
#1932 = PLANE ( 'NONE',  #3112 ) ;
#1933 = DIRECTION ( 'NONE',  ( -1.000000000000000000, 0.000000000000000000, 0.000000000000000000 ) ) ;
#1934 = EDGE_CURVE ( 'NONE', #3145, #1655, #3325, .T. ) ;
#1935 = ORIENTED_EDGE ( 'NONE', *, *, #2507, .T. ) ;
#1936 = DIRECTION ( 'NONE',  ( -1.000000000000000000, 0.000000000000000000, 0.000000000000000000 ) ) ;
#1937 = DIRECTION ( 'NONE',  ( -1.000000000000000000, 0.000000000000000000, -1.486905836551548832E-16 ) ) ;
#1938 = EDGE_CURVE ( 'NONE', #2774, #2362, #2958, .T. ) ;
#1939 = EDGE_LOOP ( 'NONE', ( #978, #2897, #2002, #3068 ) ) ;
#1940 = DIRECTION ( 'NONE',  ( -0.000000000000000000, 1.000000000000000000, -0.000000000000000000 ) ) ;
#1941 = DIRECTION ( 'NONE',  ( 0.000000000000000000, -0.000000000000000000, 1.000000000000000000 ) ) ;
#1942 = LINE ( 'NONE', #2683, #3875 ) ;
#1943 = DIRECTION ( 'NONE',  ( 0.000000000000000000, -1.000000000000000000, 0.000000000000000000 ) ) ;
#1944 = ORIENTED_EDGE ( 'NONE', *, *, #2537, .T. ) ;
#1945 = ADVANCED_FACE ( 'NONE', ( #460 ), #2300, .F. ) ;
#1946 = DIRECTION ( 'NONE',  ( 0.000000000000000000, -1.000000000000000000, 0.000000000000000000 ) ) ;
#1947 = LINE ( 'NONE', #1284, #2689 ) ;
#1948 = EDGE_LOOP ( 'NONE', ( #2615, #1344, #2538, #3006 ) ) ;
#1949 = ADVANCED_FACE ( 'NONE', ( #575 ), #1299, .T. ) ;
#1950 = EDGE_CURVE ( 'NONE', #1188, #2830, #995, .T. ) ;
#1951 = VERTEX_POINT ( 'NONE', #934 ) ;
#1952 = VECTOR ( 'NONE', #1425, 1000.000000000000000 ) ;
#1953 = ADVANCED_FACE ( 'NONE', ( #2813 ), #2193, .F. ) ;
#1954 = DIRECTION ( 'NONE',  ( 1.000000000000000000, 0.000000000000000000, 0.000000000000000000 ) ) ;
#1955 = APPLICATION_CONTEXT ( 'automotive_design' ) ;
#1956 = VECTOR ( 'NONE', #710, 1000.000000000000000 ) ;
#1957 = AXIS2_PLACEMENT_3D ( 'NONE', #2810, #1295, #648 ) ;
#1958 = ORIENTED_EDGE ( 'NONE', *, *, #466, .F. ) ;
#1959 = CARTESIAN_POINT ( 'NONE',  ( 1.458333333333334147, 1.020023152615177287, 2.708333333333333481 ) ) ;
#1960 = AXIS2_PLACEMENT_3D ( 'NONE', #3087, #4021, #1524 ) ;
#1961 = ORIENTED_EDGE ( 'NONE', *, *, #2849, .F. ) ;
#1962 = EDGE_CURVE ( 'NONE', #1850, #932, #2642, .T. ) ;
#1963 = VECTOR ( 'NONE', #1121, 1000.000000000000000 ) ;
#1964 = LINE ( 'NONE', #3301, #828 ) ;
#1965 = SURFACE_STYLE_USAGE ( .BOTH. , #3217 ) ;
#1966 = CARTESIAN_POINT ( 'NONE',  ( -1.749999999999999556, 0.4799999999999999267, -2.774999999999999911 ) ) ;
#1967 = VECTOR ( 'NONE', #1797, 1000.000000000000000 ) ;
#1968 = CIRCLE ( 'NONE', #962, 0.1749999999999998224 ) ;
#1969 = CLOSED_SHELL ( 'NONE', ( #2976, #1466, #2562, #704, #4068, #3823, #2556, #2053, #2977, #251, #2006 ) ) ;
#1970 = CARTESIAN_POINT ( 'NONE',  ( 1.460000000000000187, 1.199999999999999956, 2.708333333333333481 ) ) ;
#1971 = CARTESIAN_POINT ( 'NONE',  ( 1.700000000000000622, 2.200465053408525939, -1.600000000000000311 ) ) ;
#1972 = CYLINDRICAL_SURFACE ( 'NONE', #2095, 0.1150000000000000883 ) ;
#1973 = CARTESIAN_POINT ( 'NONE',  ( -4.376459512250057914E-16, 0.9599999999999998535, 2.943333333333332469 ) ) ;
#1974 = ORIENTED_EDGE ( 'NONE', *, *, #1633, .F. ) ;
#1975 = EDGE_CURVE ( 'NONE', #2159, #1091, #1686, .T. ) ;
#1976 = ORIENTED_EDGE ( 'NONE', *, *, #213, .F. ) ;
#1977 = CARTESIAN_POINT ( 'NONE',  ( -1.060000000000000275, 1.199999999999999956, -2.309999999999999609 ) ) ;
#1978 = DIRECTION ( 'NONE',  ( -1.601283208593975760E-16, 0.000000000000000000, -1.000000000000000000 ) ) ;
#1979 = VERTEX_POINT ( 'NONE', #458 ) ;
#1980 = CARTESIAN_POINT ( 'NONE',  ( -1.060000000000000275, 1.199999999999999956, -2.309999999999999609 ) ) ;
#1981 = LINE ( 'NONE', #1679, #3294 ) ;
#1982 = CARTESIAN_POINT ( 'NONE',  ( 1.749999999999999334, -1.720465053408525957, -3.000000000000000000 ) ) ;
#1983 = DIRECTION ( 'NONE',  ( -4.003208021484940018E-17, 0.000000000000000000, 1.000000000000000000 ) ) ;
#1984 = CARTESIAN_POINT ( 'NONE',  ( 1.458333333333334147, 1.020023152615177509, -2.883333333333332860 ) ) ;
#1985 = DIRECTION ( 'NONE',  ( 0.000000000000000000, 0.000000000000000000, -1.000000000000000000 ) ) ;
#1986 = ORIENTED_EDGE ( 'NONE', *, *, #106, .T. ) ;
#1987 = ORIENTED_EDGE ( 'NONE', *, *, #1868, .F. ) ;
#1988 = DIRECTION ( 'NONE',  ( -0.000000000000000000, 1.000000000000000000, -0.000000000000000000 ) ) ;
#1989 = EDGE_LOOP ( 'NONE', ( #1551, #3731, #3117, #1175, #2604, #1780, #2176, #328 ) ) ;
#1990 = ORIENTED_EDGE ( 'NONE', *, *, #2887, .F. ) ;
#1991 = DIRECTION ( 'NONE',  ( -0.000000000000000000, -1.000000000000000000, -0.000000000000000000 ) ) ;
#1992 = EDGE_CURVE ( 'NONE', #2104, #1185, #2376, .T. ) ;
#1993 = DIRECTION ( 'NONE',  ( 4.336808689942018229E-16, 0.000000000000000000, -1.000000000000000000 ) ) ;
#1994 = VERTEX_POINT ( 'NONE', #2297 ) ;
#1995 = CARTESIAN_POINT ( 'NONE',  ( -1.530625890315196802, 0.000000000000000000, 2.949999999999999734 ) ) ;
#1996 = ORIENTED_EDGE ( 'NONE', *, *, #3674, .F. ) ;
#1997 = CARTESIAN_POINT ( 'NONE',  ( 1.524999999999999467, 0.4799999999999999822, 3.000000000000000000 ) ) ;
#1998 = DIRECTION ( 'NONE',  ( -1.000000000000000000, 0.000000000000000000, 6.424901762877064481E-16 ) ) ;
#1999 = DIRECTION ( 'NONE',  ( 0.000000000000000000, 0.000000000000000000, 1.000000000000000000 ) ) ;
#2000 = LINE ( 'NONE', #730, #30 ) ;
#2001 = EDGE_CURVE ( 'NONE', #2830, #1235, #3805, .T. ) ;
#2002 = ORIENTED_EDGE ( 'NONE', *, *, #780, .F. ) ;
#2003 = ADVANCED_FACE ( 'NONE', ( #2440 ), #3693, .T. ) ;
#2004 = CARTESIAN_POINT ( 'NONE',  ( 0.000000000000000000, 0.4799999999999999267, 0.000000000000000000 ) ) ;
#2005 = ORIENTED_EDGE ( 'NONE', *, *, #3254, .T. ) ;
#2006 = ADVANCED_FACE ( 'NONE', ( #185 ), #1741, .T. ) ;
#2007 = DIRECTION ( 'NONE',  ( 0.000000000000000000, 0.000000000000000000, 1.000000000000000000 ) ) ;
#2008 = UNCERTAINTY_MEASURE_WITH_UNIT (LENGTH_MEASURE( 1.000000000000000082E-05 ), #2099, 'distance_accuracy_value', 'NONE');
#2009 = LINE ( 'NONE', #3932, #1612 ) ;
#2010 = ORIENTED_EDGE ( 'NONE', *, *, #1237, .F. ) ;
#2011 = EDGE_LOOP ( 'NONE', ( #1898, #3122, #57, #2675 ) ) ;
#2012 = VECTOR ( 'NONE', #3741, 1000.000000000000000 ) ;
#2013 = ADVANCED_FACE ( 'NONE', ( #527 ), #3968, .T. ) ;
#2014 = ORIENTED_EDGE ( 'NONE', *, *, #2524, .T. ) ;
#2015 = CIRCLE ( 'NONE', #1812, 0.1749999999999998224 ) ;
#2016 = DIRECTION ( 'NONE',  ( 1.000000000000000000, 0.000000000000000000, 6.424901762877064481E-16 ) ) ;
#2017 = AXIS2_PLACEMENT_3D ( 'NONE', #2961, #3595, #1062 ) ;
#2018 = EDGE_LOOP ( 'NONE', ( #2, #1174, #2784, #1040 ) ) ;
#2019 = CARTESIAN_POINT ( 'NONE',  ( -1.060000000000000275, 1.199999999999999956, -2.309999999999999609 ) ) ;
#2020 = VERTEX_POINT ( 'NONE', #2110 ) ;
#2021 = AXIS2_PLACEMENT_3D ( 'NONE', #451, #2613, #2307 ) ;
#2022 = TOROIDAL_SURFACE ( 'NONE', #217, 0.001666666666666729874, 0.1149999999999999911 ) ;
#2023 = FACE_OUTER_BOUND ( 'NONE', #3673, .T. ) ;
#2024 = FACE_OUTER_BOUND ( 'NONE', #3299, .T. ) ;
#2025 = CIRCLE ( 'NONE', #218, 0.06000000000000015737 ) ;
#2026 = DIRECTION ( 'NONE',  ( 0.000000000000000000, -7.230804683874498048E-15, 1.000000000000000000 ) ) ;
#2027 = AXIS2_PLACEMENT_3D ( 'NONE', #509, #1773, #541 ) ;
#2028 = VECTOR ( 'NONE', #1771, 1000.000000000000000 ) ;
#2029 = EDGE_CURVE ( 'NONE', #2933, #2563, #3411, .T. ) ;
#2030 = VECTOR ( 'NONE', #852, 1000.000000000000000 ) ;
#2031 = EDGE_CURVE ( 'NONE', #3788, #3474, #1808, .T. ) ;
#2032 = VECTOR ( 'NONE', #3136, 1000.000000000000000 ) ;
#2033 = CIRCLE ( 'NONE', #1610, 0.2000000000000000944 ) ;
#2034 = CIRCLE ( 'NONE', #3698, 0.2249999999999995060 ) ;
#2035 = VECTOR ( 'NONE', #2069, 1000.000000000000000 ) ;
#2036 = DIRECTION ( 'NONE',  ( 0.000000000000000000, 0.000000000000000000, 1.000000000000000000 ) ) ;
#2037 = LINE ( 'NONE', #877, #2957 ) ;
#2038 = CARTESIAN_POINT ( 'NONE',  ( -4.202987164652376219E-16, 1.020023152615177731, -2.823333333333333250 ) ) ;
#2039 = ORIENTED_EDGE ( 'NONE', *, *, #2054, .F. ) ;
#2040 = DIRECTION ( 'NONE',  ( 0.000000000000000000, 0.000000000000000000, -1.000000000000000000 ) ) ;
#2041 = VERTEX_POINT ( 'NONE', #1789 ) ;
#2042 = CARTESIAN_POINT ( 'NONE',  ( 1.699999999999999734, 2.200465053408525939, 6.244632472809097608E-16 ) ) ;
#2043 = EDGE_LOOP ( 'NONE', ( #3099, #3419, #1327, #517, #1831, #2056, #3387, #2842, #1905, #382 ) ) ;
#2044 = VERTEX_POINT ( 'NONE', #3711 ) ;
#2045 = CARTESIAN_POINT ( 'NONE',  ( -1.458333333333333703, 7.707635744030864267, -2.708333333333333037 ) ) ;
#2046 = VERTEX_POINT ( 'NONE', #3080 ) ;
#2047 = DIRECTION ( 'NONE',  ( 1.000000000000000000, -0.000000000000000000, 0.000000000000000000 ) ) ;
#2048 = CARTESIAN_POINT ( 'NONE',  ( 1.700000000000000178, 0.000000000000000000, 2.780625890315197246 ) ) ;
#2049 = LINE ( 'NONE', #3323, #2489 ) ;
#2050 = CARTESIAN_POINT ( 'NONE',  ( -1.524999999999999467, -1.720465053408525957, -3.000000000000000000 ) ) ;
#2051 = EDGE_CURVE ( 'NONE', #2362, #1577, #4035, .T. ) ;
#2052 = DIRECTION ( 'NONE',  ( 0.000000000000000000, -0.000000000000000000, -1.000000000000000000 ) ) ;
#2053 = ADVANCED_FACE ( 'NONE', ( #2751 ), #3102, .T. ) ;
#2054 = EDGE_CURVE ( 'NONE', #2631, #1001, #2779, .T. ) ;
#2055 = EDGE_CURVE ( 'NONE', #1578, #1061, #2145, .T. ) ;
#2056 = ORIENTED_EDGE ( 'NONE', *, *, #676, .T. ) ;
#2057 = CARTESIAN_POINT ( 'NONE',  ( -1.749999999999999334, -1.720465053408525957, 2.825000000000000178 ) ) ;
#2058 = DIRECTION ( 'NONE',  ( -0.000000000000000000, -1.000000000000000000, -0.000000000000000000 ) ) ;
#2059 = EDGE_LOOP ( 'NONE', ( #3121, #2389, #4007, #1897 ) ) ;
#2060 = ORIENTED_EDGE ( 'NONE', *, *, #3003, .T. ) ;
#2061 = EDGE_LOOP ( 'NONE', ( #3168, #2868, #1607, #426 ) ) ;
#2062 = LINE ( 'NONE', #3336, #1742 ) ;
#2063 = ORIENTED_EDGE ( 'NONE', *, *, #2426, .F. ) ;
#2064 = CARTESIAN_POINT ( 'NONE',  ( -1.458333333333332815, 1.020000000000000018, 2.943333333333332469 ) ) ;
#2065 = CARTESIAN_POINT ( 'NONE',  ( 1.693333333333334023, 0.9599999999999998535, -6.778765583047832601E-17 ) ) ;
#2066 = CARTESIAN_POINT ( 'NONE',  ( 1.458333333333334147, 7.668771135231173375, 2.708333333333333481 ) ) ;
#2067 = DIRECTION ( 'NONE',  ( 0.000000000000000000, -1.000000000000000000, 0.000000000000000000 ) ) ;
#2068 = EDGE_CURVE ( 'NONE', #519, #3205, #1216, .T. ) ;
#2069 = DIRECTION ( 'NONE',  ( -0.000000000000000000, 1.000000000000000000, -0.000000000000000000 ) ) ;
#2070 = ORIENTED_EDGE ( 'NONE', *, *, #2426, .T. ) ;
#2071 = CARTESIAN_POINT ( 'NONE',  ( -1.749999999999999334, 0.4799999999999999822, 3.000000000000000000 ) ) ;
#2072 = VERTEX_POINT ( 'NONE', #796 ) ;
#2073 = EDGE_CURVE ( 'NONE', #3108, #412, #4072, .T. ) ;
#2074 = DIRECTION ( 'NONE',  ( -4.336808689942006692E-15, 0.000000000000000000, -1.000000000000000000 ) ) ;
#2075 = ORIENTED_EDGE ( 'NONE', *, *, #2508, .T. ) ;
#2076 = ORIENTED_EDGE ( 'NONE', *, *, #1253, .T. ) ;
#2077 =( GEOMETRIC_REPRESENTATION_CONTEXT ( 3 ) GLOBAL_UNCERTAINTY_ASSIGNED_CONTEXT ( ( #174 ) ) GLOBAL_UNIT_ASSIGNED_CONTEXT ( ( #1341, #2374, #1366 ) ) REPRESENTATION_CONTEXT ( 'NONE', 'WORKASPACE' ) );
#2078 = EDGE_LOOP ( 'NONE', ( #3342, #1079, #2369, #1733 ) ) ;
#2079 = DIRECTION ( 'NONE',  ( -4.003208021484938785E-17, 0.000000000000000000, -1.000000000000000000 ) ) ;
#2080 = DIRECTION ( 'NONE',  ( -0.000000000000000000, -1.000000000000000000, -0.000000000000000000 ) ) ;
#2081 = CARTESIAN_POINT ( 'NONE',  ( 0.7500000000000001110, 0.4799999999999999822, 1.600000000000000089 ) ) ;
#2082 = CARTESIAN_POINT ( 'NONE',  ( -1.749999999999999334, -1.720465053408525957, -2.825000000000000178 ) ) ;
#2083 = DIRECTION ( 'NONE',  ( 0.000000000000000000, 0.000000000000000000, -1.000000000000000000 ) ) ;
#2084 = DIRECTION ( 'NONE',  ( 0.000000000000000000, 0.000000000000000000, 1.000000000000000000 ) ) ;
#2085 = AXIS2_PLACEMENT_3D ( 'NONE', #3652, #1696, #2040 ) ;
#2086 = DIRECTION ( 'NONE',  ( 0.000000000000000000, 1.000000000000000000, 0.000000000000000000 ) ) ;
#2087 = EDGE_CURVE ( 'NONE', #154, #2105, #761, .T. ) ;
#2088 = AXIS2_PLACEMENT_3D ( 'NONE', #61, #405, #2234 ) ;
#2089 = AXIS2_PLACEMENT_3D ( 'NONE', #1681, #2686, #1999 ) ;
#2090 = LINE ( 'NONE', #3371, #2285 ) ;
#2091 = CARTESIAN_POINT ( 'NONE',  ( 0.000000000000000000, 0.000000000000000000, 0.000000000000000000 ) ) ;
#2092 = VECTOR ( 'NONE', #3394, 1000.000000000000000 ) ;
#2093 = CIRCLE ( 'NONE', #3039, 0.1166666666666659607 ) ;
#2094 = PRESENTATION_LAYER_ASSIGNMENT (  '', '', ( #757 ) ) ;
#2095 = AXIS2_PLACEMENT_3D ( 'NONE', #3249, #1647, #2924 ) ;
#2096 = AXIS2_PLACEMENT_3D ( 'NONE', #1338, #3564, #3275 ) ;
#2097 = VECTOR ( 'NONE', #835, 1000.000000000000000 ) ;
#2098 = LINE ( 'NONE', #3375, #1281 ) ;
#2099 =( LENGTH_UNIT ( ) NAMED_UNIT ( * ) SI_UNIT ( .MILLI., .METRE. ) );
#2100 = VECTOR ( 'NONE', #3898, 1000.000000000000000 ) ;
#2101 = PLANE ( 'NONE',  #3109 ) ;
#2102 = EDGE_CURVE ( 'NONE', #2722, #1655, #3811, .T. ) ;
#2103 = ADVANCED_FACE ( 'NONE', ( #1171 ), #2738, .F. ) ;
#2104 = VERTEX_POINT ( 'NONE', #848 ) ;
#2105 = VERTEX_POINT ( 'NONE', #3723 ) ;
#2106 = SURFACE_SIDE_STYLE ('',( #3644 ) ) ;
#2107 = CARTESIAN_POINT ( 'NONE',  ( -1.458333333333332815, 1.020000000000000018, 2.883333333333332416 ) ) ;
#2108 = ORIENTED_EDGE ( 'NONE', *, *, #4020, .F. ) ;
#2109 = EDGE_LOOP ( 'NONE', ( #53, #3239 ) ) ;
#2110 = CARTESIAN_POINT ( 'NONE',  ( -1.749999999999999556, 0.000000000000000000, 2.774999999999999911 ) ) ;
#2111 = CARTESIAN_POINT ( 'NONE',  ( -1.633333333333332860, 1.020023152615177509, 2.708333333333333481 ) ) ;
#2112 = FACE_OUTER_BOUND ( 'NONE', #2497, .T. ) ;
#2113 = DIRECTION ( 'NONE',  ( 0.000000000000000000, 1.000000000000000000, 0.000000000000000000 ) ) ;
#2114 = ADVANCED_FACE ( 'NONE', ( #582 ), #3702, .T. ) ;
#2115 =( NAMED_UNIT ( * ) SI_UNIT ( $, .STERADIAN. ) SOLID_ANGLE_UNIT ( ) );
#2116 = LINE ( 'NONE', #3415, #2012 ) ;
#2117 = ORIENTED_EDGE ( 'NONE', *, *, #3648, .F. ) ;
#2118 = DIRECTION ( 'NONE',  ( -1.000000000000000000, 0.000000000000000000, -4.336808689942018229E-16 ) ) ;
#2119 = DIRECTION ( 'NONE',  ( 0.000000000000000000, 0.000000000000000000, -1.000000000000000000 ) ) ;
#2120 = VERTEX_POINT ( 'NONE', #1864 ) ;
#2121 = ORIENTED_EDGE ( 'NONE', *, *, #1646, .F. ) ;
#2122 = EDGE_CURVE ( 'NONE', #2928, #3129, #4025, .T. ) ;
#2123 = CARTESIAN_POINT ( 'NONE',  ( -0.7499999999999992228, 0.000000000000000000, -2.949999999999999734 ) ) ;
#2124 = CARTESIAN_POINT ( 'NONE',  ( 0.7499999999999992228, 0.000000000000000000, 2.949999999999999734 ) ) ;
#2125 = DIRECTION ( 'NONE',  ( -0.000000000000000000, 1.000000000000000000, -0.000000000000000000 ) ) ;
#2126 = ADVANCED_FACE ( 'NONE', ( #4057 ), #2467, .T. ) ;
#2127 = FACE_OUTER_BOUND ( 'NONE', #1112, .T. ) ;
#2128 = CARTESIAN_POINT ( 'NONE',  ( 1.700000000000000178, 2.200465053408525939, 1.600000000000000311 ) ) ;
#2129 = SURFACE_SIDE_STYLE ('',( #860 ) ) ;
#2130 = DIRECTION ( 'NONE',  ( 0.000000000000000000, 0.000000000000000000, 1.000000000000000000 ) ) ;
#2131 = UNCERTAINTY_MEASURE_WITH_UNIT (LENGTH_MEASURE( 1.000000000000000082E-05 ), #898, 'distance_accuracy_value', 'NONE');
#2132 = DIRECTION ( 'NONE',  ( 0.000000000000000000, 0.000000000000000000, -1.000000000000000000 ) ) ;
#2133 = ORIENTED_EDGE ( 'NONE', *, *, #3252, .T. ) ;
#2134 = ADVANCED_FACE ( 'NONE', ( #535 ), #3744, .T. ) ;
#2135 = DIRECTION ( 'NONE',  ( 0.000000000000000000, 1.000000000000000000, 0.000000000000000000 ) ) ;
#2136 = FACE_OUTER_BOUND ( 'NONE', #2059, .T. ) ;
#2137 = EDGE_LOOP ( 'NONE', ( #1916, #2433, #3572, #765 ) ) ;
#2138 = ORIENTED_EDGE ( 'NONE', *, *, #3003, .F. ) ;
#2139 = ORIENTED_EDGE ( 'NONE', *, *, #854, .T. ) ;
#2140 = ORIENTED_EDGE ( 'NONE', *, *, #3430, .F. ) ;
#2141 = ORIENTED_EDGE ( 'NONE', *, *, #332, .F. ) ;
#2142 = LINE ( 'NONE', #1497, #955 ) ;
#2143 = CARTESIAN_POINT ( 'NONE',  ( 0.000000000000000000, 0.4799999999999999822, -2.949999999999999734 ) ) ;
#2144 = LINE ( 'NONE', #3707, #692 ) ;
#2145 = LINE ( 'NONE', #3426, #630 ) ;
#2146 = CARTESIAN_POINT ( 'NONE',  ( -1.749999999999999334, 0.9599999999999999645, -3.000000000000000000 ) ) ;
#2147 = DIRECTION ( 'NONE',  ( -7.346626438598939522E-16, 0.000000000000000000, -1.000000000000000000 ) ) ;
#2148 = CIRCLE ( 'NONE', #342, 0.2249999999999999500 ) ;
#2149 = ADVANCED_FACE ( 'NONE', ( #3378 ), #2101, .F. ) ;
#2150 = AXIS2_PLACEMENT_3D ( 'NONE', #2776, #3406, #226 ) ;
#2151 = EDGE_LOOP ( 'NONE', ( #1931, #36, #1280, #856 ) ) ;
#2152 = VECTOR ( 'NONE', #3266, 1000.000000000000000 ) ;
#2153 = AXIS2_PLACEMENT_3D ( 'NONE', #1166, #1710, #2662 ) ;
#2154 =( GEOMETRIC_REPRESENTATION_CONTEXT ( 3 ) GLOBAL_UNCERTAINTY_ASSIGNED_CONTEXT ( ( #2763 ) ) GLOBAL_UNIT_ASSIGNED_CONTEXT ( ( #3216, #345, #3505 ) ) REPRESENTATION_CONTEXT ( 'NONE', 'WORKASPACE' ) );
#2155 = CARTESIAN_POINT ( 'NONE',  ( 0.7500000000000001110, 2.200465053408525939, -1.600000000000000089 ) ) ;
#2156 = VECTOR ( 'NONE', #2523, 1000.000000000000000 ) ;
#2157 = CARTESIAN_POINT ( 'NONE',  ( 1.458333333333334147, 7.668771135231173375, -2.824999999999999734 ) ) ;
#2158 = AXIS2_PLACEMENT_3D ( 'NONE', #787, #119, #1398 ) ;
#2159 = VERTEX_POINT ( 'NONE', #4081 ) ;
#2160 = VECTOR ( 'NONE', #1836, 1000.000000000000000 ) ;
#2161 = DIRECTION ( 'NONE',  ( -0.000000000000000000, -1.000000000000000000, -0.000000000000000000 ) ) ;
#2162 = LINE ( 'NONE', #2948, #1753 ) ;
#2163 = CARTESIAN_POINT ( 'NONE',  ( 1.750000000000000666, 0.4799999999999999267, 2.825000000000000178 ) ) ;
#2164 = AXIS2_PLACEMENT_3D ( 'NONE', #518, #3150, #2447 ) ;
#2165 = VECTOR ( 'NONE', #2769, 1000.000000000000000 ) ;
#2166 = ORIENTED_EDGE ( 'NONE', *, *, #2254, .F. ) ;
#2167 = VERTEX_POINT ( 'NONE', #3678 ) ;
#2168 = ORIENTED_EDGE ( 'NONE', *, *, #615, .T. ) ;
#2169 = ORIENTED_EDGE ( 'NONE', *, *, #2625, .T. ) ;
#2170 = DIRECTION ( 'NONE',  ( -0.7071067811865465735, -0.000000000000000000, 0.7071067811865483499 ) ) ;
#2171 = DIRECTION ( 'NONE',  ( -6.424901762877064481E-16, 0.000000000000000000, 1.000000000000000000 ) ) ;
#2172 = EDGE_CURVE ( 'NONE', #665, #140, #3493, .T. ) ;
#2173 = ORIENTED_EDGE ( 'NONE', *, *, #2263, .T. ) ;
#2174 = DIRECTION ( 'NONE',  ( -1.000000000000000000, -0.000000000000000000, -0.000000000000000000 ) ) ;
#2175 = CARTESIAN_POINT ( 'NONE',  ( -1.574999999999999512, -1.720465053408525957, -3.000000000000000000 ) ) ;
#2176 = ORIENTED_EDGE ( 'NONE', *, *, #172, .T. ) ;
#2177 = EDGE_CURVE ( 'NONE', #1235, #241, #2430, .T. ) ;
#2178 = DIRECTION ( 'NONE',  ( -0.000000000000000000, -1.000000000000000000, -0.000000000000000000 ) ) ;
#2179 = FACE_OUTER_BOUND ( 'NONE', #2515, .T. ) ;
#2180 = DIRECTION ( 'NONE',  ( 0.000000000000000000, -1.000000000000000000, 0.000000000000000000 ) ) ;
#2181 = FACE_OUTER_BOUND ( 'NONE', #3235, .T. ) ;
#2182 = ORIENTED_EDGE ( 'NONE', *, *, #1573, .T. ) ;
#2183 = VERTEX_POINT ( 'NONE', #3090 ) ;
#2184 = ADVANCED_FACE ( 'NONE', ( #2136 ), #3417, .T. ) ;
#2185 = PRODUCT ( '406I35S24M00000', '406I35S24M00000', '', ( #1798 ) ) ;
#2186 = CARTESIAN_POINT ( 'NONE',  ( -1.699999999999999289, 0.4799999999999999822, -2.780625890315197246 ) ) ;
#2187 = ORIENTED_EDGE ( 'NONE', *, *, #4094, .F. ) ;
#2188 = CARTESIAN_POINT ( 'NONE',  ( 1.458333333333334147, 1.020000000000000018, -2.883333333333333304 ) ) ;
#2189 = EDGE_LOOP ( 'NONE', ( #260, #1869, #3027, #2431 ) ) ;
#2190 = EDGE_CURVE ( 'NONE', #331, #4023, #240, .T. ) ;
#2191 = DIRECTION ( 'NONE',  ( 0.000000000000000000, 1.000000000000000000, 0.000000000000000000 ) ) ;
#2192 = DIRECTION ( 'NONE',  ( 0.000000000000000000, -1.000000000000000000, 0.000000000000000000 ) ) ;
#2193 = PLANE ( 'NONE',  #1412 ) ;
#2194 = DIRECTION ( 'NONE',  ( 0.000000000000000000, 0.000000000000000000, -1.000000000000000000 ) ) ;
#2195 = VERTEX_POINT ( 'NONE', #3498 ) ;
#2196 = CARTESIAN_POINT ( 'NONE',  ( 1.458333333333334147, 1.199999999999999956, 2.709999999999999520 ) ) ;
#2197 = DIRECTION ( 'NONE',  ( -1.000000000000000000, 0.000000000000000000, 4.565061778886334044E-16 ) ) ;
#2198 = CARTESIAN_POINT ( 'NONE',  ( -1.693333333333333801, 0.9599999999999998535, -2.708333333333333037 ) ) ;
#2199 = DIRECTION ( 'NONE',  ( 7.346626438598939522E-16, -0.000000000000000000, -1.000000000000000000 ) ) ;
#2200 = LINE ( 'NONE', #610, #571 ) ;
#2201 = EDGE_CURVE ( 'NONE', #3795, #3742, #2546, .T. ) ;
#2202 = EDGE_CURVE ( 'NONE', #1697, #1854, #1382, .T. ) ;
#2203 = EDGE_CURVE ( 'NONE', #3748, #3899, #1168, .T. ) ;
#2204 = SURFACE_STYLE_FILL_AREA ( #2845 ) ;
#2205 = FACE_OUTER_BOUND ( 'NONE', #1113, .T. ) ;
#2206 = CARTESIAN_POINT ( 'NONE',  ( 1.458333333333334147, 0.9599999999999998535, -2.708333333333333925 ) ) ;
#2207 = VERTEX_POINT ( 'NONE', #531 ) ;
#2208 = CARTESIAN_POINT ( 'NONE',  ( 0.7500000000000011102, 0.4799999999999999822, -4.646580739223597897E-16 ) ) ;
#2209 = EDGE_CURVE ( 'NONE', #4023, #44, #3086, .T. ) ;
#2210 = ORIENTED_EDGE ( 'NONE', *, *, #2292, .T. ) ;
#2211 = AXIS2_PLACEMENT_3D ( 'NONE', #589, #2530, #1562 ) ;
#2212 = CARTESIAN_POINT ( 'NONE',  ( 1.750000000000000666, -1.720465053408525957, -2.825000000000000178 ) ) ;
#2213 = ADVANCED_FACE ( 'NONE', ( #1283 ), #2258, .F. ) ;
#2214 = AXIS2_PLACEMENT_3D ( 'NONE', #870, #811, #587 ) ;
#2215 = LINE ( 'NONE', #301, #1271 ) ;
#2216 = CIRCLE ( 'NONE', #2021, 0.2249999999999999500 ) ;
#2217 = LINE ( 'NONE', #1588, #1759 ) ;
#2218 = AXIS2_PLACEMENT_3D ( 'NONE', #841, #1502, #3042 ) ;
#2219 =( GEOMETRIC_REPRESENTATION_CONTEXT ( 3 ) GLOBAL_UNCERTAINTY_ASSIGNED_CONTEXT ( ( #2008 ) ) GLOBAL_UNIT_ASSIGNED_CONTEXT ( ( #2099, #3740, #2115 ) ) REPRESENTATION_CONTEXT ( 'NONE', 'WORKASPACE' ) );
#2220 = AXIS2_PLACEMENT_3D ( 'NONE', #3259, #749, #1051 ) ;
#2221 = AXIS2_PLACEMENT_3D ( 'NONE', #1766, #3360, #1463 ) ;
#2222 = FACE_OUTER_BOUND ( 'NONE', #2854, .T. ) ;
#2223 = VERTEX_POINT ( 'NONE', #2275 ) ;
#2224 = VECTOR ( 'NONE', #637, 1000.000000000000000 ) ;
#2225 = CIRCLE ( 'NONE', #1473, 0.06000000000000015737 ) ;
#2226 = FACE_OUTER_BOUND ( 'NONE', #2629, .T. ) ;
#2227 = CIRCLE ( 'NONE', #1278, 0.1749999999999998224 ) ;
#2228 = CARTESIAN_POINT ( 'NONE',  ( 0.7499999999999992228, -1.720465053408525957, -2.949999999999999734 ) ) ;
#2229 = ORIENTED_EDGE ( 'NONE', *, *, #2929, .F. ) ;
#2230 = LINE ( 'NONE', #2208, #1154 ) ;
#2231 = CIRCLE ( 'NONE', #3816, 0.06000000000000015737 ) ;
#2232 = VERTEX_POINT ( 'NONE', #2565 ) ;
#2233 = LINE ( 'NONE', #992, #156 ) ;
#2234 = DIRECTION ( 'NONE',  ( -1.000000000000000000, 0.000000000000000000, 0.000000000000000000 ) ) ;
#2235 = DIRECTION ( 'NONE',  ( 1.000000000000000000, 0.000000000000000000, 1.486905836551548586E-16 ) ) ;
#2236 = CARTESIAN_POINT ( 'NONE',  ( -1.699999999999999289, 0.4799999999999999267, 2.780625890315197246 ) ) ;
#2237 = CARTESIAN_POINT ( 'NONE',  ( -1.749999999999999334, 0.000000000000000000, -3.000000000000000000 ) ) ;
#2238 = ORIENTED_EDGE ( 'NONE', *, *, #657, .T. ) ;
#2239 = ADVANCED_FACE ( 'NONE', ( #3467 ), #3809, .F. ) ;
#2240 = ADVANCED_FACE ( 'NONE', ( #3544 ), #329, .F. ) ;
#2241 = DIRECTION ( 'NONE',  ( -0.7071067811865484609, 0.000000000000000000, -0.7071067811865465735 ) ) ;
#2242 = CARTESIAN_POINT ( 'NONE',  ( -1.699999999999999289, 0.000000000000000000, 2.780625890315197246 ) ) ;
#2243 = ORIENTED_EDGE ( 'NONE', *, *, #854, .F. ) ;
#2244 = EDGE_CURVE ( 'NONE', #3844, #2414, #355, .T. ) ;
#2245 = DIRECTION ( 'NONE',  ( 0.000000000000000000, 0.000000000000000000, -1.000000000000000000 ) ) ;
#2246 = CARTESIAN_POINT ( 'NONE',  ( 0.000000000000000000, 2.200465053408525939, 2.949999999999999734 ) ) ;
#2247 = CARTESIAN_POINT ( 'NONE',  ( -1.749999999999999334, -1.720465053408525957, 3.000000000000000000 ) ) ;
#2248 = EDGE_LOOP ( 'NONE', ( #1102, #2869, #1884, #3332 ) ) ;
#2249 = VERTEX_POINT ( 'NONE', #672 ) ;
#2250 = EDGE_CURVE ( 'NONE', #3958, #160, #1630, .T. ) ;
#2251 = LINE ( 'NONE', #625, #830 ) ;
#2252 = ORIENTED_EDGE ( 'NONE', *, *, #273, .T. ) ;
#2253 = LINE ( 'NONE', #3220, #2280 ) ;
#2254 = EDGE_CURVE ( 'NONE', #2120, #1852, #3527, .T. ) ;
#2255 = ORIENTED_EDGE ( 'NONE', *, *, #1601, .F. ) ;
#2256 = EDGE_CURVE ( 'NONE', #745, #4002, #3236, .T. ) ;
#2257 = DIRECTION ( 'NONE',  ( 1.000000000000000000, 0.000000000000000000, 1.486905836551548586E-16 ) ) ;
#2258 = PLANE ( 'NONE',  #1625 ) ;
#2259 = EDGE_CURVE ( 'NONE', #276, #1493, #2423, .T. ) ;
#2260 = DIRECTION ( 'NONE',  ( -0.000000000000000000, 1.000000000000000000, -0.000000000000000000 ) ) ;
#2261 = ORIENTED_EDGE ( 'NONE', *, *, #1256, .T. ) ;
#2262 = DIRECTION ( 'NONE',  ( 1.734723475976802677E-14, 0.000000000000000000, 1.000000000000000000 ) ) ;
#2263 = EDGE_CURVE ( 'NONE', #3421, #3094, #2878, .T. ) ;
#2264 = ORIENTED_EDGE ( 'NONE', *, *, #1925, .F. ) ;
#2265 = DIRECTION ( 'NONE',  ( -0.000000000000000000, 1.000000000000000000, -0.000000000000000000 ) ) ;
#2266 = CARTESIAN_POINT ( 'NONE',  ( -1.749999999999999334, -1.720465053408525957, 3.000000000000000000 ) ) ;
#2267 = DIRECTION ( 'NONE',  ( -0.000000000000000000, -1.000000000000000000, -0.000000000000000000 ) ) ;
#2268 = ORIENTED_EDGE ( 'NONE', *, *, #1037, .F. ) ;
#2269 = DIRECTION ( 'NONE',  ( 0.000000000000000000, -1.000000000000000000, 0.000000000000000000 ) ) ;
#2270 = CARTESIAN_POINT ( 'NONE',  ( 0.7499999999999992228, 0.4799999999999999267, -2.949999999999999734 ) ) ;
#2271 = DIRECTION ( 'NONE',  ( -1.000000000000000000, 0.000000000000000000, -1.836656609649734881E-16 ) ) ;
#2272 = CARTESIAN_POINT ( 'NONE',  ( 1.458333333333334147, 1.079999999999999849, -2.824999999999999734 ) ) ;
#2273 = LINE ( 'NONE', #1971, #3154 ) ;
#2274 = ADVANCED_FACE ( 'NONE', ( #3853 ), #1972, .T. ) ;
#2275 = CARTESIAN_POINT ( 'NONE',  ( -1.524999999999999467, 0.4799999999999999822, -3.000000000000000000 ) ) ;
#2276 = LINE ( 'NONE', #1243, #2156 ) ;
#2277 = VECTOR ( 'NONE', #3889, 1000.000000000000000 ) ;
#2278 = ORIENTED_EDGE ( 'NONE', *, *, #1571, .T. ) ;
#2279 = CLOSED_SHELL ( 'NONE', ( #1745, #1247, #747, #3737 ) ) ;
#2280 = VECTOR ( 'NONE', #3552, 1000.000000000000000 ) ;
#2281 = VECTOR ( 'NONE', #2639, 1000.000000000000000 ) ;
#2282 = AXIS2_PLACEMENT_3D ( 'NONE', #3763, #3114, #532 ) ;
#2283 = CIRCLE ( 'NONE', #2153, 0.05999999999999994227 ) ;
#2284 =( NAMED_UNIT ( * ) SI_UNIT ( $, .STERADIAN. ) SOLID_ANGLE_UNIT ( ) );
#2285 = VECTOR ( 'NONE', #2532, 1000.000000000000000 ) ;
#2286 = VERTEX_POINT ( 'NONE', #67 ) ;
#2287 = DIRECTION ( 'NONE',  ( 0.000000000000000000, 0.000000000000000000, 1.000000000000000000 ) ) ;
#2288 = AXIS2_PLACEMENT_3D ( 'NONE', #2721, #3397, #1526 ) ;
#2289 = ORIENTED_EDGE ( 'NONE', *, *, #844, .T. ) ;
#2290 = VECTOR ( 'NONE', #506, 1000.000000000000114 ) ;
#2291 = CARTESIAN_POINT ( 'NONE',  ( 0.000000000000000000, 0.000000000000000000, 0.000000000000000000 ) ) ;
#2292 = EDGE_CURVE ( 'NONE', #2044, #3045, #2891, .T. ) ;
#2293 = PLANE ( 'NONE',  #2821 ) ;
#2294 = DIRECTION ( 'NONE',  ( 1.000000000000000000, 0.000000000000000000, 0.000000000000000000 ) ) ;
#2295 = CLOSED_SHELL ( 'NONE', ( #2103, #1096, #1865, #717, #1023, #3524, #2377, #524, #559, #2861, #2003, #2240 ) ) ;
#2296 = VECTOR ( 'NONE', #1396, 1000.000000000000000 ) ;
#2297 = CARTESIAN_POINT ( 'NONE',  ( 1.750000000000000666, 0.4799999999999999822, 2.774999999999999911 ) ) ;
#2298 = CARTESIAN_POINT ( 'NONE',  ( 1.749999999999999334, 0.9599999999999999645, -3.000000000000000000 ) ) ;
#2299 = EDGE_LOOP ( 'NONE', ( #3891, #2922, #769, #2916, #4044, #393, #430, #2121, #3401 ) ) ;
#2300 = CYLINDRICAL_SURFACE ( 'NONE', #2548, 0.05999999999999994227 ) ;
#2301 = ADVANCED_FACE ( 'NONE', ( #1570 ), #2839, .F. ) ;
#2302 = EDGE_LOOP ( 'NONE', ( #1439, #19, #1454, #1111, #1635, #1427, #3221, #364 ) ) ;
#2303 = ORIENTED_EDGE ( 'NONE', *, *, #3991, .T. ) ;
#2304 = CYLINDRICAL_SURFACE ( 'NONE', #2609, 0.2249999999999999500 ) ;
#2305 = DIRECTION ( 'NONE',  ( 0.000000000000000000, 1.000000000000000000, 0.000000000000000000 ) ) ;
#2306 = ORIENTED_EDGE ( 'NONE', *, *, #3726, .F. ) ;
#2307 = DIRECTION ( 'NONE',  ( 0.000000000000000000, 0.000000000000000000, -1.000000000000000000 ) ) ;
#2308 = EDGE_CURVE ( 'NONE', #3045, #3466, #3191, .T. ) ;
#2309 = VERTEX_POINT ( 'NONE', #312 ) ;
#2310 = CARTESIAN_POINT ( 'NONE',  ( -1.749999999999999334, 0.4799999999999999822, -2.774999999999999911 ) ) ;
#2311 = PLANE ( 'NONE',  #2220 ) ;
#2312 = CARTESIAN_POINT ( 'NONE',  ( 1.633333333333333748, 1.020000000000000018, 2.708333333333333481 ) ) ;
#2313 = CARTESIAN_POINT ( 'NONE',  ( 1.750000000000000666, 0.000000000000000000, 2.825000000000000178 ) ) ;
#2314 = ORIENTED_EDGE ( 'NONE', *, *, #13, .T. ) ;
#2315 = VERTEX_POINT ( 'NONE', #2857 ) ;
#2316 = VERTEX_POINT ( 'NONE', #2542 ) ;
#2317 = CARTESIAN_POINT ( 'NONE',  ( -1.749999999999999334, 2.200465053408525939, -3.000000000000000000 ) ) ;
#2318 = VERTEX_POINT ( 'NONE', #2914 ) ;
#2319 = ADVANCED_BREP_SHAPE_REPRESENTATION ( '406I35S24M00000', ( #3144, #2452, #2695, #3957, #2864, #381, #3180, #1708, #3988 ), #2077 ) ;
#2320 = CARTESIAN_POINT ( 'NONE',  ( -1.530625890315196358, 0.000000000000000000, -2.949999999999999734 ) ) ;
#2321 = ORIENTED_EDGE ( 'NONE', *, *, #2723, .F. ) ;
#2322 = EDGE_CURVE ( 'NONE', #2207, #3021, #363, .T. ) ;
#2323 = EDGE_LOOP ( 'NONE', ( #2005, #3576, #2039, #2740 ) ) ;
#2324 = FACE_OUTER_BOUND ( 'NONE', #3380, .T. ) ;
#2325 = ORIENTED_EDGE ( 'NONE', *, *, #3726, .T. ) ;
#2326 = FACE_OUTER_BOUND ( 'NONE', #742, .T. ) ;
#2327 = CARTESIAN_POINT ( 'NONE',  ( -1.700000000000000178, 0.4799999999999999267, -1.600000000000000533 ) ) ;
#2328 = DIRECTION ( 'NONE',  ( -0.000000000000000000, -1.000000000000000000, -0.000000000000000000 ) ) ;
#2329 = CARTESIAN_POINT ( 'NONE',  ( -1.530625890315196802, 0.4799999999999999267, 2.949999999999999734 ) ) ;
#2330 = ADVANCED_FACE ( 'NONE', ( #1919 ), #357, .F. ) ;
#2331 = EDGE_CURVE ( 'NONE', #1951, #3500, #2692, .T. ) ;
#2332 = DIRECTION ( 'NONE',  ( -0.000000000000000000, -1.000000000000000000, -0.000000000000000000 ) ) ;
#2333 = EDGE_LOOP ( 'NONE', ( #2569, #3463, #1944, #3529 ) ) ;
#2334 = DIRECTION ( 'NONE',  ( 0.000000000000000000, 1.000000000000000000, 0.000000000000000000 ) ) ;
#2335 = EDGE_CURVE ( 'NONE', #121, #3350, #3859, .T. ) ;
#2336 = LINE ( 'NONE', #2583, #4015 ) ;
#2337 = SURFACE_SIDE_STYLE ('',( #362 ) ) ;
#2338 = VECTOR ( 'NONE', #1940, 1000.000000000000000 ) ;
#2339 = VECTOR ( 'NONE', #4054, 1000.000000000000000 ) ;
#2340 = CIRCLE ( 'NONE', #3681, 0.1166666666666659607 ) ;
#2341 = ORIENTED_EDGE ( 'NONE', *, *, #1568, .T. ) ;
#2342 = CARTESIAN_POINT ( 'NONE',  ( 1.749999999999999334, 0.4799999999999999822, 3.000000000000000000 ) ) ;
#2343 = ORIENTED_EDGE ( 'NONE', *, *, #4047, .T. ) ;
#2344 = EDGE_CURVE ( 'NONE', #1994, #1951, #3211, .T. ) ;
#2345 = VECTOR ( 'NONE', #294, 1000.000000000000000 ) ;
#2346 = CIRCLE ( 'NONE', #1614, 0.2000000000000000944 ) ;
#2347 = EDGE_CURVE ( 'NONE', #160, #2832, #1003, .T. ) ;
#2348 = CARTESIAN_POINT ( 'NONE',  ( -1.530625890315196358, 2.200465053408525939, -2.949999999999999734 ) ) ;
#2349 = DIRECTION ( 'NONE',  ( 0.000000000000000000, -1.000000000000000000, 0.000000000000000000 ) ) ;
#2350 = CARTESIAN_POINT ( 'NONE',  ( 0.000000000000000000, 0.4799999999999999822, -3.000000000000000000 ) ) ;
#2351 = AXIS2_PLACEMENT_3D ( 'NONE', #4037, #2459, #248 ) ;
#2352 = DIRECTION ( 'NONE',  ( -6.195440985631456303E-16, 0.000000000000000000, -1.000000000000000000 ) ) ;
#2353 = DIRECTION ( 'NONE',  ( 0.000000000000000000, 0.000000000000000000, -1.000000000000000000 ) ) ;
#2354 = ADVANCED_FACE ( 'NONE', ( #319 ), #41, .F. ) ;
#2355 = VECTOR ( 'NONE', #981, 1000.000000000000000 ) ;
#2356 = AXIS2_PLACEMENT_3D ( 'NONE', #2004, #2980, #2883 ) ;
#2357 = COLOUR_RGB ( '',1.000000000000000000, 0.8117647058823529438, 0.5019607843137254832 ) ;
#2358 = AXIS2_PLACEMENT_3D ( 'NONE', #980, #2241, #608 ) ;
#2359 = CIRCLE ( 'NONE', #1262, 0.2000000000000000944 ) ;
#2360 = CARTESIAN_POINT ( 'NONE',  ( -1.749999999999999334, 0.4799999999999999822, 0.000000000000000000 ) ) ;
#2361 = VECTOR ( 'NONE', #83, 1000.000000000000000 ) ;
#2362 = VERTEX_POINT ( 'NONE', #2867 ) ;
#2363 = EDGE_LOOP ( 'NONE', ( #2398, #2963, #2140, #3824 ) ) ;
#2364 = DIRECTION ( 'NONE',  ( 0.000000000000000000, 1.000000000000000000, 0.000000000000000000 ) ) ;
#2365 = ORIENTED_EDGE ( 'NONE', *, *, #3000, .T. ) ;
#2366 = DIRECTION ( 'NONE',  ( 0.000000000000000000, 0.000000000000000000, 1.000000000000000000 ) ) ;
#2367 = ORIENTED_EDGE ( 'NONE', *, *, #1590, .T. ) ;
#2368 = CARTESIAN_POINT ( 'NONE',  ( 0.7499999999999992228, -1.720465053408525957, 2.949999999999999734 ) ) ;
#2369 = ORIENTED_EDGE ( 'NONE', *, *, #166, .F. ) ;
#2370 = CARTESIAN_POINT ( 'NONE',  ( -1.749999999999999334, 2.200465053408525939, 3.000000000000000000 ) ) ;
#2371 = ORIENTED_EDGE ( 'NONE', *, *, #3521, .T. ) ;
#2372 = CARTESIAN_POINT ( 'NONE',  ( 0.000000000000000000, 0.4799999999999999822, 2.949999999999999734 ) ) ;
#2373 = CARTESIAN_POINT ( 'NONE',  ( 1.573333333333333472, 1.020023152615177064, -2.708333333333334370 ) ) ;
#2374 =( NAMED_UNIT ( * ) PLANE_ANGLE_UNIT ( ) SI_UNIT ( $, .RADIAN. ) );
#2375 = ADVANCED_FACE ( 'NONE', ( #18 ), #55, .T. ) ;
#2376 = LINE ( 'NONE', #1015, #3292 ) ;
#2377 = ADVANCED_FACE ( 'NONE', ( #3516 ), #662, .F. ) ;
#2378 = DIRECTION ( 'NONE',  ( 0.000000000000000000, 1.000000000000000000, 0.000000000000000000 ) ) ;
#2379 = EDGE_CURVE ( 'NONE', #3230, #3795, #1546, .T. ) ;
#2380 = ADVANCED_FACE ( 'NONE', ( #1232 ), #987, .T. ) ;
#2381 = DIRECTION ( 'NONE',  ( 1.000000000000000000, 0.000000000000000000, 0.000000000000000000 ) ) ;
#2382 = DIRECTION ( 'NONE',  ( 4.818676322157807827E-15, 0.000000000000000000, 1.000000000000000000 ) ) ;
#2383 = CARTESIAN_POINT ( 'NONE',  ( 0.000000000000000000, 1.199999999999999956, 0.000000000000000000 ) ) ;
#2384 = ORIENTED_EDGE ( 'NONE', *, *, #3188, .F. ) ;
#2385 = ORIENTED_EDGE ( 'NONE', *, *, #3084, .F. ) ;
#2386 = LINE ( 'NONE', #3656, #3757 ) ;
#2387 = EDGE_CURVE ( 'NONE', #2529, #3255, #3799, .T. ) ;
#2388 = EDGE_CURVE ( 'NONE', #3899, #2316, #3183, .T. ) ;
#2389 = ORIENTED_EDGE ( 'NONE', *, *, #3218, .F. ) ;
#2390 = LINE ( 'NONE', #3600, #1478 ) ;
#2391 = DIRECTION ( 'NONE',  ( 0.000000000000000000, 0.000000000000000000, 1.000000000000000000 ) ) ;
#2392 = FACE_OUTER_BOUND ( 'NONE', #583, .T. ) ;
#2393 = VERTEX_POINT ( 'NONE', #2653 ) ;
#2394 = DIRECTION ( 'NONE',  ( 0.000000000000000000, 0.000000000000000000, 1.000000000000000000 ) ) ;
#2395 = CARTESIAN_POINT ( 'NONE',  ( -1.749999999999999334, 0.4799999999999999267, 2.825000000000000178 ) ) ;
#2396 = DIRECTION ( 'NONE',  ( 1.000000000000000000, -0.000000000000000000, 0.000000000000000000 ) ) ;
#2397 = ORIENTED_EDGE ( 'NONE', *, *, #333, .F. ) ;
#2398 = ORIENTED_EDGE ( 'NONE', *, *, #722, .T. ) ;
#2399 = ADVANCED_FACE ( 'NONE', ( #1331 ), #2673, .F. ) ;
#2400 = DIRECTION ( 'NONE',  ( -6.424901762877064481E-16, 0.000000000000000000, -1.000000000000000000 ) ) ;
#2401 = ORIENTED_EDGE ( 'NONE', *, *, #1909, .T. ) ;
#2402 = DIRECTION ( 'NONE',  ( 0.000000000000000000, -1.000000000000000000, 0.000000000000000000 ) ) ;
#2403 = ORIENTED_EDGE ( 'NONE', *, *, #647, .F. ) ;
#2404 = PLANE ( 'NONE',  #1491 ) ;
#2405 = ORIENTED_EDGE ( 'NONE', *, *, #1819, .T. ) ;
#2406 = ORIENTED_EDGE ( 'NONE', *, *, #3374, .T. ) ;
#2407 = EDGE_CURVE ( 'NONE', #3072, #3692, #151, .T. ) ;
#2408 = DIRECTION ( 'NONE',  ( -0.000000000000000000, 1.000000000000000000, -0.000000000000000000 ) ) ;
#2409 = CARTESIAN_POINT ( 'NONE',  ( -0.7499999999999992228, -1.720465053408525957, -2.949999999999999734 ) ) ;
#2410 = FACE_OUTER_BOUND ( 'NONE', #471, .T. ) ;
#2411 = DIRECTION ( 'NONE',  ( 4.336808689942006692E-15, 0.000000000000000000, -1.000000000000000000 ) ) ;
#2412 = AXIS2_PLACEMENT_3D ( 'NONE', #3882, #475, #3920 ) ;
#2413 = ORIENTED_EDGE ( 'NONE', *, *, #2202, .T. ) ;
#2414 = VERTEX_POINT ( 'NONE', #3619 ) ;
#2415 = AXIS2_PLACEMENT_3D ( 'NONE', #1030, #2269, #1639 ) ;
#2416 = CIRCLE ( 'NONE', #4004, 0.2249999999999999500 ) ;
#2417 = AXIS2_PLACEMENT_3D ( 'NONE', #2918, #2617, #2969 ) ;
#2418 = CYLINDRICAL_SURFACE ( 'NONE', #1896, 0.1749999999999998224 ) ;
#2419 = CARTESIAN_POINT ( 'NONE',  ( 1.693333333333333801, 0.9599999999999998535, -2.708333333333334370 ) ) ;
#2420 = CIRCLE ( 'NONE', #626, 0.1749999999999998224 ) ;
#2421 = AXIS2_PLACEMENT_3D ( 'NONE', #2660, #751, #1070 ) ;
#2422 = VECTOR ( 'NONE', #1472, 1000.000000000000000 ) ;
#2423 = CIRCLE ( 'NONE', #1276, 0.001666666666665875957 ) ;
#2424 = AXIS2_PLACEMENT_3D ( 'NONE', #74, #3904, #1954 ) ;
#2425 = CARTESIAN_POINT ( 'NONE',  ( -0.7499999999999992228, 0.4799999999999999267, -2.949999999999999734 ) ) ;
#2426 = EDGE_CURVE ( 'NONE', #596, #892, #2879, .T. ) ;
#2427 = LINE ( 'NONE', #3776, #825 ) ;
#2428 = FACE_OUTER_BOUND ( 'NONE', #1490, .T. ) ;
#2429 = VECTOR ( 'NONE', #52, 1000.000000000000000 ) ;
#2430 = LINE ( 'NONE', #3400, #1967 ) ;
#2431 = ORIENTED_EDGE ( 'NONE', *, *, #1644, .T. ) ;
#2432 = ADVANCED_FACE ( 'NONE', ( #2632 ), #741, .F. ) ;
#2433 = ORIENTED_EDGE ( 'NONE', *, *, #389, .T. ) ;
#2434 = DIRECTION ( 'NONE',  ( -0.000000000000000000, 1.000000000000000000, -0.000000000000000000 ) ) ;
#2435 = CARTESIAN_POINT ( 'NONE',  ( 0.7500000000000011102, 2.200465053408525939, 4.646580739223597897E-16 ) ) ;
#2436 = DIRECTION ( 'NONE',  ( -0.000000000000000000, -1.000000000000000000, -0.000000000000000000 ) ) ;
#2437 = ORIENTED_EDGE ( 'NONE', *, *, #1765, .F. ) ;
#2438 = EDGE_CURVE ( 'NONE', #116, #1357, #1732, .T. ) ;
#2439 = ORIENTED_EDGE ( 'NONE', *, *, #1886, .F. ) ;
#2440 = FACE_OUTER_BOUND ( 'NONE', #2043, .T. ) ;
#2441 = CYLINDRICAL_SURFACE ( 'NONE', #1421, 0.1749999999999998224 ) ;
#2442 = LINE ( 'NONE', #3715, #2616 ) ;
#2443 = DIRECTION ( 'NONE',  ( -1.486905836551545135E-16, 0.000000000000000000, -1.000000000000000000 ) ) ;
#2444 = FILL_AREA_STYLE ('',( #4041 ) ) ;
#2445 = DIRECTION ( 'NONE',  ( 0.000000000000000000, 0.000000000000000000, -1.000000000000000000 ) ) ;
#2446 = CARTESIAN_POINT ( 'NONE',  ( -1.749999999999999334, 0.9599999999999999645, 2.825000000000000178 ) ) ;
#2447 = DIRECTION ( 'NONE',  ( 0.000000000000000000, 0.000000000000000000, -1.000000000000000000 ) ) ;
#2448 = ORIENTED_EDGE ( 'NONE', *, *, #3718, .T. ) ;
#2449 = ORIENTED_EDGE ( 'NONE', *, *, #3138, .T. ) ;
#2450 = EDGE_CURVE ( 'NONE', #1852, #417, #2811, .T. ) ;
#2451 = CARTESIAN_POINT ( 'NONE',  ( 1.633333333333333970, 1.020000000000000018, 2.708333333333333481 ) ) ;
#2452 = MANIFOLD_SOLID_BREP ( 'Split1[1]', #2808 ) ;
#2453 = EDGE_CURVE ( 'NONE', #3940, #3145, #914, .T. ) ;
#2454 = DIRECTION ( 'NONE',  ( -0.000000000000000000, -1.000000000000000000, -0.000000000000000000 ) ) ;
#2455 = ORIENTED_EDGE ( 'NONE', *, *, #874, .F. ) ;
#2456 = ORIENTED_EDGE ( 'NONE', *, *, #1133, .F. ) ;
#2457 = CARTESIAN_POINT ( 'NONE',  ( 1.749999999999999334, -1.720465053408525957, -3.000000000000000000 ) ) ;
#2458 = CARTESIAN_POINT ( 'NONE',  ( -1.524999999999999911, 0.4799999999999999267, 3.000000000000000000 ) ) ;
#2459 = DIRECTION ( 'NONE',  ( 1.000000000000000000, -0.000000000000000000, 0.000000000000000000 ) ) ;
#2460 = ORIENTED_EDGE ( 'NONE', *, *, #3291, .F. ) ;
#2461 = CARTESIAN_POINT ( 'NONE',  ( -1.699999999999999289, 0.4799999999999999822, 2.780625890315197246 ) ) ;
#2462 = LINE ( 'NONE', #3148, #3997 ) ;
#2463 = ORIENTED_EDGE ( 'NONE', *, *, #2054, .T. ) ;
#2464 = LINE ( 'NONE', #3070, #3107 ) ;
#2465 = ADVANCED_FACE ( 'NONE', ( #4038 ), #1923, .F. ) ;
#2466 = DIRECTION ( 'NONE',  ( -0.000000000000000000, -1.000000000000000000, -0.000000000000000000 ) ) ;
#2467 = CYLINDRICAL_SURFACE ( 'NONE', #3367, 0.1749999999999993783 ) ;
#2468 = ORIENTED_EDGE ( 'NONE', *, *, #2646, .F. ) ;
#2469 = EDGE_LOOP ( 'NONE', ( #2473, #4039, #3683, #1758 ) ) ;
#2470 = CYLINDRICAL_SURFACE ( 'NONE', #408, 0.2249999999999999500 ) ;
#2471 = DIRECTION ( 'NONE',  ( -1.000000000000000000, 0.000000000000000000, 0.000000000000000000 ) ) ;
#2472 = VECTOR ( 'NONE', #2178, 1000.000000000000000 ) ;
#2473 = ORIENTED_EDGE ( 'NONE', *, *, #3155, .T. ) ;
#2474 = EDGE_CURVE ( 'NONE', #1376, #1061, #3201, .T. ) ;
#2475 = DIRECTION ( 'NONE',  ( 0.000000000000000000, 0.000000000000000000, -1.000000000000000000 ) ) ;
#2476 = EDGE_CURVE ( 'NONE', #873, #592, #3752, .T. ) ;
#2477 = DIRECTION ( 'NONE',  ( -0.000000000000000000, -1.000000000000000000, -0.000000000000000000 ) ) ;
#2478 = AXIS2_PLACEMENT_3D ( 'NONE', #1402, #3941, #1089 ) ;
#2479 = DIRECTION ( 'NONE',  ( 0.000000000000000000, 0.000000000000000000, -1.000000000000000000 ) ) ;
#2480 = AXIS2_PLACEMENT_3D ( 'NONE', #2368, #2016, #788 ) ;
#2481 = ORIENTED_EDGE ( 'NONE', *, *, #4076, .T. ) ;
#2482 = STYLED_ITEM ( 'NONE', ( #3438 ), #1708 ) ;
#2483 = VECTOR ( 'NONE', #2180, 1000.000000000000000 ) ;
#2484 =( LENGTH_UNIT ( ) NAMED_UNIT ( * ) SI_UNIT ( .MILLI., .METRE. ) );
#2485 = PRESENTATION_LAYER_ASSIGNMENT (  '', '', ( #28 ) ) ;
#2486 = CARTESIAN_POINT ( 'NONE',  ( -0.7499999999999992228, 0.4799999999999999267, 2.949999999999999734 ) ) ;
#2487 = AXIS2_PLACEMENT_3D ( 'NONE', #2790, #4050, #2475 ) ;
#2488 = LINE ( 'NONE', #3994, #344 ) ;
#2489 = VECTOR ( 'NONE', #2454, 1000.000000000000000 ) ;
#2490 = TOROIDAL_SURFACE ( 'NONE', #693, 0.2349999999999996814, 0.05999999999999999778 ) ;
#2491 = CARTESIAN_POINT ( 'NONE',  ( -1.749999999999999334, 7.906221994724901059, 3.000000000000000000 ) ) ;
#2492 = AXIS2_PLACEMENT_3D ( 'NONE', #191, #866, #1488 ) ;
#2493 = DIRECTION ( 'NONE',  ( -0.000000000000000000, -1.000000000000000000, -0.000000000000000000 ) ) ;
#2494 = VECTOR ( 'NONE', #1933, 1000.000000000000000 ) ;
#2495 = EDGE_CURVE ( 'NONE', #1311, #1213, #976, .T. ) ;
#2496 = DIRECTION ( 'NONE',  ( -1.000000000000000000, 0.000000000000000000, 0.000000000000000000 ) ) ;
#2497 = EDGE_LOOP ( 'NONE', ( #2794, #988, #3861, #1394 ) ) ;
#2498 = VERTEX_POINT ( 'NONE', #2517 ) ;
#2499 = ORIENTED_EDGE ( 'NONE', *, *, #2495, .T. ) ;
#2500 = CARTESIAN_POINT ( 'NONE',  ( -1.458333333333332815, 1.084999999999880282, 2.708333333333333481 ) ) ;
#2501 = EDGE_CURVE ( 'NONE', #241, #1156, #2340, .T. ) ;
#2502 = DIRECTION ( 'NONE',  ( -1.000000000000000000, 0.000000000000000000, -1.486905836551548586E-16 ) ) ;
#2503 = SURFACE_SIDE_STYLE ('',( #2836 ) ) ;
#2504 = DIRECTION ( 'NONE',  ( -1.000000000000000000, 0.000000000000000000, 0.000000000000000000 ) ) ;
#2505 = DIRECTION ( 'NONE',  ( -4.336808689942006692E-15, 0.000000000000000000, -1.000000000000000000 ) ) ;
#2506 = EDGE_LOOP ( 'NONE', ( #220, #847, #1715, #3885 ) ) ;
#2507 = EDGE_CURVE ( 'NONE', #1979, #2800, #1140, .T. ) ;
#2508 = EDGE_CURVE ( 'NONE', #804, #731, #3867, .T. ) ;
#2509 = CARTESIAN_POINT ( 'NONE',  ( -0.7500000000000011102, 2.200465053408525939, -4.646580739223597897E-16 ) ) ;
#2510 = CARTESIAN_POINT ( 'NONE',  ( 1.458333333333334147, 1.020000000000000018, 2.883333333333332860 ) ) ;
#2511 = EDGE_LOOP ( 'NONE', ( #444, #3089, #2612, #3356 ) ) ;
#2512 = VERTEX_POINT ( 'NONE', #2048 ) ;
#2513 = LINE ( 'NONE', #245, #941 ) ;
#2514 = CARTESIAN_POINT ( 'NONE',  ( -1.000000000000001110, 2.200465053408525939, -1.600000000000000089 ) ) ;
#2515 = EDGE_LOOP ( 'NONE', ( #930, #1838, #675, #2261, #1422, #2641, #2413, #3624, #3659 ) ) ;
#2516 = DIRECTION ( 'NONE',  ( -5.782411586589358033E-15, 0.000000000000000000, 1.000000000000000000 ) ) ;
#2517 = CARTESIAN_POINT ( 'NONE',  ( 1.530625890315196358, 0.000000000000000000, 2.949999999999999734 ) ) ;
#2518 = DIRECTION ( 'NONE',  ( -1.000000000000000000, 0.000000000000000000, 4.336808689942017736E-16 ) ) ;
#2519 = VERTEX_POINT ( 'NONE', #2312 ) ;
#2520 = CARTESIAN_POINT ( 'NONE',  ( -1.749999999999999334, 0.9599999999999999645, 3.000000000000000000 ) ) ;
#2521 = ORIENTED_EDGE ( 'NONE', *, *, #3131, .T. ) ;
#2522 = CARTESIAN_POINT ( 'NONE',  ( 6.938893903907226405E-16, 2.200465053408525939, -1.599999999999999645 ) ) ;
#2523 = DIRECTION ( 'NONE',  ( -1.000000000000000000, 0.000000000000000000, 0.000000000000000000 ) ) ;
#2524 = EDGE_CURVE ( 'NONE', #1675, #3230, #708, .T. ) ;
#2525 = CARTESIAN_POINT ( 'NONE',  ( -1.458333333333333703, 1.020000000000000018, -2.708333333333333037 ) ) ;
#2526 = LINE ( 'NONE', #660, #1080 ) ;
#2527 = DIRECTION ( 'NONE',  ( 0.000000000000000000, -1.000000000000000000, 0.000000000000000000 ) ) ;
#2528 = CARTESIAN_POINT ( 'NONE',  ( 1.750000000000000666, 0.4799999999999999822, 0.000000000000000000 ) ) ;
#2529 = VERTEX_POINT ( 'NONE', #1067 ) ;
#2530 = DIRECTION ( 'NONE',  ( 0.000000000000000000, 1.000000000000000000, 0.000000000000000000 ) ) ;
#2531 = ORIENTED_EDGE ( 'NONE', *, *, #3895, .T. ) ;
#2532 = DIRECTION ( 'NONE',  ( -0.000000000000000000, -1.000000000000000000, -0.000000000000000000 ) ) ;
#2533 = PRESENTATION_STYLE_ASSIGNMENT (( #543 ) ) ;
#2534 = AXIS2_PLACEMENT_3D ( 'NONE', #1660, #1068, #3277 ) ;
#2535 = DIRECTION ( 'NONE',  ( -0.000000000000000000, -1.000000000000000000, -0.000000000000000000 ) ) ;
#2536 = CARTESIAN_POINT ( 'NONE',  ( -1.749999999999999334, 0.4799999999999999822, 2.825000000000000178 ) ) ;
#2537 = EDGE_CURVE ( 'NONE', #1618, #2844, #2605, .T. ) ;
#2538 = ORIENTED_EDGE ( 'NONE', *, *, #1103, .T. ) ;
#2539 = DIRECTION ( 'NONE',  ( -0.000000000000000000, -1.000000000000000000, -0.000000000000000000 ) ) ;
#2540 = AXIS2_PLACEMENT_3D ( 'NONE', #1918, #318, #3196 ) ;
#2541 = VERTEX_POINT ( 'NONE', #2619 ) ;
#2542 = CARTESIAN_POINT ( 'NONE',  ( -0.7500000000000000000, 0.4799999999999999267, -1.850000000000000977 ) ) ;
#2543 = AXIS2_PLACEMENT_3D ( 'NONE', #1890, #605, #1300 ) ;
#2544 = DIRECTION ( 'NONE',  ( -0.000000000000000000, -1.000000000000000000, -0.000000000000000000 ) ) ;
#2545 = MECHANICAL_DESIGN_GEOMETRIC_PRESENTATION_REPRESENTATION (  '', ( #28 ), #1680 ) ;
#2546 = LINE ( 'NONE', #3568, #228 ) ;
#2547 = EDGE_CURVE ( 'NONE', #1022, #400, #3303, .T. ) ;
#2548 = AXIS2_PLACEMENT_3D ( 'NONE', #3015, #1099, #2381 ) ;
#2549 = AXIS2_PLACEMENT_3D ( 'NONE', #473, #157, #1329 ) ;
#2550 = VECTOR ( 'NONE', #1811, 1000.000000000000000 ) ;
#2551 = VECTOR ( 'NONE', #1539, 1000.000000000000000 ) ;
#2552 = AXIS2_PLACEMENT_3D ( 'NONE', #4095, #618, #1576 ) ;
#2553 = CARTESIAN_POINT ( 'NONE',  ( -1.633333333333333748, 1.020000000000000018, -2.708333333333333037 ) ) ;
#2554 = AXIS2_PLACEMENT_3D ( 'NONE', #15, #1260, #3815 ) ;
#2555 = DIRECTION ( 'NONE',  ( 0.000000000000000000, 0.000000000000000000, 1.000000000000000000 ) ) ;
#2556 = ADVANCED_FACE ( 'NONE', ( #436 ), #1707, .F. ) ;
#2557 = EDGE_LOOP ( 'NONE', ( #557, #2956, #3253, #1755 ) ) ;
#2558 = ORIENTED_EDGE ( 'NONE', *, *, #2335, .F. ) ;
#2559 = LINE ( 'NONE', #3462, #2338 ) ;
#2560 = VECTOR ( 'NONE', #530, 1000.000000000000000 ) ;
#2561 = CARTESIAN_POINT ( 'NONE',  ( 1.750000000000000666, 2.200465053408525939, 2.774999999999999911 ) ) ;
#2562 = ADVANCED_FACE ( 'NONE', ( #2659 ), #113, .T. ) ;
#2563 = VERTEX_POINT ( 'NONE', #2971 ) ;
#2564 = DIRECTION ( 'NONE',  ( -1.000000000000000000, 0.000000000000000000, 4.565061778886334044E-16 ) ) ;
#2565 = CARTESIAN_POINT ( 'NONE',  ( 0.7499999999999992228, 0.000000000000000000, 2.949999999999999734 ) ) ;
#2566 = ORIENTED_EDGE ( 'NONE', *, *, #1204, .T. ) ;
#2567 = ORIENTED_EDGE ( 'NONE', *, *, #4047, .F. ) ;
#2568 = LINE ( 'NONE', #3841, #1670 ) ;
#2569 = ORIENTED_EDGE ( 'NONE', *, *, #1881, .F. ) ;
#2570 = ORIENTED_EDGE ( 'NONE', *, *, #2474, .T. ) ;
#2571 = FACE_OUTER_BOUND ( 'NONE', #492, .T. ) ;
#2572 = EDGE_CURVE ( 'NONE', #1675, #3049, #1888, .T. ) ;
#2573 = EDGE_CURVE ( 'NONE', #3466, #1292, #127, .T. ) ;
#2574 = DIRECTION ( 'NONE',  ( -0.000000000000000000, -1.000000000000000000, -0.000000000000000000 ) ) ;
#2575 = DIRECTION ( 'NONE',  ( 0.000000000000000000, 0.000000000000000000, -1.000000000000000000 ) ) ;
#2576 = EDGE_CURVE ( 'NONE', #2046, #3748, #3911, .T. ) ;
#2577 = DIRECTION ( 'NONE',  ( -1.000000000000000000, 0.000000000000000000, 0.000000000000000000 ) ) ;
#2578 = DIRECTION ( 'NONE',  ( 0.000000000000000000, 1.000000000000000000, 0.000000000000000000 ) ) ;
#2579 = DIRECTION ( 'NONE',  ( -3.673313219299469761E-16, 0.000000000000000000, 1.000000000000000000 ) ) ;
#2580 = ORIENTED_EDGE ( 'NONE', *, *, #3819, .F. ) ;
#2581 = ORIENTED_EDGE ( 'NONE', *, *, #2997, .F. ) ;
#2582 = EDGE_CURVE ( 'NONE', #1876, #926, #385, .T. ) ;
#2583 = CARTESIAN_POINT ( 'NONE',  ( 1.700000000000000178, 0.000000000000000000, 0.000000000000000000 ) ) ;
#2584 =( NAMED_UNIT ( * ) PLANE_ANGLE_UNIT ( ) SI_UNIT ( $, .RADIAN. ) );
#2585 = CARTESIAN_POINT ( 'NONE',  ( 1.749999999999999334, 0.4799999999999999822, 3.000000000000000000 ) ) ;
#2586 = VERTEX_POINT ( 'NONE', #1722 ) ;
#2587 = ORIENTED_EDGE ( 'NONE', *, *, #2388, .F. ) ;
#2588 = FACE_OUTER_BOUND ( 'NONE', #215, .T. ) ;
#2589 = EDGE_LOOP ( 'NONE', ( #3915, #588, #1288, #1858 ) ) ;
#2590 = DIRECTION ( 'NONE',  ( 1.000000000000000000, 0.000000000000000000, 0.000000000000000000 ) ) ;
#2591 = CARTESIAN_POINT ( 'NONE',  ( -1.458333333333333703, 1.079999999999999849, -2.824999999999999289 ) ) ;
#2592 = CARTESIAN_POINT ( 'NONE',  ( -1.749999999999999334, 0.4799999999999999267, 3.000000000000000000 ) ) ;
#2593 = CARTESIAN_POINT ( 'NONE',  ( 1.750000000000000666, 0.4799999999999999267, -2.825000000000000178 ) ) ;
#2594 = ADVANCED_FACE ( 'NONE', ( #1659 ), #407, .F. ) ;
#2595 = CARTESIAN_POINT ( 'NONE',  ( 1.693333333333334023, 1.019999999999999796, 2.708333333333333481 ) ) ;
#2596 = CARTESIAN_POINT ( 'NONE',  ( 1.458333333333334147, 1.084999999999999964, -2.708333333333333925 ) ) ;
#2597 = PRESENTATION_LAYER_ASSIGNMENT (  '', '', ( #3091 ) ) ;
#2598 = CARTESIAN_POINT ( 'NONE',  ( 1.749999999999999334, 0.000000000000000000, -3.000000000000000000 ) ) ;
#2599 = DIRECTION ( 'NONE',  ( 0.000000000000000000, 0.000000000000000000, 1.000000000000000000 ) ) ;
#2600 = COLOUR_RGB ( '',0.7921568627450980005, 0.8196078431372548767, 0.9333333333333333481 ) ;
#2601 = ORIENTED_EDGE ( 'NONE', *, *, #1164, .F. ) ;
#2602 = EDGE_CURVE ( 'NONE', #519, #154, #3888, .T. ) ;
#2603 = AXIS2_PLACEMENT_3D ( 'NONE', #2668, #3955, #1084 ) ;
#2604 = ORIENTED_EDGE ( 'NONE', *, *, #3337, .T. ) ;
#2605 = CIRCLE ( 'NONE', #1475, 0.1749999999999998224 ) ;
#2606 = DIRECTION ( 'NONE',  ( 0.000000000000000000, 0.000000000000000000, -1.000000000000000000 ) ) ;
#2607 = EDGE_CURVE ( 'NONE', #3804, #474, #750, .T. ) ;
#2608 = VECTOR ( 'NONE', #1861, 1000.000000000000000 ) ;
#2609 = AXIS2_PLACEMENT_3D ( 'NONE', #719, #1991, #3268 ) ;
#2610 = ADVANCED_FACE ( 'NONE', ( #1035 ), #3582, .F. ) ;
#2611 = VECTOR ( 'NONE', #2989, 1000.000000000000000 ) ;
#2612 = ORIENTED_EDGE ( 'NONE', *, *, #257, .F. ) ;
#2613 = DIRECTION ( 'NONE',  ( 0.000000000000000000, -1.000000000000000000, 0.000000000000000000 ) ) ;
#2614 = VECTOR ( 'NONE', #1946, 1000.000000000000000 ) ;
#2615 = ORIENTED_EDGE ( 'NONE', *, *, #1400, .F. ) ;
#2616 = VECTOR ( 'NONE', #861, 1000.000000000000000 ) ;
#2617 = DIRECTION ( 'NONE',  ( 1.000000000000000000, 0.000000000000000000, -6.195440985631456303E-16 ) ) ;
#2618 = CARTESIAN_POINT ( 'NONE',  ( 0.7499999999999992228, 0.4799999999999999267, 2.949999999999999734 ) ) ;
#2619 = CARTESIAN_POINT ( 'NONE',  ( -1.749999999999999334, 0.000000000000000000, 2.825000000000000178 ) ) ;
#2620 = AXIS2_PLACEMENT_3D ( 'NONE', #3128, #2477, #1879 ) ;
#2621 = CARTESIAN_POINT ( 'NONE',  ( -1.060000000000000275, 1.199999999999999956, -2.509999999999999787 ) ) ;
#2622 = DIRECTION ( 'NONE',  ( 0.000000000000000000, -1.000000000000000000, 0.000000000000000000 ) ) ;
#2623 = ORIENTED_EDGE ( 'NONE', *, *, #2495, .F. ) ;
#2624 = DIRECTION ( 'NONE',  ( -4.565061778886335030E-16, 0.000000000000000000, 1.000000000000000000 ) ) ;
#2625 = EDGE_CURVE ( 'NONE', #3129, #2701, #3949, .T. ) ;
#2626 = ORIENTED_EDGE ( 'NONE', *, *, #2904, .T. ) ;
#2627 = DIRECTION ( 'NONE',  ( 1.000000000000000000, 0.000000000000000000, 0.000000000000000000 ) ) ;
#2628 = EDGE_LOOP ( 'NONE', ( #3570, #1781, #3901, #3768 ) ) ;
#2629 = EDGE_LOOP ( 'NONE', ( #3760, #624, #4097, #3290 ) ) ;
#2630 = FACE_OUTER_BOUND ( 'NONE', #489, .T. ) ;
#2631 = VERTEX_POINT ( 'NONE', #3645 ) ;
#2632 = FACE_OUTER_BOUND ( 'NONE', #132, .T. ) ;
#2633 = ORIENTED_EDGE ( 'NONE', *, *, #3571, .T. ) ;
#2634 = PLANE ( 'NONE',  #3223 ) ;
#2635 = ORIENTED_EDGE ( 'NONE', *, *, #2172, .F. ) ;
#2636 = EDGE_CURVE ( 'NONE', #3255, #71, #794, .T. ) ;
#2637 = FACE_OUTER_BOUND ( 'NONE', #4046, .T. ) ;
#2638 = DIRECTION ( 'NONE',  ( 6.424901762877064481E-16, 0.000000000000000000, -1.000000000000000000 ) ) ;
#2639 = DIRECTION ( 'NONE',  ( 0.000000000000000000, 0.000000000000000000, 1.000000000000000000 ) ) ;
#2640 = CARTESIAN_POINT ( 'NONE',  ( 1.524999999999999467, 0.000000000000000000, 3.000000000000000000 ) ) ;
#2641 = ORIENTED_EDGE ( 'NONE', *, *, #1650, .T. ) ;
#2642 = LINE ( 'NONE', #2050, #1146 ) ;
#2643 = EDGE_CURVE ( 'NONE', #705, #1188, #2950, .T. ) ;
#2644 = DIRECTION ( 'NONE',  ( 0.000000000000000000, -1.000000000000000000, 0.000000000000000000 ) ) ;
#2645 = DIRECTION ( 'NONE',  ( -0.000000000000000000, -1.000000000000000000, -0.000000000000000000 ) ) ;
#2646 = EDGE_CURVE ( 'NONE', #2498, #316, #3688, .T. ) ;
#2647 = EDGE_LOOP ( 'NONE', ( #663, #1806, #1157, #396 ) ) ;
#2648 = EDGE_CURVE ( 'NONE', #807, #263, #3981, .T. ) ;
#2649 = EDGE_CURVE ( 'NONE', #1045, #3334, #3363, .T. ) ;
#2650 = ORIENTED_EDGE ( 'NONE', *, *, #2073, .T. ) ;
#2651 = DIRECTION ( 'NONE',  ( 0.000000000000000000, 0.000000000000000000, 1.000000000000000000 ) ) ;
#2652 = ORIENTED_EDGE ( 'NONE', *, *, #2547, .T. ) ;
#2653 = CARTESIAN_POINT ( 'NONE',  ( -1.060000000000000275, 1.179999999999999938, -2.509999999999999787 ) ) ;
#2654 = ORIENTED_EDGE ( 'NONE', *, *, #3675, .T. ) ;
#2655 = CARTESIAN_POINT ( 'NONE',  ( 1.750000000000000666, -1.720465053408525957, -2.825000000000000178 ) ) ;
#2656 = ORIENTED_EDGE ( 'NONE', *, *, #2172, .T. ) ;
#2657 = CARTESIAN_POINT ( 'NONE',  ( 1.524999999999999467, -1.720465053408525957, -3.000000000000000000 ) ) ;
#2658 = FACE_OUTER_BOUND ( 'NONE', #4091, .T. ) ;
#2659 = FACE_OUTER_BOUND ( 'NONE', #3876, .T. ) ;
#2660 = CARTESIAN_POINT ( 'NONE',  ( -1.458333333333332815, 1.020000000000000018, 2.708333333333333481 ) ) ;
#2661 = EDGE_CURVE ( 'NONE', #1850, #2046, #613, .T. ) ;
#2662 = DIRECTION ( 'NONE',  ( -1.000000000000000000, 0.000000000000000000, 0.000000000000000000 ) ) ;
#2663 = DIRECTION ( 'NONE',  ( 0.000000000000000000, -1.000000000000000000, 0.000000000000000000 ) ) ;
#2664 = DIRECTION ( 'NONE',  ( 1.000000000000000000, 0.000000000000000000, -1.486905836551548586E-16 ) ) ;
#2665 = LINE ( 'NONE', #2893, #3759 ) ;
#2666 = ORIENTED_EDGE ( 'NONE', *, *, #3903, .T. ) ;
#2667 = UNCERTAINTY_MEASURE_WITH_UNIT (LENGTH_MEASURE( 1.000000000000000082E-05 ), #4048, 'distance_accuracy_value', 'NONE');
#2668 = CARTESIAN_POINT ( 'NONE',  ( 1.459999999999999964, 1.084999999999882059, -2.708333333333333925 ) ) ;
#2669 = ORIENTED_EDGE ( 'NONE', *, *, #3555, .F. ) ;
#2670 = CARTESIAN_POINT ( 'NONE',  ( -0.7500000000000011102, 0.000000000000000000, 4.646580739223597897E-16 ) ) ;
#2671 = ADVANCED_FACE ( 'NONE', ( #2410 ), #3448, .F. ) ;
#2672 = CIRCLE ( 'NONE', #2424, 0.1150000000000000883 ) ;
#2673 = CYLINDRICAL_SURFACE ( 'NONE', #2412, 0.2000000000000000944 ) ;
#2674 = VECTOR ( 'NONE', #1134, 1000.000000000000000 ) ;
#2675 = ORIENTED_EDGE ( 'NONE', *, *, #1911, .F. ) ;
#2676 = CYLINDRICAL_SURFACE ( 'NONE', #3543, 0.2249999999999995060 ) ;
#2677 = ORIENTED_EDGE ( 'NONE', *, *, #1072, .F. ) ;
#2678 = ORIENTED_EDGE ( 'NONE', *, *, #639, .F. ) ;
#2679 = CIRCLE ( 'NONE', #2603, 0.1150000000000000883 ) ;
#2680 = AXIS2_PLACEMENT_3D ( 'NONE', #296, #915, #1645 ) ;
#2681 = EDGE_CURVE ( 'NONE', #3742, #2519, #1407, .T. ) ;
#2682 = DIRECTION ( 'NONE',  ( -3.673313219299469761E-16, 0.000000000000000000, 1.000000000000000000 ) ) ;
#2683 = CARTESIAN_POINT ( 'NONE',  ( 1.700000000000000844, 2.200465053408525939, -2.780625890315197246 ) ) ;
#2684 = CARTESIAN_POINT ( 'NONE',  ( 1.458333333333334147, 1.020000000000000018, -2.708333333333333925 ) ) ;
#2685 = VECTOR ( 'NONE', #3660, 1000.000000000000000 ) ;
#2686 = DIRECTION ( 'NONE',  ( -1.000000000000000000, 0.000000000000000000, 0.000000000000000000 ) ) ;
#2687 = EDGE_CURVE ( 'NONE', #2286, #849, #1498, .T. ) ;
#2688 = FACE_OUTER_BOUND ( 'NONE', #1939, .T. ) ;
#2689 = VECTOR ( 'NONE', #2906, 1000.000000000000000 ) ;
#2690 = VECTOR ( 'NONE', #2436, 1000.000000000000000 ) ;
#2691 = AXIS2_PLACEMENT_3D ( 'NONE', #187, #1725, #4019 ) ;
#2692 = CIRCLE ( 'NONE', #161, 0.1749999999999998224 ) ;
#2693 = DIRECTION ( 'NONE',  ( -0.000000000000000000, -1.000000000000000000, -0.000000000000000000 ) ) ;
#2694 = VECTOR ( 'NONE', #3497, 1000.000000000000000 ) ;
#2695 = MANIFOLD_SOLID_BREP ( 'Split1[2]', #80 ) ;
#2696 = LINE ( 'NONE', #917, #3439 ) ;
#2697 = EDGE_LOOP ( 'NONE', ( #2406, #2168, #8, #1368 ) ) ;
#2698 = CARTESIAN_POINT ( 'NONE',  ( -1.574999999999999512, 0.4799999999999999267, 3.000000000000000000 ) ) ;
#2699 = ORIENTED_EDGE ( 'NONE', *, *, #3449, .F. ) ;
#2700 = ORIENTED_EDGE ( 'NONE', *, *, #171, .F. ) ;
#2701 = VERTEX_POINT ( 'NONE', #1837 ) ;
#2702 = DIRECTION ( 'NONE',  ( -6.195440985631455317E-16, 0.000000000000000000, -1.000000000000000000 ) ) ;
#2703 = ORIENTED_EDGE ( 'NONE', *, *, #3437, .T. ) ;
#2704 = ORIENTED_EDGE ( 'NONE', *, *, #3120, .F. ) ;
#2705 = ORIENTED_EDGE ( 'NONE', *, *, #320, .T. ) ;
#2706 = DIRECTION ( 'NONE',  ( -1.000000000000000000, 0.000000000000000000, -4.565061778886335030E-16 ) ) ;
#2707 = CARTESIAN_POINT ( 'NONE',  ( 1.700000000000000178, 0.4799999999999999822, 1.600000000000000311 ) ) ;
#2708 = CARTESIAN_POINT ( 'NONE',  ( -1.458333333333333703, 1.020000000000000018, -2.883333333333333304 ) ) ;
#2709 = DIRECTION ( 'NONE',  ( 0.000000000000000000, -1.000000000000000000, 0.000000000000000000 ) ) ;
#2710 = EDGE_CURVE ( 'NONE', #208, #1850, #3384, .T. ) ;
#2711 = DIRECTION ( 'NONE',  ( -0.000000000000000000, 1.000000000000000000, -0.000000000000000000 ) ) ;
#2712 = DIRECTION ( 'NONE',  ( -0.000000000000000000, 1.000000000000000000, -0.000000000000000000 ) ) ;
#2713 = CARTESIAN_POINT ( 'NONE',  ( -1.574999999999999734, 1.079999999999999849, 2.708333333333334370 ) ) ;
#2714 = CARTESIAN_POINT ( 'NONE',  ( -1.458333333333333703, 1.199999999999999956, -2.709999999999999520 ) ) ;
#2715 = CARTESIAN_POINT ( 'NONE',  ( 1.524999999999999467, 2.200465053408525939, 3.000000000000000000 ) ) ;
#2716 = ORIENTED_EDGE ( 'NONE', *, *, #1650, .F. ) ;
#2717 = DIRECTION ( 'NONE',  ( -0.000000000000000000, 1.000000000000000000, -0.000000000000000000 ) ) ;
#2718 = CARTESIAN_POINT ( 'NONE',  ( -1.699999999999999289, 0.000000000000000000, -2.780625890315197246 ) ) ;
#2719 = VERTEX_POINT ( 'NONE', #3036 ) ;
#2720 = ORIENTED_EDGE ( 'NONE', *, *, #2646, .T. ) ;
#2721 = CARTESIAN_POINT ( 'NONE',  ( -1.749999999999999334, 0.000000000000000000, -3.000000000000000000 ) ) ;
#2722 = VERTEX_POINT ( 'NONE', #1769 ) ;
#2723 = EDGE_CURVE ( 'NONE', #952, #263, #3076, .T. ) ;
#2724 = ORIENTED_EDGE ( 'NONE', *, *, #1230, .F. ) ;
#2725 = CARTESIAN_POINT ( 'NONE',  ( -0.7500000000000001110, 0.000000000000000000, -1.600000000000000089 ) ) ;
#2726 = PLANE ( 'NONE',  #26 ) ;
#2727 = FACE_OUTER_BOUND ( 'NONE', #1787, .T. ) ;
#2728 = CARTESIAN_POINT ( 'NONE',  ( 1.750000000000000666, 0.9599999999999999645, -2.825000000000000178 ) ) ;
#2729 = CARTESIAN_POINT ( 'NONE',  ( 0.000000000000000000, 0.000000000000000000, 0.000000000000000000 ) ) ;
#2730 = DIRECTION ( 'NONE',  ( 4.336808689942018229E-16, -0.000000000000000000, 1.000000000000000000 ) ) ;
#2731 = CARTESIAN_POINT ( 'NONE',  ( 0.000000000000000000, 0.000000000000000000, -2.949999999999999734 ) ) ;
#2732 = EDGE_CURVE ( 'NONE', #926, #3795, #4005, .T. ) ;
#2733 = DIRECTION ( 'NONE',  ( 1.000000000000000000, 0.000000000000000000, -4.336808689942018229E-16 ) ) ;
#2734 = CARTESIAN_POINT ( 'NONE',  ( 1.749999999999999334, 0.4799999999999999267, -3.000000000000000000 ) ) ;
#2735 = CARTESIAN_POINT ( 'NONE',  ( 1.700000000000000178, 2.200465053408525939, 0.000000000000000000 ) ) ;
#2736 = CARTESIAN_POINT ( 'NONE',  ( 0.7499999999999992228, 0.000000000000000000, -2.949999999999999734 ) ) ;
#2737 = EDGE_CURVE ( 'NONE', #3008, #1994, #3035, .T. ) ;
#2738 = CYLINDRICAL_SURFACE ( 'NONE', #1487, 0.1749999999999998224 ) ;
#2739 = ORIENTED_EDGE ( 'NONE', *, *, #1326, .T. ) ;
#2740 = ORIENTED_EDGE ( 'NONE', *, *, #302, .T. ) ;
#2741 = DIRECTION ( 'NONE',  ( 1.000000000000000000, -0.000000000000000000, 1.486905836551548832E-16 ) ) ;
#2742 = DIRECTION ( 'NONE',  ( -4.003208021484940018E-17, 0.000000000000000000, 1.000000000000000000 ) ) ;
#2743 = AXIS2_PLACEMENT_3D ( 'NONE', #931, #4087, #1855 ) ;
#2744 = EDGE_CURVE ( 'NONE', #2414, #1782, #2037, .T. ) ;
#2745 = AXIS2_PLACEMENT_3D ( 'NONE', #3115, #533, #255 ) ;
#2746 = DIRECTION ( 'NONE',  ( 4.336808689942006692E-15, 0.000000000000000000, -1.000000000000000000 ) ) ;
#2747 = CARTESIAN_POINT ( 'NONE',  ( -1.699999999999999289, -0.000000000000000000, -2.780625890315197246 ) ) ;
#2748 = ORIENTED_EDGE ( 'NONE', *, *, #3632, .T. ) ;
#2749 = VECTOR ( 'NONE', #729, 1000.000000000000000 ) ;
#2750 = ORIENTED_EDGE ( 'NONE', *, *, #1173, .T. ) ;
#2751 = FACE_OUTER_BOUND ( 'NONE', #3093, .T. ) ;
#2752 = CIRCLE ( 'NONE', #2085, 0.2249999999999999500 ) ;
#2753 =( GEOMETRIC_REPRESENTATION_CONTEXT ( 3 ) GLOBAL_UNCERTAINTY_ASSIGNED_CONTEXT ( ( #3265 ) ) GLOBAL_UNIT_ASSIGNED_CONTEXT ( ( #3243, #727, #2934 ) ) REPRESENTATION_CONTEXT ( 'NONE', 'WORKASPACE' ) );
#2754 = DIRECTION ( 'NONE',  ( 0.000000000000000000, -1.000000000000000000, 0.000000000000000000 ) ) ;
#2755 = AXIS2_PLACEMENT_3D ( 'NONE', #3774, #2192, #1624 ) ;
#2756 = CARTESIAN_POINT ( 'NONE',  ( 1.633333333333333748, 1.020023152615177509, 2.708333333333333481 ) ) ;
#2757 = AXIS2_PLACEMENT_3D ( 'NONE', #1631, #3172, #2858 ) ;
#2758 = AXIS2_PLACEMENT_3D ( 'NONE', #707, #993, #1721 ) ;
#2759 = AXIS2_PLACEMENT_3D ( 'NONE', #1249, #2896, #3502 ) ;
#2760 = VECTOR ( 'NONE', #876, 1000.000000000000000 ) ;
#2761 = PLANE ( 'NONE',  #635 ) ;
#2762 = CARTESIAN_POINT ( 'NONE',  ( -6.938893903907226405E-16, -0.000000000000000000, -1.599999999999999645 ) ) ;
#2763 = UNCERTAINTY_MEASURE_WITH_UNIT (LENGTH_MEASURE( 1.000000000000000082E-05 ), #3216, 'distance_accuracy_value', 'NONE');
#2764 = FACE_OUTER_BOUND ( 'NONE', #3654, .T. ) ;
#2765 = CARTESIAN_POINT ( 'NONE',  ( -1.458333333333333703, 7.668771135231173375, -2.708333333333333037 ) ) ;
#2766 = VECTOR ( 'NONE', #3651, 1000.000000000000000 ) ;
#2767 = ORIENTED_EDGE ( 'NONE', *, *, #1934, .F. ) ;
#2768 = EDGE_CURVE ( 'NONE', #51, #3724, #3061, .T. ) ;
#2769 = DIRECTION ( 'NONE',  ( -1.836656609649734881E-16, 0.000000000000000000, 1.000000000000000000 ) ) ;
#2770 = CARTESIAN_POINT ( 'NONE',  ( -1.060000000000000275, 1.199999999999999956, -2.309999999999999609 ) ) ;
#2771 = ORIENTED_EDGE ( 'NONE', *, *, #2649, .F. ) ;
#2772 = ORIENTED_EDGE ( 'NONE', *, *, #2335, .T. ) ;
#2773 = ORIENTED_EDGE ( 'NONE', *, *, #2453, .F. ) ;
#2774 = VERTEX_POINT ( 'NONE', #186 ) ;
#2775 = CARTESIAN_POINT ( 'NONE',  ( 1.750000000000000666, 0.000000000000000000, -2.825000000000000178 ) ) ;
#2776 = CARTESIAN_POINT ( 'NONE',  ( -1.459999999999999742, 1.084999999999999742, 2.708333333333333481 ) ) ;
#2777 = CARTESIAN_POINT ( 'NONE',  ( 1.750000000000000666, 2.200465053408525939, -2.774999999999999911 ) ) ;
#2778 = ORIENTED_EDGE ( 'NONE', *, *, #3952, .F. ) ;
#2779 = LINE ( 'NONE', #3732, #498 ) ;
#2780 = DIRECTION ( 'NONE',  ( 1.000000000000000000, 0.000000000000000000, 0.000000000000000000 ) ) ;
#2781 = EDGE_LOOP ( 'NONE', ( #1935, #46, #1047, #378 ) ) ;
#2782 = FACE_OUTER_BOUND ( 'NONE', #1245, .T. ) ;
#2783 = DIRECTION ( 'NONE',  ( -1.000000000000000000, 0.000000000000000000, 0.000000000000000000 ) ) ;
#2784 = ORIENTED_EDGE ( 'NONE', *, *, #388, .F. ) ;
#2785 = EDGE_CURVE ( 'NONE', #400, #1370, #3082, .T. ) ;
#2786 = EDGE_CURVE ( 'NONE', #2041, #952, #4071, .T. ) ;
#2787 = EDGE_LOOP ( 'NONE', ( #3202, #520, #902, #3792 ) ) ;
#2788 = LINE ( 'NONE', #793, #628 ) ;
#2789 = PLANE ( 'NONE',  #960 ) ;
#2790 = CARTESIAN_POINT ( 'NONE',  ( -1.458333333333333703, 1.084999999999882059, -2.709999999999999520 ) ) ;
#2791 = FACE_OUTER_BOUND ( 'NONE', #1989, .T. ) ;
#2792 = DIRECTION ( 'NONE',  ( 0.000000000000000000, 1.000000000000000000, 0.000000000000000000 ) ) ;
#2793 = LINE ( 'NONE', #1180, #2895 ) ;
#2794 = ORIENTED_EDGE ( 'NONE', *, *, #3455, .T. ) ;
#2795 = DIRECTION ( 'NONE',  ( 0.000000000000000000, 0.000000000000000000, -1.000000000000000000 ) ) ;
#2796 = EDGE_CURVE ( 'NONE', #331, #2871, #3696, .T. ) ;
#2797 = CYLINDRICAL_SURFACE ( 'NONE', #3614, 0.05999999999999994227 ) ;
#2798 = CARTESIAN_POINT ( 'NONE',  ( 0.7500000000000011102, 0.4799999999999999822, 4.646580739223597897E-16 ) ) ;
#2799 = LINE ( 'NONE', #1206, #499 ) ;
#2800 = VERTEX_POINT ( 'NONE', #2111 ) ;
#2801 = VERTEX_POINT ( 'NONE', #200 ) ;
#2802 = ORIENTED_EDGE ( 'NONE', *, *, #1695, .F. ) ;
#2803 = EDGE_CURVE ( 'NONE', #3072, #1493, #413, .T. ) ;
#2804 = CARTESIAN_POINT ( 'NONE',  ( 1.749999999999999334, 0.4799999999999999267, 3.000000000000000000 ) ) ;
#2805 = ORIENTED_EDGE ( 'NONE', *, *, #2407, .T. ) ;
#2806 = VECTOR ( 'NONE', #2972, 1000.000000000000000 ) ;
#2807 = CARTESIAN_POINT ( 'NONE',  ( -0.7499999999999992228, -0.000000000000000000, -2.949999999999999734 ) ) ;
#2808 = CLOSED_SHELL ( 'NONE', ( #3703, #3670, #3283, #3025, #1770, #1460, #59, #789, #441, #3868, #1393, #394, #1953, #3821, #3735, #3970, #2126, #148, #2465, #2149, #1428, #2330, #2949, #1511, #1945, #3791 ) ) ;
#2809 = ADVANCED_FACE ( 'NONE', ( #1520 ), #2418, .F. ) ;
#2810 = CARTESIAN_POINT ( 'NONE',  ( -1.749999999999999334, 7.906221994724901059, -3.000000000000000000 ) ) ;
#2811 = LINE ( 'NONE', #3985, #3286 ) ;
#2812 = AXIS2_PLACEMENT_3D ( 'NONE', #3597, #3922, #743 ) ;
#2813 = FACE_OUTER_BOUND ( 'NONE', #991, .T. ) ;
#2814 = VECTOR ( 'NONE', #1340, 1000.000000000000000 ) ;
#2815 = AXIS2_PLACEMENT_3D ( 'NONE', #3665, #1118, #2084 ) ;
#2816 = CIRCLE ( 'NONE', #1892, 0.1166666666666659607 ) ;
#2817 = LINE ( 'NONE', #2196, #2942 ) ;
#2818 = MECHANICAL_DESIGN_GEOMETRIC_PRESENTATION_REPRESENTATION (  '', ( #757 ), #2154 ) ;
#2819 = DIRECTION ( 'NONE',  ( 0.000000000000000000, 1.000000000000000000, 0.000000000000000000 ) ) ;
#2820 = CARTESIAN_POINT ( 'NONE',  ( 1.749999999999999334, 2.200465053408525939, 3.000000000000000000 ) ) ;
#2821 = AXIS2_PLACEMENT_3D ( 'NONE', #3910, #1998, #773 ) ;
#2822 = CARTESIAN_POINT ( 'NONE',  ( -1.699999999999999289, 0.4799999999999999267, -2.780625890315197246 ) ) ;
#2823 = CIRCLE ( 'NONE', #3433, 0.06000000000000015737 ) ;
#2824 = DIRECTION ( 'NONE',  ( 0.000000000000000000, 0.000000000000000000, -1.000000000000000000 ) ) ;
#2825 = PLANE ( 'NONE',  #3814 ) ;
#2826 = CARTESIAN_POINT ( 'NONE',  ( 1.460000000000000187, 1.084999999999999742, 5.844683711368013017E-17 ) ) ;
#2827 = AXIS2_PLACEMENT_3D ( 'NONE', #291, #2837, #3278 ) ;
#2828 = PLANE ( 'NONE',  #1677 ) ;
#2829 = EDGE_LOOP ( 'NONE', ( #534, #1399 ) ) ;
#2830 = VERTEX_POINT ( 'NONE', #2713 ) ;
#2831 = DIRECTION ( 'NONE',  ( 1.000000000000000000, 0.000000000000000000, -0.000000000000000000 ) ) ;
#2832 = VERTEX_POINT ( 'NONE', #817 ) ;
#2833 = EDGE_LOOP ( 'NONE', ( #338, #418, #2238, #193 ) ) ;
#2834 = DIRECTION ( 'NONE',  ( 0.000000000000000000, 1.000000000000000000, 0.000000000000000000 ) ) ;
#2835 = ORIENTED_EDGE ( 'NONE', *, *, #2636, .T. ) ;
#2836 = SURFACE_STYLE_FILL_AREA ( #602 ) ;
#2837 = DIRECTION ( 'NONE',  ( -1.000000000000000000, -0.000000000000000000, -0.000000000000000000 ) ) ;
#2838 = DIRECTION ( 'NONE',  ( 6.195440985631455317E-16, 0.000000000000000000, -1.000000000000000000 ) ) ;
#2839 = PLANE ( 'NONE',  #292 ) ;
#2840 = CARTESIAN_POINT ( 'NONE',  ( 1.699999999999999734, 0.4799999999999999822, 6.244632472809097608E-16 ) ) ;
#2841 = CARTESIAN_POINT ( 'NONE',  ( 1.458333333333334147, 1.020023152615178397, 2.883333333333332860 ) ) ;
#2842 = ORIENTED_EDGE ( 'NONE', *, *, #2710, .T. ) ;
#2843 = PLANE ( 'NONE',  #3547 ) ;
#2844 = VERTEX_POINT ( 'NONE', #2395 ) ;
#2845 = FILL_AREA_STYLE ('',( #927 ) ) ;
#2846 = CARTESIAN_POINT ( 'NONE',  ( -1.458333333333332815, 1.020023152615178397, 2.883333333333332416 ) ) ;
#2847 = CARTESIAN_POINT ( 'NONE',  ( -1.458333333333333703, 0.9599999999999998535, -2.943333333333333357 ) ) ;
#2848 = DIRECTION ( 'NONE',  ( 7.346626438598939522E-16, 0.000000000000000000, -1.000000000000000000 ) ) ;
#2849 = EDGE_CURVE ( 'NONE', #4002, #2105, #2090, .T. ) ;
#2850 = ORIENTED_EDGE ( 'NONE', *, *, #1371, .T. ) ;
#2851 = ORIENTED_EDGE ( 'NONE', *, *, #1633, .T. ) ;
#2852 = CARTESIAN_POINT ( 'NONE',  ( -1.530625890315196802, 0.4799999999999999822, 2.949999999999999734 ) ) ;
#2853 = PLANE ( 'NONE',  #1957 ) ;
#2854 = EDGE_LOOP ( 'NONE', ( #1596, #1088, #3198, #3314, #1250, #3157, #3843, #2229, #259 ) ) ;
#2855 = ADVANCED_FACE ( 'NONE', ( #3848 ), #1581, .T. ) ;
#2856 = FACE_OUTER_BOUND ( 'NONE', #3213, .T. ) ;
#2857 = CARTESIAN_POINT ( 'NONE',  ( -0.7500000000000001110, 0.000000000000000000, 1.600000000000000089 ) ) ;
#2858 = DIRECTION ( 'NONE',  ( 0.000000000000000000, -0.000000000000000000, 1.000000000000000000 ) ) ;
#2859 = CYLINDRICAL_SURFACE ( 'NONE', #2543, 0.2249999999999999500 ) ;
#2860 = PLANE ( 'NONE',  #2554 ) ;
#2861 = ADVANCED_FACE ( 'NONE', ( #1564 ), #1222, .F. ) ;
#2862 = FACE_OUTER_BOUND ( 'NONE', #2511, .T. ) ;
#2863 = DIRECTION ( 'NONE',  ( 6.195440985631455317E-16, 0.000000000000000000, 1.000000000000000000 ) ) ;
#2864 = MANIFOLD_SOLID_BREP ( 'Chamfer6', #2295 ) ;
#2865 = EDGE_CURVE ( 'NONE', #983, #3512, #97, .T. ) ;
#2866 = CARTESIAN_POINT ( 'NONE',  ( 0.7499999999999992228, 0.4799999999999999822, 2.949999999999999734 ) ) ;
#2867 = CARTESIAN_POINT ( 'NONE',  ( 1.458333333333334147, 1.085000000000001741, 2.824999999999999289 ) ) ;
#2868 = ORIENTED_EDGE ( 'NONE', *, *, #573, .T. ) ;
#2869 = ORIENTED_EDGE ( 'NONE', *, *, #1866, .T. ) ;
#2870 = FACE_OUTER_BOUND ( 'NONE', #1310, .T. ) ;
#2871 = VERTEX_POINT ( 'NONE', #629 ) ;
#2872 = EDGE_CURVE ( 'NONE', #116, #1313, #2233, .T. ) ;
#2873 = CARTESIAN_POINT ( 'NONE',  ( 1.524999999999999467, 0.4799999999999999267, -3.000000000000000000 ) ) ;
#2874 = AXIS2_PLACEMENT_3D ( 'NONE', #2975, #1321, #2564 ) ;
#2875 = ORIENTED_EDGE ( 'NONE', *, *, #1305, .T. ) ;
#2876 = EDGE_CURVE ( 'NONE', #790, #3270, #2901, .T. ) ;
#2877 = VECTOR ( 'NONE', #3141, 1000.000000000000000 ) ;
#2878 = LINE ( 'NONE', #1585, #4014 ) ;
#2879 = CIRCLE ( 'NONE', #754, 0.2249999999999999500 ) ;
#2880 = CARTESIAN_POINT ( 'NONE',  ( -1.524999999999999467, 0.000000000000000000, -3.000000000000000000 ) ) ;
#2881 = CIRCLE ( 'NONE', #2953, 0.2249999999999999500 ) ;
#2882 = VECTOR ( 'NONE', #1661, 1000.000000000000000 ) ;
#2883 = DIRECTION ( 'NONE',  ( 0.000000000000000000, -0.000000000000000000, 1.000000000000000000 ) ) ;
#2884 = ORIENTED_EDGE ( 'NONE', *, *, #439, .T. ) ;
#2885 = FACE_OUTER_BOUND ( 'NONE', #1716, .T. ) ;
#2886 = VECTOR ( 'NONE', #2711, 1000.000000000000000 ) ;
#2887 = EDGE_CURVE ( 'NONE', #1994, #1086, #5, .T. ) ;
#2888 =( GEOMETRIC_REPRESENTATION_CONTEXT ( 3 ) GLOBAL_UNCERTAINTY_ASSIGNED_CONTEXT ( ( #134 ) ) GLOBAL_UNIT_ASSIGNED_CONTEXT ( ( #261, #1901, #1533 ) ) REPRESENTATION_CONTEXT ( 'NONE', 'WORKASPACE' ) );
#2889 = ADVANCED_FACE ( 'NONE', ( #3827 ), #2853, .F. ) ;
#2890 = ORIENTED_EDGE ( 'NONE', *, *, #1298, .T. ) ;
#2891 = CIRCLE ( 'NONE', #1081, 0.1749999999999998224 ) ;
#2892 = AXIS2_PLACEMENT_3D ( 'NONE', #398, #2305, #3615 ) ;
#2893 = CARTESIAN_POINT ( 'NONE',  ( 1.574999999999999512, -1.720465053408525957, -3.000000000000000000 ) ) ;
#2894 = DIRECTION ( 'NONE',  ( 0.000000000000000000, -1.000000000000000000, 0.000000000000000000 ) ) ;
#2895 = VECTOR ( 'NONE', #2518, 1000.000000000000000 ) ;
#2896 = DIRECTION ( 'NONE',  ( 0.000000000000000000, 1.000000000000000000, 0.000000000000000000 ) ) ;
#2897 = ORIENTED_EDGE ( 'NONE', *, *, #3523, .T. ) ;
#2898 = ORIENTED_EDGE ( 'NONE', *, *, #2177, .F. ) ;
#2899 = LINE ( 'NONE', #3, #882 ) ;
#2900 = VERTEX_POINT ( 'NONE', #974 ) ;
#2901 = LINE ( 'NONE', #1856, #1016 ) ;
#2902 = PRESENTATION_STYLE_ASSIGNMENT (( #1965 ) ) ;
#2903 = CARTESIAN_POINT ( 'NONE',  ( 1.458333333333334147, 1.079999999999999849, 2.708333333333333481 ) ) ;
#2904 = EDGE_CURVE ( 'NONE', #4029, #3421, #1033, .T. ) ;
#2905 = DIRECTION ( 'NONE',  ( 0.000000000000000000, 0.000000000000000000, -1.000000000000000000 ) ) ;
#2906 = DIRECTION ( 'NONE',  ( 1.000000000000000000, 0.000000000000000000, 0.000000000000000000 ) ) ;
#2907 = EDGE_LOOP ( 'NONE', ( #786, #2750, #2635, #984 ) ) ;
#2908 = LINE ( 'NONE', #3607, #2429 ) ;
#2909 = ORIENTED_EDGE ( 'NONE', *, *, #2001, .F. ) ;
#2910 = EDGE_CURVE ( 'NONE', #1091, #1618, #453, .T. ) ;
#2911 = PLANE ( 'NONE',  #631 ) ;
#2912 = EDGE_CURVE ( 'NONE', #1876, #804, #2025, .T. ) ;
#2913 = FILL_AREA_STYLE_COLOUR ( '', #2600 ) ;
#2914 = CARTESIAN_POINT ( 'NONE',  ( -1.700000000000000178, 0.000000000000000000, -1.600000000000000533 ) ) ;
#2915 = ORIENTED_EDGE ( 'NONE', *, *, #388, .T. ) ;
#2916 = ORIENTED_EDGE ( 'NONE', *, *, #38, .F. ) ;
#2917 = CARTESIAN_POINT ( 'NONE',  ( -1.693333333333333135, 0.9599999999999998535, 2.711506233219132054E-16 ) ) ;
#2918 = CARTESIAN_POINT ( 'NONE',  ( 0.7500000000000011102, 2.200465053408525939, -4.646580739223597897E-16 ) ) ;
#2919 = DIRECTION ( 'NONE',  ( 0.000000000000000000, 1.000000000000000000, 0.000000000000000000 ) ) ;
#2920 = DIRECTION ( 'NONE',  ( 0.000000000000000000, 0.000000000000000000, 1.000000000000000000 ) ) ;
#2921 = CARTESIAN_POINT ( 'NONE',  ( 1.574999999999999956, 7.668771135231173375, 2.708333333333333481 ) ) ;
#2922 = ORIENTED_EDGE ( 'NONE', *, *, #2768, .F. ) ;
#2923 = ADVANCED_FACE ( 'NONE', ( #1362 ), #3579, .T. ) ;
#2924 = DIRECTION ( 'NONE',  ( -1.486905836551545381E-16, 0.000000000000000000, -1.000000000000000000 ) ) ;
#2925 = ORIENTED_EDGE ( 'NONE', *, *, #3945, .T. ) ;
#2926 = CARTESIAN_POINT ( 'NONE',  ( -1.749999999999999334, 0.000000000000000000, 3.000000000000000000 ) ) ;
#2927 = CARTESIAN_POINT ( 'NONE',  ( 1.530625890315196358, 0.4799999999999999822, 2.949999999999999734 ) ) ;
#2928 = VERTEX_POINT ( 'NONE', #2310 ) ;
#2929 = EDGE_CURVE ( 'NONE', #1292, #2801, #3104, .T. ) ;
#2930 = LINE ( 'NONE', #2999, #2550 ) ;
#2931 = CARTESIAN_POINT ( 'NONE',  ( 1.458333333333334147, 7.707635744030864267, 2.708333333333333481 ) ) ;
#2932 = ORIENTED_EDGE ( 'NONE', *, *, #3227, .T. ) ;
#2933 = VERTEX_POINT ( 'NONE', #404 ) ;
#2934 =( NAMED_UNIT ( * ) SI_UNIT ( $, .STERADIAN. ) SOLID_ANGLE_UNIT ( ) );
#2935 = PLANE ( 'NONE',  #1483 ) ;
#2936 = CARTESIAN_POINT ( 'NONE',  ( 0.7499999999999992228, -1.720465053408525957, 2.949999999999999734 ) ) ;
#2937 = CARTESIAN_POINT ( 'NONE',  ( -0.7499999999999992228, 0.000000000000000000, -2.949999999999999734 ) ) ;
#2938 = CARTESIAN_POINT ( 'NONE',  ( 6.938893903907226405E-16, -0.000000000000000000, -1.599999999999999645 ) ) ;
#2939 = CARTESIAN_POINT ( 'NONE',  ( -0.7500000000000011102, 2.200465053408525939, 4.646580739223597897E-16 ) ) ;
#2940 = EDGE_CURVE ( 'NONE', #2020, #95, #1964, .T. ) ;
#2941 = CARTESIAN_POINT ( 'NONE',  ( 1.574999999999999956, 1.084999999999999742, 2.708333333333333481 ) ) ;
#2942 = VECTOR ( 'NONE', #607, 1000.000000000000000 ) ;
#2943 = AXIS2_PLACEMENT_3D ( 'NONE', #2820, #1147, #2445 ) ;
#2944 = ADVANCED_FACE ( 'NONE', ( #2637 ), #1719, .T. ) ;
#2945 = LINE ( 'NONE', #1693, #893 ) ;
#2946 = PLANE ( 'NONE',  #1272 ) ;
#2947 = VERTEX_POINT ( 'NONE', #433 ) ;
#2948 = CARTESIAN_POINT ( 'NONE',  ( -1.575000000000000400, 1.084999999999999742, -2.708333333333333037 ) ) ;
#2949 = ADVANCED_FACE ( 'NONE', ( #2023 ), #1075, .F. ) ;
#2950 = CIRCLE ( 'NONE', #2150, 0.1150000000000000883 ) ;
#2951 = ORIENTED_EDGE ( 'NONE', *, *, #106, .F. ) ;
#2952 = FACE_OUTER_BOUND ( 'NONE', #3916, .T. ) ;
#2953 = AXIS2_PLACEMENT_3D ( 'NONE', #2342, #3560, #108 ) ;
#2954 = EDGE_CURVE ( 'NONE', #2286, #331, #3947, .T. ) ;
#2955 = MECHANICAL_DESIGN_GEOMETRIC_PRESENTATION_REPRESENTATION (  '', ( #619 ), #2753 ) ;
#2956 = ORIENTED_EDGE ( 'NONE', *, *, #3137, .T. ) ;
#2957 = VECTOR ( 'NONE', #1744, 1000.000000000000000 ) ;
#2958 = CIRCLE ( 'NONE', #222, 0.1150000000000000883 ) ;
#2959 = VECTOR ( 'NONE', #3689, 1000.000000000000000 ) ;
#2960 = EDGE_LOOP ( 'NONE', ( #1814, #3318, #989, #3847 ) ) ;
#2961 = CARTESIAN_POINT ( 'NONE',  ( 1.458333333333334147, 1.084999999999880282, -2.708333333333333925 ) ) ;
#2962 = AXIS2_PLACEMENT_3D ( 'NONE', #1349, #2622, #1092 ) ;
#2963 = ORIENTED_EDGE ( 'NONE', *, *, #3674, .T. ) ;
#2964 = DIRECTION ( 'NONE',  ( -0.000000000000000000, -1.000000000000000000, -0.000000000000000000 ) ) ;
#2965 = AXIS2_PLACEMENT_3D ( 'NONE', #3343, #2792, #3593 ) ;
#2966 = CIRCLE ( 'NONE', #2892, 0.001666666666666743318 ) ;
#2967 = VERTEX_POINT ( 'NONE', #124 ) ;
#2968 = VECTOR ( 'NONE', #1109, 1000.000000000000000 ) ;
#2969 = DIRECTION ( 'NONE',  ( -6.195440985631456303E-16, 0.000000000000000000, -1.000000000000000000 ) ) ;
#2970 = CARTESIAN_POINT ( 'NONE',  ( 1.633333333333333748, 7.707635744030864267, 2.708333333333333481 ) ) ;
#2971 = CARTESIAN_POINT ( 'NONE',  ( 0.7500000000000001110, 0.4799999999999999267, 1.600000000000000089 ) ) ;
#2972 = DIRECTION ( 'NONE',  ( -6.424901762877064481E-16, 0.000000000000000000, 1.000000000000000000 ) ) ;
#2973 = VECTOR ( 'NONE', #2147, 1000.000000000000000 ) ;
#2974 = LINE ( 'NONE', #1369, #3359 ) ;
#2975 = CARTESIAN_POINT ( 'NONE',  ( 1.700000000000000400, -1.720465053408525957, -1.600000000000000533 ) ) ;
#2976 = ADVANCED_FACE ( 'NONE', ( #2326 ), #706, .F. ) ;
#2977 = ADVANCED_FACE ( 'NONE', ( #60 ), #1385, .F. ) ;
#2978 = ORIENTED_EDGE ( 'NONE', *, *, #3472, .T. ) ;
#2979 = LINE ( 'NONE', #117, #92 ) ;
#2980 = DIRECTION ( 'NONE',  ( 0.000000000000000000, 1.000000000000000000, 0.000000000000000000 ) ) ;
#2981 = CARTESIAN_POINT ( 'NONE',  ( -1.524999999999999467, 2.200465053408525939, -3.000000000000000000 ) ) ;
#2982 = DIRECTION ( 'NONE',  ( 0.000000000000000000, 0.000000000000000000, 1.000000000000000000 ) ) ;
#2983 = EDGE_CURVE ( 'NONE', #3554, #1213, #1065, .T. ) ;
#2984 = DIRECTION ( 'NONE',  ( 0.000000000000000000, 0.000000000000000000, 1.000000000000000000 ) ) ;
#2985 = ORIENTED_EDGE ( 'NONE', *, *, #85, .F. ) ;
#2986 = ORIENTED_EDGE ( 'NONE', *, *, #203, .T. ) ;
#2987 = PLANE ( 'NONE',  #1477 ) ;
#2988 = ORIENTED_EDGE ( 'NONE', *, *, #3365, .F. ) ;
#2989 = DIRECTION ( 'NONE',  ( -0.000000000000000000, -1.000000000000000000, -0.000000000000000000 ) ) ;
#2990 = FACE_OUTER_BOUND ( 'NONE', #698, .T. ) ;
#2991 = EDGE_CURVE ( 'NONE', #303, #3943, #350, .T. ) ;
#2992 = LINE ( 'NONE', #2618, #762 ) ;
#2993 = DIRECTION ( 'NONE',  ( 1.000000000000000000, -0.000000000000000000, 4.336808689942018229E-16 ) ) ;
#2994 = FACE_OUTER_BOUND ( 'NONE', #2137, .T. ) ;
#2995 = DIRECTION ( 'NONE',  ( 0.000000000000000000, 1.000000000000000000, 0.000000000000000000 ) ) ;
#2996 = CARTESIAN_POINT ( 'NONE',  ( 1.458333333333334147, 1.084999999999999742, 2.709999999999999520 ) ) ;
#2997 = EDGE_CURVE ( 'NONE', #1090, #2232, #3864, .T. ) ;
#2998 = LINE ( 'NONE', #781, #699 ) ;
#2999 = CARTESIAN_POINT ( 'NONE',  ( 1.575000000000000178, 7.668771135231173375, -2.708333333333333925 ) ) ;
#3000 = EDGE_CURVE ( 'NONE', #3350, #983, #3258, .T. ) ;
#3001 = CARTESIAN_POINT ( 'NONE',  ( 1.458333333333334147, 1.084999999999880282, 2.708333333333333481 ) ) ;
#3002 = EDGE_LOOP ( 'NONE', ( #4090, #1653, #3525, #2166 ) ) ;
#3003 = EDGE_CURVE ( 'NONE', #3215, #677, #3705, .T. ) ;
#3004 = ORIENTED_EDGE ( 'NONE', *, *, #3443, .F. ) ;
#3005 = LINE ( 'NONE', #2670, #286 ) ;
#3006 = ORIENTED_EDGE ( 'NONE', *, *, #1532, .F. ) ;
#3007 = CARTESIAN_POINT ( 'NONE',  ( 1.458333333333334147, 1.020000000000000018, -2.943333333333332913 ) ) ;
#3008 = VERTEX_POINT ( 'NONE', #538 ) ;
#3009 = DIRECTION ( 'NONE',  ( 0.000000000000000000, 0.000000000000000000, -1.000000000000000000 ) ) ;
#3010 = CARTESIAN_POINT ( 'NONE',  ( 1.573333333333334139, 1.020023152615177731, 6.311724647207921577E-17 ) ) ;
#3011 = CARTESIAN_POINT ( 'NONE',  ( -0.7500000000000011102, 0.4799999999999999822, 4.646580739223597897E-16 ) ) ;
#3012 = EDGE_CURVE ( 'NONE', #1376, #2498, #3041, .T. ) ;
#3013 = EDGE_CURVE ( 'NONE', #3804, #1258, #1738, .T. ) ;
#3014 = CARTESIAN_POINT ( 'NONE',  ( 0.7500000000000001110, 0.4799999999999999822, -1.600000000000000089 ) ) ;
#3015 = CARTESIAN_POINT ( 'NONE',  ( -1.693333333333333579, 1.020000000000000018, -2.708333333333333037 ) ) ;
#3016 = ORIENTED_EDGE ( 'NONE', *, *, #2031, .T. ) ;
#3017 = CARTESIAN_POINT ( 'NONE',  ( 1.574999999999999512, 0.000000000000000000, 3.000000000000000000 ) ) ;
#3018 = LINE ( 'NONE', #4040, #2560 ) ;
#3019 = CIRCLE ( 'NONE', #1807, 0.2249999999999999500 ) ;
#3020 = EDGE_LOOP ( 'NONE', ( #585, #1269, #2650, #3190 ) ) ;
#3021 = VERTEX_POINT ( 'NONE', #522 ) ;
#3022 = EDGE_CURVE ( 'NONE', #677, #1782, #179, .T. ) ;
#3023 = AXIS2_PLACEMENT_3D ( 'NONE', #1270, #3480, #1907 ) ;
#3024 = CARTESIAN_POINT ( 'NONE',  ( -1.699999999999999289, 0.000000000000000000, 2.780625890315197246 ) ) ;
#3025 = ADVANCED_FACE ( 'NONE', ( #565 ), #1446, .F. ) ;
#3026 = VECTOR ( 'NONE', #2504, 1000.000000000000000 ) ;
#3027 = ORIENTED_EDGE ( 'NONE', *, *, #2849, .T. ) ;
#3028 = CYLINDRICAL_SURFACE ( 'NONE', #3609, 0.1749999999999998224 ) ;
#3029 = EDGE_LOOP ( 'NONE', ( #3825, #3408, #403, #1669 ) ) ;
#3030 = EDGE_LOOP ( 'NONE', ( #2703, #3908, #725, #1036 ) ) ;
#3031 = AXIS2_PLACEMENT_3D ( 'NONE', #1456, #3993, #1145 ) ;
#3032 = CIRCLE ( 'NONE', #1748, 0.05999999999999994227 ) ;
#3033 = DIRECTION ( 'NONE',  ( 1.000000000000000000, 0.000000000000000000, -4.565061778886335030E-16 ) ) ;
#3034 = DIRECTION ( 'NONE',  ( 0.000000000000000000, 0.000000000000000000, 1.000000000000000000 ) ) ;
#3035 = CIRCLE ( 'NONE', #951, 0.2249999999999999500 ) ;
#3036 = CARTESIAN_POINT ( 'NONE',  ( 1.524999999999999467, 0.4799999999999999822, -3.000000000000000000 ) ) ;
#3037 = CARTESIAN_POINT ( 'NONE',  ( 1.700000000000000178, 0.4799999999999999822, 0.000000000000000000 ) ) ;
#3038 = VECTOR ( 'NONE', #4085, 1000.000000000000000 ) ;
#3039 = AXIS2_PLACEMENT_3D ( 'NONE', #740, #2334, #3613 ) ;
#3040 = DIRECTION ( 'NONE',  ( -6.195440985631456303E-16, 0.000000000000000000, 1.000000000000000000 ) ) ;
#3041 = CIRCLE ( 'NONE', #759, 0.2249999999999999500 ) ;
#3042 = DIRECTION ( 'NONE',  ( 0.000000000000000000, 0.000000000000000000, -1.000000000000000000 ) ) ;
#3043 = DIRECTION ( 'NONE',  ( -4.336808689942006692E-15, 0.000000000000000000, -1.000000000000000000 ) ) ;
#3044 = TOROIDAL_SURFACE ( 'NONE', #425, 0.2350000000000001255, 0.05999999999999999778 ) ;
#3045 = VERTEX_POINT ( 'NONE', #480 ) ;
#3046 = FACE_BOUND ( 'NONE', #2829, .T. ) ;
#3047 = ORIENTED_EDGE ( 'NONE', *, *, #1204, .F. ) ;
#3048 = LINE ( 'NONE', #3442, #359 ) ;
#3049 = VERTEX_POINT ( 'NONE', #4010 ) ;
#3050 = ORIENTED_EDGE ( 'NONE', *, *, #1319, .F. ) ;
#3051 = ORIENTED_EDGE ( 'NONE', *, *, #1975, .T. ) ;
#3052 = EDGE_CURVE ( 'NONE', #807, #208, #1273, .T. ) ;
#3053 = DIRECTION ( 'NONE',  ( 0.000000000000000000, -1.000000000000000000, 0.000000000000000000 ) ) ;
#3054 = DIRECTION ( 'NONE',  ( 0.000000000000000000, 0.000000000000000000, 1.000000000000000000 ) ) ;
#3055 = DIRECTION ( 'NONE',  ( 1.200962406445482005E-16, -0.000000000000000000, 1.000000000000000000 ) ) ;
#3056 = FILL_AREA_STYLE ('',( #507 ) ) ;
#3057 = CARTESIAN_POINT ( 'NONE',  ( -1.699999999999999289, -1.720465053408525957, -2.780625890315197246 ) ) ;
#3058 = ORIENTED_EDGE ( 'NONE', *, *, #3084, .T. ) ;
#3059 = DIRECTION ( 'NONE',  ( -0.000000000000000000, 1.000000000000000000, -0.000000000000000000 ) ) ;
#3060 = PLANE ( 'NONE',  #1211 ) ;
#3061 = LINE ( 'NONE', #511, #3687 ) ;
#3062 = CARTESIAN_POINT ( 'NONE',  ( -1.633333333333333748, 1.020000000000000018, -2.708333333333333037 ) ) ;
#3063 = EDGE_CURVE ( 'NONE', #2046, #3535, #1783, .T. ) ;
#3064 = ORIENTED_EDGE ( 'NONE', *, *, #874, .T. ) ;
#3065 = CARTESIAN_POINT ( 'NONE',  ( -1.458333333333333703, 1.019999999999999796, -2.943333333333332913 ) ) ;
#3066 = PLANE ( 'NONE',  #415 ) ;
#3067 = LINE ( 'NONE', #908, #2483 ) ;
#3068 = ORIENTED_EDGE ( 'NONE', *, *, #360, .F. ) ;
#3069 = EDGE_CURVE ( 'NONE', #2519, #100, #1114, .T. ) ;
#3070 = CARTESIAN_POINT ( 'NONE',  ( 1.530625890315196358, 2.200465053408525939, -2.949999999999999734 ) ) ;
#3071 = ORIENTED_EDGE ( 'NONE', *, *, #1200, .T. ) ;
#3072 = VERTEX_POINT ( 'NONE', #3405 ) ;
#3073 = ORIENTED_EDGE ( 'NONE', *, *, #2407, .F. ) ;
#3074 = DIRECTION ( 'NONE',  ( 0.000000000000000000, 0.000000000000000000, -1.000000000000000000 ) ) ;
#3075 = CARTESIAN_POINT ( 'NONE',  ( 1.574999999999999512, 0.9599999999999999645, 3.000000000000000000 ) ) ;
#3076 = LINE ( 'NONE', #1464, #889 ) ;
#3077 = FACE_OUTER_BOUND ( 'NONE', #601, .T. ) ;
#3078 = ORIENTED_EDGE ( 'NONE', *, *, #3111, .F. ) ;
#3079 = VERTEX_POINT ( 'NONE', #1429 ) ;
#3080 = CARTESIAN_POINT ( 'NONE',  ( -1.530625890315196358, 0.000000000000000000, -2.949999999999999734 ) ) ;
#3081 = CARTESIAN_POINT ( 'NONE',  ( -1.699999999999999289, 0.000000000000000000, -2.780625890315197246 ) ) ;
#3082 = LINE ( 'NONE', #2128, #3231 ) ;
#3083 = DIRECTION ( 'NONE',  ( 0.000000000000000000, 0.000000000000000000, 1.000000000000000000 ) ) ;
#3084 = EDGE_CURVE ( 'NONE', #1185, #1872, #566, .T. ) ;
#3085 = DIRECTION ( 'NONE',  ( 0.000000000000000000, 0.000000000000000000, 1.000000000000000000 ) ) ;
#3086 = LINE ( 'NONE', #2762, #1899 ) ;
#3087 = CARTESIAN_POINT ( 'NONE',  ( -1.060000000000000275, 0.6143145750507615910, -2.309999999999999609 ) ) ;
#3088 = CARTESIAN_POINT ( 'NONE',  ( -1.524999999999999467, 0.000000000000000000, -3.000000000000000000 ) ) ;
#3089 = ORIENTED_EDGE ( 'NONE', *, *, #3921, .F. ) ;
#3090 = CARTESIAN_POINT ( 'NONE',  ( 1.750000000000000666, 0.000000000000000000, -2.774999999999999911 ) ) ;
#3091 = STYLED_ITEM ( 'NONE', ( #1309 ), #2319 ) ;
#3092 = ORIENTED_EDGE ( 'NONE', *, *, #2803, .T. ) ;
#3093 = EDGE_LOOP ( 'NONE', ( #944, #2875, #736, #1795 ) ) ;
#3094 = VERTEX_POINT ( 'NONE', #3727 ) ;
#3095 = CARTESIAN_POINT ( 'NONE',  ( 1.750000000000000666, 0.9599999999999998535, 2.825000000000000178 ) ) ;
#3096 = CIRCLE ( 'NONE', #1082, 0.2249999999999999500 ) ;
#3097 =( NAMED_UNIT ( * ) PLANE_ANGLE_UNIT ( ) SI_UNIT ( $, .RADIAN. ) );
#3098 = LINE ( 'NONE', #1135, #2959 ) ;
#3099 = ORIENTED_EDGE ( 'NONE', *, *, #4094, .T. ) ;
#3100 = COLOUR_RGB ( '',1.000000000000000000, 0.8117647058823529438, 0.5019607843137254832 ) ;
#3101 = EDGE_LOOP ( 'NONE', ( #2010, #1059, #1662, #872, #3747, #1730, #3267, #1917 ) ) ;
#3102 = CYLINDRICAL_SURFACE ( 'NONE', #3622, 0.2249999999999999500 ) ;
#3103 = VECTOR ( 'NONE', #3984, 1000.000000000000000 ) ;
#3104 = CIRCLE ( 'NONE', #1345, 0.2249999999999999500 ) ;
#3105 = CARTESIAN_POINT ( 'NONE',  ( 1.458333333333334147, 7.707635744030864267, -2.883333333333333304 ) ) ;
#3106 = PRESENTATION_LAYER_ASSIGNMENT (  '', '', ( #2482 ) ) ;
#3107 = VECTOR ( 'NONE', #3998, 1000.000000000000000 ) ;
#3108 = VERTEX_POINT ( 'NONE', #3095 ) ;
#3109 = AXIS2_PLACEMENT_3D ( 'NONE', #1459, #272, #1548 ) ;
#3110 = VECTOR ( 'NONE', #3574, 1000.000000000000000 ) ;
#3111 = EDGE_CURVE ( 'NONE', #2586, #2318, #869, .T. ) ;
#3112 = AXIS2_PLACEMENT_3D ( 'NONE', #3928, #2663, #4018 ) ;
#3113 = CARTESIAN_POINT ( 'NONE',  ( -0.7499999999999992228, 0.000000000000000000, 2.949999999999999734 ) ) ;
#3114 = DIRECTION ( 'NONE',  ( -0.000000000000000000, -1.000000000000000000, -0.000000000000000000 ) ) ;
#3115 = CARTESIAN_POINT ( 'NONE',  ( 4.202987164652379670E-16, 1.020023152615177953, 2.823333333333332362 ) ) ;
#3116 = MECHANICAL_DESIGN_GEOMETRIC_PRESENTATION_REPRESENTATION (  '', ( #3307 ), #574 ) ;
#3117 = ORIENTED_EDGE ( 'NONE', *, *, #1002, .T. ) ;
#3118 = CARTESIAN_POINT ( 'NONE',  ( 1.749999999999999334, 0.000000000000000000, 3.000000000000000000 ) ) ;
#3119 = DIRECTION ( 'NONE',  ( -1.000000000000000000, 0.000000000000000000, 1.200962406445481266E-16 ) ) ;
#3120 = EDGE_CURVE ( 'NONE', #3451, #2316, #195, .T. ) ;
#3121 = ORIENTED_EDGE ( 'NONE', *, *, #2256, .T. ) ;
#3122 = ORIENTED_EDGE ( 'NONE', *, *, #2308, .T. ) ;
#3123 = ORIENTED_EDGE ( 'NONE', *, *, #4078, .F. ) ;
#3124 = DIRECTION ( 'NONE',  ( 0.000000000000000000, 0.000000000000000000, -1.000000000000000000 ) ) ;
#3125 = DIRECTION ( 'NONE',  ( 1.000000000000000000, 0.000000000000000000, 0.000000000000000000 ) ) ;
#3126 = LINE ( 'NONE', #1028, #764 ) ;
#3127 = DIRECTION ( 'NONE',  ( 0.000000000000000000, 0.000000000000000000, -1.000000000000000000 ) ) ;
#3128 = CARTESIAN_POINT ( 'NONE',  ( -1.458333333333332815, 1.020023152615177509, 2.708333333333333481 ) ) ;
#3129 = VERTEX_POINT ( 'NONE', #3978 ) ;
#3130 = VERTEX_POINT ( 'NONE', #1131 ) ;
#3131 = EDGE_CURVE ( 'NONE', #137, #563, #2142, .T. ) ;
#3132 = CARTESIAN_POINT ( 'NONE',  ( 0.000000000000000000, 0.4799999999999999267, 0.000000000000000000 ) ) ;
#3133 = FACE_OUTER_BOUND ( 'NONE', #194, .T. ) ;
#3134 = DIRECTION ( 'NONE',  ( 0.000000000000000000, 1.000000000000000000, 0.000000000000000000 ) ) ;
#3135 = DIRECTION ( 'NONE',  ( -0.000000000000000000, -1.000000000000000000, -0.000000000000000000 ) ) ;
#3136 = DIRECTION ( 'NONE',  ( 0.000000000000000000, 0.000000000000000000, -1.000000000000000000 ) ) ;
#3137 = EDGE_CURVE ( 'NONE', #3844, #677, #2788, .T. ) ;
#3138 = EDGE_CURVE ( 'NONE', #3045, #2183, #3685, .T. ) ;
#3139 = ORIENTED_EDGE ( 'NONE', *, *, #3895, .F. ) ;
#3140 = ORIENTED_EDGE ( 'NONE', *, *, #42, .T. ) ;
#3141 = DIRECTION ( 'NONE',  ( 1.601283208593975760E-16, -0.000000000000000000, 1.000000000000000000 ) ) ;
#3142 = ORIENTED_EDGE ( 'NONE', *, *, #2681, .T. ) ;
#3143 = CYLINDRICAL_SURFACE ( 'NONE', #2211, 0.2000000000000000944 ) ;
#3144 = MANIFOLD_SOLID_BREP ( 'Boss-Extrude5', #2279 ) ;
#3145 = VERTEX_POINT ( 'NONE', #1192 ) ;
#3146 = DIRECTION ( 'NONE',  ( 0.000000000000000000, 0.000000000000000000, -1.000000000000000000 ) ) ;
#3147 = CARTESIAN_POINT ( 'NONE',  ( 0.7500000000000001110, 0.000000000000000000, 1.600000000000000089 ) ) ;
#3148 = CARTESIAN_POINT ( 'NONE',  ( -1.699999999999999734, 2.200465053408525939, -1.600000000000000311 ) ) ;
#3149 = DIRECTION ( 'NONE',  ( -0.000000000000000000, -1.000000000000000000, -0.000000000000000000 ) ) ;
#3150 = DIRECTION ( 'NONE',  ( -0.000000000000000000, -1.000000000000000000, -0.000000000000000000 ) ) ;
#3151 = DIRECTION ( 'NONE',  ( -7.346626438598939522E-16, 0.000000000000000000, -1.000000000000000000 ) ) ;
#3152 = EDGE_LOOP ( 'NONE', ( #3478, #2986, #1996, #379 ) ) ;
#3153 = EDGE_LOOP ( 'NONE', ( #503, #118, #1492, #646 ) ) ;
#3154 = VECTOR ( 'NONE', #1282, 1000.000000000000000 ) ;
#3155 = EDGE_CURVE ( 'NONE', #2529, #1293, #2823, .T. ) ;
#3156 = FACE_OUTER_BOUND ( 'NONE', #2299, .T. ) ;
#3157 = ORIENTED_EDGE ( 'NONE', *, *, #3857, .F. ) ;
#3158 = DIRECTION ( 'NONE',  ( 0.000000000000000000, 1.000000000000000000, 0.000000000000000000 ) ) ;
#3159 = ORIENTED_EDGE ( 'NONE', *, *, #940, .F. ) ;
#3160 = LINE ( 'NONE', #212, #104 ) ;
#3161 = SURFACE_STYLE_USAGE ( .BOTH. , #2503 ) ;
#3162 =( LENGTH_UNIT ( ) NAMED_UNIT ( * ) SI_UNIT ( .MILLI., .METRE. ) );
#3163 = DIRECTION ( 'NONE',  ( -0.000000000000000000, -1.000000000000000000, -0.000000000000000000 ) ) ;
#3164 = VECTOR ( 'NONE', #1978, 1000.000000000000000 ) ;
#3165 = VECTOR ( 'NONE', #2712, 1000.000000000000000 ) ;
#3166 = CARTESIAN_POINT ( 'NONE',  ( -1.060000000000000275, 1.199999999999999956, -2.509999999999999787 ) ) ;
#3167 = VECTOR ( 'NONE', #539, 1000.000000000000000 ) ;
#3168 = ORIENTED_EDGE ( 'NONE', *, *, #3839, .F. ) ;
#3169 = VECTOR ( 'NONE', #2819, 1000.000000000000000 ) ;
#3170 = VECTOR ( 'NONE', #3912, 1000.000000000000000 ) ;
#3171 = AXIS2_PLACEMENT_3D ( 'NONE', #1980, #772, #144 ) ;
#3172 = DIRECTION ( 'NONE',  ( 0.000000000000000000, 1.000000000000000000, 0.000000000000000000 ) ) ;
#3173 = VECTOR ( 'NONE', #1558, 1000.000000000000000 ) ;
#3174 = CIRCLE ( 'NONE', #3495, 0.1749999999999998224 ) ;
#3175 = CIRCLE ( 'NONE', #1351, 0.1166666666666663910 ) ;
#3176 = CARTESIAN_POINT ( 'NONE',  ( -1.700000000000000178, -1.720465053408525957, 1.600000000000000533 ) ) ;
#3177 = CIRCLE ( 'NONE', #1354, 0.2000000000000000944 ) ;
#3178 = FACE_OUTER_BOUND ( 'NONE', #2363, .T. ) ;
#3179 = EDGE_LOOP ( 'NONE', ( #2397, #1212, #326, #536 ) ) ;
#3180 = MANIFOLD_SOLID_BREP ( 'Boss-Extrude6[3]', #1969 ) ;
#3181 = PRESENTATION_STYLE_ASSIGNMENT (( #616 ) ) ;
#3182 = PLANE ( 'NONE',  #2540 ) ;
#3183 = LINE ( 'NONE', #305, #1952 ) ;
#3184 = ORIENTED_EDGE ( 'NONE', *, *, #2737, .T. ) ;
#3185 = ORIENTED_EDGE ( 'NONE', *, *, #1191, .T. ) ;
#3186 = EDGE_CURVE ( 'NONE', #3500, #387, #2526, .T. ) ;
#3187 = DIRECTION ( 'NONE',  ( -0.000000000000000000, 1.000000000000000000, -0.000000000000000000 ) ) ;
#3188 = EDGE_CURVE ( 'NONE', #3250, #2586, #335, .T. ) ;
#3189 = CARTESIAN_POINT ( 'NONE',  ( 1.749999999999999334, 0.4799999999999999267, -3.000000000000000000 ) ) ;
#3190 = ORIENTED_EDGE ( 'NONE', *, *, #1233, .T. ) ;
#3191 = LINE ( 'NONE', #2212, #2224 ) ;
#3192 = LINE ( 'NONE', #938, #2355 ) ;
#3193 = EDGE_CURVE ( 'NONE', #2044, #2167, #2665, .T. ) ;
#3194 = ADVANCED_FACE ( 'NONE', ( #3556 ), #3329, .F. ) ;
#3195 = ORIENTED_EDGE ( 'NONE', *, *, #2910, .F. ) ;
#3196 = DIRECTION ( 'NONE',  ( 1.000000000000000000, 0.000000000000000000, 0.000000000000000000 ) ) ;
#3197 = CARTESIAN_POINT ( 'NONE',  ( -1.749999999999999334, 0.9599999999999999645, -3.000000000000000000 ) ) ;
#3198 = ORIENTED_EDGE ( 'NONE', *, *, #2865, .F. ) ;
#3199 = ORIENTED_EDGE ( 'NONE', *, *, #778, .T. ) ;
#3200 = CARTESIAN_POINT ( 'NONE',  ( -1.700000000000000178, 0.000000000000000000, 1.600000000000000533 ) ) ;
#3201 = LINE ( 'NONE', #3245, #3676 ) ;
#3202 = ORIENTED_EDGE ( 'NONE', *, *, #1545, .T. ) ;
#3203 = CARTESIAN_POINT ( 'NONE',  ( -1.458333333333332815, 7.668771135231173375, 2.708333333333333481 ) ) ;
#3204 = CARTESIAN_POINT ( 'NONE',  ( -1.749999999999999334, 0.000000000000000000, 3.000000000000000000 ) ) ;
#3205 = VERTEX_POINT ( 'NONE', #2714 ) ;
#3206 = EDGE_CURVE ( 'NONE', #2512, #1086, #3808, .T. ) ;
#3207 = CARTESIAN_POINT ( 'NONE',  ( -1.000000000000001110, 0.000000000000000000, -1.600000000000000089 ) ) ;
#3208 = DIRECTION ( 'NONE',  ( -0.000000000000000000, 1.000000000000000000, -0.000000000000000000 ) ) ;
#3209 = ORIENTED_EDGE ( 'NONE', *, *, #2476, .F. ) ;
#3210 = LINE ( 'NONE', #1652, #3482 ) ;
#3211 = LINE ( 'NONE', #2528, #3038 ) ;
#3212 = ORIENTED_EDGE ( 'NONE', *, *, #2450, .T. ) ;
#3213 = EDGE_LOOP ( 'NONE', ( #1772, #1823, #139, #3185 ) ) ;
#3214 = DIRECTION ( 'NONE',  ( 0.000000000000000000, 0.000000000000000000, 1.000000000000000000 ) ) ;
#3215 = VERTEX_POINT ( 'NONE', #210 ) ;
#3216 =( LENGTH_UNIT ( ) NAMED_UNIT ( * ) SI_UNIT ( .MILLI., .METRE. ) );
#3217 = SURFACE_SIDE_STYLE ('',( #3865 ) ) ;
#3218 = EDGE_CURVE ( 'NONE', #1188, #4002, #2162, .T. ) ;
#3219 = CARTESIAN_POINT ( 'NONE',  ( 1.458333333333334147, 7.707635744030864267, -2.883333333333332860 ) ) ;
#3220 = CARTESIAN_POINT ( 'NONE',  ( -1.575000000000000400, 1.079999999999999849, -2.708333333333333037 ) ) ;
#3221 = ORIENTED_EDGE ( 'NONE', *, *, #2347, .T. ) ;
#3222 = LINE ( 'NONE', #370, #1956 ) ;
#3223 = AXIS2_PLACEMENT_3D ( 'NONE', #366, #3884, #3256 ) ;
#3224 = VECTOR ( 'NONE', #2328, 1000.000000000000000 ) ;
#3225 = CARTESIAN_POINT ( 'NONE',  ( -1.000000000000001110, 0.000000000000000000, -1.600000000000000089 ) ) ;
#3226 = PRODUCT_DEFINITION_SHAPE ( 'NONE', 'NONE',  #606 ) ;
#3227 = EDGE_CURVE ( 'NONE', #3692, #3379, #2930, .T. ) ;
#3228 = AXIS2_PLACEMENT_3D ( 'NONE', #3469, #314, #1587 ) ;
#3229 = CARTESIAN_POINT ( 'NONE',  ( -1.749999999999999334, 0.000000000000000000, -3.000000000000000000 ) ) ;
#3230 = VERTEX_POINT ( 'NONE', #2756 ) ;
#3231 = VECTOR ( 'NONE', #1120, 1000.000000000000000 ) ;
#3232 = VECTOR ( 'NONE', #1914, 1000.000000000000000 ) ;
#3233 = VECTOR ( 'NONE', #3333, 1000.000000000000000 ) ;
#3234 = VECTOR ( 'NONE', #1803, 1000.000000000000000 ) ;
#3235 = EDGE_LOOP ( 'NONE', ( #737, #1851, #3977, #643 ) ) ;
#3236 = CIRCLE ( 'NONE', #1751, 0.1150000000000000883 ) ;
#3237 = CARTESIAN_POINT ( 'NONE',  ( -1.749999999999999334, 0.000000000000000000, 2.774999999999999911 ) ) ;
#3238 = CIRCLE ( 'NONE', #1221, 0.06000000000000015737 ) ;
#3239 = ORIENTED_EDGE ( 'NONE', *, *, #973, .T. ) ;
#3240 = EDGE_LOOP ( 'NONE', ( #1701, #2601, #234, #2243 ) ) ;
#3241 = DIRECTION ( 'NONE',  ( 1.239088197126295205E-15, 0.000000000000000000, 1.000000000000000000 ) ) ;
#3242 = DIRECTION ( 'NONE',  ( -0.000000000000000000, 1.000000000000000000, -0.000000000000000000 ) ) ;
#3243 =( LENGTH_UNIT ( ) NAMED_UNIT ( * ) SI_UNIT ( .MILLI., .METRE. ) );
#3244 = CARTESIAN_POINT ( 'NONE',  ( 1.530625890315196358, 0.000000000000000000, 2.949999999999999734 ) ) ;
#3245 = CARTESIAN_POINT ( 'NONE',  ( 1.524999999999999467, -1.720465053408525957, 3.000000000000000000 ) ) ;
#3246 = ORIENTED_EDGE ( 'NONE', *, *, #1545, .F. ) ;
#3247 = FACE_OUTER_BOUND ( 'NONE', #850, .T. ) ;
#3248 = EDGE_CURVE ( 'NONE', #1156, #3379, #459, .T. ) ;
#3249 = CARTESIAN_POINT ( 'NONE',  ( -4.029514817054696002E-16, 1.084999999999999742, -2.709999999999999520 ) ) ;
#3250 = VERTEX_POINT ( 'NONE', #3390 ) ;
#3251 = VERTEX_POINT ( 'NONE', #797 ) ;
#3252 = EDGE_CURVE ( 'NONE', #1042, #868, #354, .T. ) ;
#3253 = ORIENTED_EDGE ( 'NONE', *, *, #3022, .T. ) ;
#3254 = EDGE_CURVE ( 'NONE', #2072, #1293, #3634, .T. ) ;
#3255 = VERTEX_POINT ( 'NONE', #2419 ) ;
#3256 = DIRECTION ( 'NONE',  ( 4.003208021484938785E-17, 0.000000000000000000, 1.000000000000000000 ) ) ;
#3257 = ORIENTED_EDGE ( 'NONE', *, *, #1400, .T. ) ;
#3258 = LINE ( 'NONE', #2270, #2685 ) ;
#3259 = CARTESIAN_POINT ( 'NONE',  ( -1.060000000000000275, 1.179999999999999938, -2.309999999999999609 ) ) ;
#3260 = DIRECTION ( 'NONE',  ( -0.000000000000000000, 1.000000000000000000, -0.000000000000000000 ) ) ;
#3261 = CARTESIAN_POINT ( 'NONE',  ( 4.376459512250057914E-16, 0.9599999999999998535, -2.943333333333333357 ) ) ;
#3262 = ORIENTED_EDGE ( 'NONE', *, *, #1165, .F. ) ;
#3263 = CARTESIAN_POINT ( 'NONE',  ( -1.530625890315196358, 0.4799999999999999822, -2.949999999999999734 ) ) ;
#3264 = ORIENTED_EDGE ( 'NONE', *, *, #1289, .T. ) ;
#3265 = UNCERTAINTY_MEASURE_WITH_UNIT (LENGTH_MEASURE( 1.000000000000000082E-05 ), #3243, 'distance_accuracy_value', 'NONE');
#3266 = DIRECTION ( 'NONE',  ( -0.000000000000000000, 1.000000000000000000, -0.000000000000000000 ) ) ;
#3267 = ORIENTED_EDGE ( 'NONE', *, *, #3733, .T. ) ;
#3268 = DIRECTION ( 'NONE',  ( 0.000000000000000000, 0.000000000000000000, -1.000000000000000000 ) ) ;
#3269 = CARTESIAN_POINT ( 'NONE',  ( 1.574999999999999512, 0.9599999999999999645, 3.000000000000000000 ) ) ;
#3270 = VERTEX_POINT ( 'NONE', #3062 ) ;
#3271 = VERTEX_POINT ( 'NONE', #3014 ) ;
#3272 = CYLINDRICAL_SURFACE ( 'NONE', #216, 0.06000000000000015737 ) ;
#3273 = ORIENTED_EDGE ( 'NONE', *, *, #1962, .F. ) ;
#3274 = EDGE_CURVE ( 'NONE', #801, #2223, #1452, .T. ) ;
#3275 = DIRECTION ( 'NONE',  ( 0.000000000000000000, 0.000000000000000000, 1.000000000000000000 ) ) ;
#3276 = CARTESIAN_POINT ( 'NONE',  ( -1.749999999999999334, 0.9599999999999999645, -2.825000000000000178 ) ) ;
#3277 = DIRECTION ( 'NONE',  ( 0.000000000000000000, 0.000000000000000000, -1.000000000000000000 ) ) ;
#3278 = DIRECTION ( 'NONE',  ( 0.000000000000000000, 0.000000000000000000, 1.000000000000000000 ) ) ;
#3279 = DIRECTION ( 'NONE',  ( -0.000000000000000000, -1.000000000000000000, -0.000000000000000000 ) ) ;
#3280 = DIRECTION ( 'NONE',  ( -0.000000000000000000, 1.000000000000000000, -0.000000000000000000 ) ) ;
#3281 = LINE ( 'NONE', #409, #3870 ) ;
#3282 = ORIENTED_EDGE ( 'NONE', *, *, #780, .T. ) ;
#3283 = ADVANCED_FACE ( 'NONE', ( #2112 ), #2490, .F. ) ;
#3284 = ORIENTED_EDGE ( 'NONE', *, *, #2576, .T. ) ;
#3285 = CIRCLE ( 'NONE', #1900, 0.1166666666666668351 ) ;
#3286 = VECTOR ( 'NONE', #1197, 999.9999999999998863 ) ;
#3287 = EDGE_LOOP ( 'NONE', ( #2767, #2773, #2531, #3313, #3347, #1602, #3381, #2141 ) ) ;
#3288 = DIRECTION ( 'NONE',  ( 0.000000000000000000, -0.000000000000000000, 1.000000000000000000 ) ) ;
#3289 = AXIS2_PLACEMENT_3D ( 'NONE', #2071, #2058, #2982 ) ;
#3290 = ORIENTED_EDGE ( 'NONE', *, *, #3013, .F. ) ;
#3291 = EDGE_CURVE ( 'NONE', #3271, #718, #3951, .T. ) ;
#3292 = VECTOR ( 'NONE', #1320, 1000.000000000000000 ) ;
#3293 = DIRECTION ( 'NONE',  ( -1.000000000000000000, 0.000000000000000000, -4.336808689942018229E-16 ) ) ;
#3294 = VECTOR ( 'NONE', #1066, 1000.000000000000000 ) ;
#3295 = ORIENTED_EDGE ( 'NONE', *, *, #4078, .T. ) ;
#3296 = COLOUR_RGB ( '',0.2509803921568627416, 0.2509803921568627416, 0.2509803921568627416 ) ;
#3297 = DIRECTION ( 'NONE',  ( 0.000000000000000000, 1.000000000000000000, 0.000000000000000000 ) ) ;
#3298 = CIRCLE ( 'NONE', #422, 0.1166666666666668351 ) ;
#3299 = EDGE_LOOP ( 'NONE', ( #250, #712, #3459, #1976 ) ) ;
#3300 = CIRCLE ( 'NONE', #1085, 0.2249999999999999500 ) ;
#3301 = CARTESIAN_POINT ( 'NONE',  ( -1.749999999999999556, -1.720465053408525957, 2.774999999999999911 ) ) ;
#3302 = CARTESIAN_POINT ( 'NONE',  ( -1.524999999999999467, 0.4799999999999999267, -3.000000000000000000 ) ) ;
#3303 = LINE ( 'NONE', #1365, #3873 ) ;
#3304 = CARTESIAN_POINT ( 'NONE',  ( 1.574999999999999512, 0.4799999999999999822, 3.000000000000000000 ) ) ;
#3305 = FACE_OUTER_BOUND ( 'NONE', #3335, .T. ) ;
#3306 = EDGE_CURVE ( 'NONE', #3983, #932, #147, .T. ) ;
#3307 = STYLED_ITEM ( 'NONE', ( #1569 ), #3957 ) ;
#3308 = FACE_OUTER_BOUND ( 'NONE', #2302, .T. ) ;
#3309 = CARTESIAN_POINT ( 'NONE',  ( -1.574999999999999512, 0.9599999999999999645, 3.000000000000000000 ) ) ;
#3310 = CARTESIAN_POINT ( 'NONE',  ( -1.573333333333333695, 1.020023152615177731, -2.708333333333333037 ) ) ;
#3311 = EDGE_LOOP ( 'NONE', ( #2264, #878, #2481, #3858 ) ) ;
#3312 = CARTESIAN_POINT ( 'NONE',  ( -1.574999999999999512, 0.9599999999999998535, 3.000000000000000000 ) ) ;
#3313 = ORIENTED_EDGE ( 'NONE', *, *, #1885, .T. ) ;
#3314 = ORIENTED_EDGE ( 'NONE', *, *, #3000, .F. ) ;
#3315 = CARTESIAN_POINT ( 'NONE',  ( 1.749999999999999334, 0.000000000000000000, 3.000000000000000000 ) ) ;
#3316 = ORIENTED_EDGE ( 'NONE', *, *, #1377, .T. ) ;
#3317 = CARTESIAN_POINT ( 'NONE',  ( 1.749999999999999334, 0.4799999999999999822, -2.825000000000000178 ) ) ;
#3318 = ORIENTED_EDGE ( 'NONE', *, *, #3913, .T. ) ;
#3319 = CARTESIAN_POINT ( 'NONE',  ( 0.7499999999999992228, 2.200465053408525939, 2.949999999999999734 ) ) ;
#3320 = CARTESIAN_POINT ( 'NONE',  ( -1.060000000000000275, 1.179999999999999938, -2.309999999999999609 ) ) ;
#3321 = DIRECTION ( 'NONE',  ( 0.000000000000000000, 0.000000000000000000, -1.000000000000000000 ) ) ;
#3322 = CARTESIAN_POINT ( 'NONE',  ( 0.7499999999999992228, -1.720465053408525957, -2.949999999999999734 ) ) ;
#3323 = CARTESIAN_POINT ( 'NONE',  ( 1.524999999999999467, 2.200465053408525939, -3.000000000000000000 ) ) ;
#3324 = CARTESIAN_POINT ( 'NONE',  ( -1.749999999999999334, -1.720465053408525957, 2.825000000000000178 ) ) ;
#3325 = LINE ( 'NONE', #3309, #1013 ) ;
#3326 = DIRECTION ( 'NONE',  ( -0.000000000000000000, 1.000000000000000000, -0.000000000000000000 ) ) ;
#3327 = ADVANCED_FACE ( 'NONE', ( #529 ), #544, .T. ) ;
#3328 = DIRECTION ( 'NONE',  ( 0.000000000000000000, 0.000000000000000000, -1.000000000000000000 ) ) ;
#3329 = PLANE ( 'NONE',  #1485 ) ;
#3330 = CARTESIAN_POINT ( 'NONE',  ( 1.750000000000000666, 0.4799999999999999822, 0.000000000000000000 ) ) ;
#3331 = EDGE_LOOP ( 'NONE', ( #1692, #3142, #2455, #634 ) ) ;
#3332 = ORIENTED_EDGE ( 'NONE', *, *, #3632, .F. ) ;
#3333 = DIRECTION ( 'NONE',  ( 6.424901762877064481E-16, 0.000000000000000000, -1.000000000000000000 ) ) ;
#3334 = VERTEX_POINT ( 'NONE', #1098 ) ;
#3335 = EDGE_LOOP ( 'NONE', ( #3780, #432, #1776, #603 ) ) ;
#3336 = CARTESIAN_POINT ( 'NONE',  ( 1.749999999999999334, -1.720465053408525957, 2.774999999999999911 ) ) ;
#3337 = EDGE_CURVE ( 'NONE', #926, #1665, #3370, .T. ) ;
#3338 = PRESENTATION_STYLE_ASSIGNMENT (( #3383 ) ) ;
#3339 = FACE_OUTER_BOUND ( 'NONE', #2078, .T. ) ;
#3340 = DIRECTION ( 'NONE',  ( 4.003208021484938785E-17, -0.000000000000000000, 1.000000000000000000 ) ) ;
#3341 = LINE ( 'NONE', #3037, #1148 ) ;
#3342 = ORIENTED_EDGE ( 'NONE', *, *, #2572, .T. ) ;
#3343 = CARTESIAN_POINT ( 'NONE',  ( 1.749999999999999334, 0.9599999999999999645, 3.000000000000000000 ) ) ;
#3344 = LINE ( 'NONE', #958, #632 ) ;
#3345 = ORIENTED_EDGE ( 'NONE', *, *, #2244, .T. ) ;
#3346 = SURFACE_SIDE_STYLE ('',( #1101 ) ) ;
#3347 = ORIENTED_EDGE ( 'NONE', *, *, #3382, .F. ) ;
#3348 = ADVANCED_FACE ( 'NONE', ( #3372 ), #3986, .F. ) ;
#3349 = CARTESIAN_POINT ( 'NONE',  ( -1.060000000000000275, 1.179999999999999938, -2.509999999999999787 ) ) ;
#3350 = VERTEX_POINT ( 'NONE', #1408 ) ;
#3351 = FACE_OUTER_BOUND ( 'NONE', #3331, .T. ) ;
#3352 = APPLICATION_PROTOCOL_DEFINITION ( 'draft international standard', 'automotive_design', 1998, #1955 ) ;
#3353 = ORIENTED_EDGE ( 'NONE', *, *, #657, .F. ) ;
#3354 = VECTOR ( 'NONE', #2627, 1000.000000000000000 ) ;
#3355 = VECTOR ( 'NONE', #2352, 1000.000000000000000 ) ;
#3356 = ORIENTED_EDGE ( 'NONE', *, *, #1375, .F. ) ;
#3357 = ORIENTED_EDGE ( 'NONE', *, *, #2209, .F. ) ;
#3358 = VECTOR ( 'NONE', #2579, 1000.000000000000000 ) ;
#3359 = VECTOR ( 'NONE', #755, 1000.000000000000000 ) ;
#3360 = DIRECTION ( 'NONE',  ( 0.000000000000000000, -1.000000000000000000, 0.000000000000000000 ) ) ;
#3361 = DIRECTION ( 'NONE',  ( -0.000000000000000000, -0.000000000000000000, -1.000000000000000000 ) ) ;
#3362 = AXIS2_PLACEMENT_3D ( 'NONE', #2291, #684, #3563 ) ;
#3363 = LINE ( 'NONE', #1784, #3167 ) ;
#3364 = FACE_OUTER_BOUND ( 'NONE', #1404, .T. ) ;
#3365 = EDGE_CURVE ( 'NONE', #297, #276, #512, .T. ) ;
#3366 = ORIENTED_EDGE ( 'NONE', *, *, #1886, .T. ) ;
#3367 = AXIS2_PLACEMENT_3D ( 'NONE', #1209, #2493, #2119 ) ;
#3368 = VECTOR ( 'NONE', #3729, 1000.000000000000000 ) ;
#3369 = DIRECTION ( 'NONE',  ( 0.000000000000000000, 0.000000000000000000, 1.000000000000000000 ) ) ;
#3370 = CIRCLE ( 'NONE', #1557, 0.1166666666666659607 ) ;
#3371 = CARTESIAN_POINT ( 'NONE',  ( -1.575000000000000400, 7.668771135231173375, -2.708333333333333037 ) ) ;
#3372 = FACE_OUTER_BOUND ( 'NONE', #2960, .T. ) ;
#3373 = VECTOR ( 'NONE', #2118, 1000.000000000000000 ) ;
#3374 = EDGE_CURVE ( 'NONE', #2800, #3709, #2442, .T. ) ;
#3375 = CARTESIAN_POINT ( 'NONE',  ( 1.750000000000000666, 0.9599999999999999645, 3.000000000000000000 ) ) ;
#3376 = CARTESIAN_POINT ( 'NONE',  ( -0.7500000000000001110, 0.4799999999999999267, -1.600000000000000089 ) ) ;
#3377 = ORIENTED_EDGE ( 'NONE', *, *, #3306, .F. ) ;
#3378 = FACE_OUTER_BOUND ( 'NONE', #913, .T. ) ;
#3379 = VERTEX_POINT ( 'NONE', #232 ) ;
#3380 = EDGE_LOOP ( 'NONE', ( #2463, #173, #867, #307 ) ) ;
#3381 = ORIENTED_EDGE ( 'NONE', *, *, #1233, .F. ) ;
#3382 = EDGE_CURVE ( 'NONE', #387, #596, #1503, .T. ) ;
#3383 = SURFACE_STYLE_USAGE ( .BOTH. , #2106 ) ;
#3384 = LINE ( 'NONE', #523, #495 ) ;
#3385 = EDGE_CURVE ( 'NONE', #881, #3130, #3175, .T. ) ;
#3386 = CARTESIAN_POINT ( 'NONE',  ( -0.7500000000000011102, -0.000000000000000000, -4.646580739223597897E-16 ) ) ;
#3387 = ORIENTED_EDGE ( 'NONE', *, *, #3052, .T. ) ;
#3388 = ORIENTED_EDGE ( 'NONE', *, *, #3398, .F. ) ;
#3389 = CARTESIAN_POINT ( 'NONE',  ( -1.749999999999999334, -1.720465053408525957, 3.000000000000000000 ) ) ;
#3390 = CARTESIAN_POINT ( 'NONE',  ( -0.7500000000000000000, 0.000000000000000000, -1.850000000000000977 ) ) ;
#3391 = EDGE_CURVE ( 'NONE', #141, #1372, #1073, .T. ) ;
#3392 = DIRECTION ( 'NONE',  ( -1.000000000000000000, 0.000000000000000000, 0.000000000000000000 ) ) ;
#3393 = DIRECTION ( 'NONE',  ( 1.000000000000000000, -0.000000000000000000, -0.000000000000000000 ) ) ;
#3394 = DIRECTION ( 'NONE',  ( 1.000000000000000000, 0.000000000000000000, 4.565061778886335030E-16 ) ) ;
#3395 = CYLINDRICAL_SURFACE ( 'NONE', #23, 0.2249999999999999500 ) ;
#3396 = EDGE_LOOP ( 'NONE', ( #109, #3366, #1384, #2558 ) ) ;
#3397 = DIRECTION ( 'NONE',  ( 0.000000000000000000, -1.000000000000000000, 0.000000000000000000 ) ) ;
#3398 = EDGE_CURVE ( 'NONE', #3079, #1370, #3344, .T. ) ;
#3399 = LINE ( 'NONE', #1486, #2165 ) ;
#3400 = CARTESIAN_POINT ( 'NONE',  ( -1.458333333333332815, 1.079999999999999849, 2.824999999999999734 ) ) ;
#3401 = ORIENTED_EDGE ( 'NONE', *, *, #2055, .F. ) ;
#3402 = VERTEX_POINT ( 'NONE', #1582 ) ;
#3403 = ORIENTED_EDGE ( 'NONE', *, *, #2940, .T. ) ;
#3404 = ORIENTED_EDGE ( 'NONE', *, *, #3820, .F. ) ;
#3405 = CARTESIAN_POINT ( 'NONE',  ( 1.458333333333334147, 1.084999999999882059, -2.824999999999999734 ) ) ;
#3406 = DIRECTION ( 'NONE',  ( 7.542275982507851033E-15, -0.000000000000000000, 1.000000000000000000 ) ) ;
#3407 = CARTESIAN_POINT ( 'NONE',  ( 1.700000000000000844, -1.720465053408525957, -2.780625890315197246 ) ) ;
#3408 = ORIENTED_EDGE ( 'NONE', *, *, #172, .F. ) ;
#3409 = ORIENTED_EDGE ( 'NONE', *, *, #3921, .T. ) ;
#3410 = EDGE_CURVE ( 'NONE', #804, #2800, #1151, .T. ) ;
#3411 = LINE ( 'NONE', #858, #2886 ) ;
#3412 = DIRECTION ( 'NONE',  ( 0.000000000000000000, 0.000000000000000000, 1.000000000000000000 ) ) ;
#3413 = DIRECTION ( 'NONE',  ( 0.000000000000000000, 1.000000000000000000, 0.000000000000000000 ) ) ;
#3414 = SURFACE_SIDE_STYLE ('',( #864 ) ) ;
#3415 = CARTESIAN_POINT ( 'NONE',  ( 1.699999999999999956, 0.4799999999999999267, 2.780625890315197246 ) ) ;
#3416 = EDGE_LOOP ( 'NONE', ( #1637, #1004, #1990, #784 ) ) ;
#3417 = CYLINDRICAL_SURFACE ( 'NONE', #3878, 0.1150000000000000883 ) ;
#3418 = EDGE_CURVE ( 'NONE', #1313, #3215, #1239, .T. ) ;
#3419 = ORIENTED_EDGE ( 'NONE', *, *, #3188, .T. ) ;
#3420 = EDGE_LOOP ( 'NONE', ( #891, #1504, #2978, #1906 ) ) ;
#3421 = VERTEX_POINT ( 'NONE', #933 ) ;
#3422 = DIRECTION ( 'NONE',  ( 1.734723475976802677E-14, 0.000000000000000000, 1.000000000000000000 ) ) ;
#3423 = SURFACE_SIDE_STYLE ('',( #181 ) ) ;
#3424 = DIRECTION ( 'NONE',  ( -1.000000000000000000, 0.000000000000000000, -3.673313219299469761E-16 ) ) ;
#3425 = AXIS2_PLACEMENT_3D ( 'NONE', #3322, #3629, #2294 ) ;
#3426 = CARTESIAN_POINT ( 'NONE',  ( 1.574999999999999512, 0.4799999999999999267, 3.000000000000000000 ) ) ;
#3427 = CIRCLE ( 'NONE', #1891, 0.1749999999999993783 ) ;
#3428 = TOROIDAL_SURFACE ( 'NONE', #1410, 0.1149999999999994915, 0.05999999999999999778 ) ;
#3429 = AXIS2_PLACEMENT_3D ( 'NONE', #1704, #3599, #383 ) ;
#3430 = EDGE_CURVE ( 'NONE', #2315, #1467, #2793, .T. ) ;
#3431 = CARTESIAN_POINT ( 'NONE',  ( -1.699999999999999289, 2.200465053408525939, -2.780625890315197246 ) ) ;
#3432 = VECTOR ( 'NONE', #254, 1000.000000000000000 ) ;
#3433 = AXIS2_PLACEMENT_3D ( 'NONE', #4031, #317, #1555 ) ;
#3434 = VERTEX_POINT ( 'NONE', #7 ) ;
#3435 = VECTOR ( 'NONE', #4096, 1000.000000000000000 ) ;
#3436 = VECTOR ( 'NONE', #1988, 1000.000000000000000 ) ;
#3437 = EDGE_CURVE ( 'NONE', #1045, #650, #3736, .T. ) ;
#3438 = PRESENTATION_STYLE_ASSIGNMENT (( #550 ) ) ;
#3439 = VECTOR ( 'NONE', #2838, 1000.000000000000000 ) ;
#3440 = ORIENTED_EDGE ( 'NONE', *, *, #1847, .T. ) ;
#3441 = FACE_OUTER_BOUND ( 'NONE', #3287, .T. ) ;
#3442 = CARTESIAN_POINT ( 'NONE',  ( -1.700000000000001288, -0.000000000000000000, -1.248926494561820705E-15 ) ) ;
#3443 = EDGE_CURVE ( 'NONE', #2871, #3434, #3300, .T. ) ;
#3444 = ORIENTED_EDGE ( 'NONE', *, *, #1866, .F. ) ;
#3445 = ORIENTED_EDGE ( 'NONE', *, *, #3919, .T. ) ;
#3446 = ORIENTED_EDGE ( 'NONE', *, *, #3063, .F. ) ;
#3447 = DIRECTION ( 'NONE',  ( 0.000000000000000000, 0.000000000000000000, -1.000000000000000000 ) ) ;
#3448 = PLANE ( 'NONE',  #1672 ) ;
#3449 = EDGE_CURVE ( 'NONE', #2844, #95, #3800, .T. ) ;
#3450 = CARTESIAN_POINT ( 'NONE',  ( 1.750000000000000666, 0.000000000000000000, 3.000000000000000000 ) ) ;
#3451 = VERTEX_POINT ( 'NONE', #1857 ) ;
#3452 = CARTESIAN_POINT ( 'NONE',  ( 1.749999999999999334, 0.000000000000000000, -3.000000000000000000 ) ) ;
#3453 = PLANE ( 'NONE',  #3031 ) ;
#3454 = CARTESIAN_POINT ( 'NONE',  ( -1.699999999999999289, 0.000000000000000000, 2.780625890315197246 ) ) ;
#3455 = EDGE_CURVE ( 'NONE', #3742, #56, #1908, .T. ) ;
#3456 = DIRECTION ( 'NONE',  ( -1.000000000000000000, 0.000000000000000000, 1.734723475976802677E-14 ) ) ;
#3457 = DIRECTION ( 'NONE',  ( 0.000000000000000000, 0.000000000000000000, 1.000000000000000000 ) ) ;
#3458 = CARTESIAN_POINT ( 'NONE',  ( -1.574999999999999512, 0.000000000000000000, -3.000000000000000000 ) ) ;
#3459 = ORIENTED_EDGE ( 'NONE', *, *, #38, .T. ) ;
#3460 = DIRECTION ( 'NONE',  ( 0.000000000000000000, -1.000000000000000000, 0.000000000000000000 ) ) ;
#3461 = VERTEX_POINT ( 'NONE', #114 ) ;
#3462 = CARTESIAN_POINT ( 'NONE',  ( -0.7499999999999992228, -1.720465053408525957, -2.949999999999999734 ) ) ;
#3463 = ORIENTED_EDGE ( 'NONE', *, *, #2910, .T. ) ;
#3464 = CARTESIAN_POINT ( 'NONE',  ( 0.000000000000000000, 0.4799999999999999822, 3.000000000000000000 ) ) ;
#3465 = DIRECTION ( 'NONE',  ( 1.486905836551548832E-16, 0.000000000000000000, -1.000000000000000000 ) ) ;
#3466 = VERTEX_POINT ( 'NONE', #2593 ) ;
#3467 = FACE_OUTER_BOUND ( 'NONE', #1846, .T. ) ;
#3468 = CARTESIAN_POINT ( 'NONE',  ( -1.524999999999999911, -1.720465053408525957, 3.000000000000000000 ) ) ;
#3469 = CARTESIAN_POINT ( 'NONE',  ( -1.700000000000001288, 2.200465053408525939, 1.248926494561820705E-15 ) ) ;
#3470 = DIRECTION ( 'NONE',  ( 0.000000000000000000, 1.000000000000000000, 0.000000000000000000 ) ) ;
#3471 = CARTESIAN_POINT ( 'NONE',  ( -0.7499999999999992228, 0.4799999999999999267, 2.949999999999999734 ) ) ;
#3472 = EDGE_CURVE ( 'NONE', #1852, #1509, #977, .T. ) ;
#3473 = PLANE ( 'NONE',  #1549 ) ;
#3474 = VERTEX_POINT ( 'NONE', #3890 ) ;
#3475 = SURFACE_SIDE_STYLE ('',( #2204 ) ) ;
#3476 = CARTESIAN_POINT ( 'NONE',  ( -1.574999999999999512, 0.000000000000000000, 3.000000000000000000 ) ) ;
#3477 = CARTESIAN_POINT ( 'NONE',  ( -1.699999999999999289, -1.720465053408525957, -2.780625890315197246 ) ) ;
#3478 = ORIENTED_EDGE ( 'NONE', *, *, #1790, .T. ) ;
#3479 = ORIENTED_EDGE ( 'NONE', *, *, #1656, .F. ) ;
#3480 = DIRECTION ( 'NONE',  ( -0.000000000000000000, -1.000000000000000000, -0.000000000000000000 ) ) ;
#3481 = ORIENTED_EDGE ( 'NONE', *, *, #2387, .T. ) ;
#3482 = VECTOR ( 'NONE', #1613, 1000.000000000000000 ) ;
#3483 = DIRECTION ( 'NONE',  ( 0.000000000000000000, 0.000000000000000000, -1.000000000000000000 ) ) ;
#3484 = AXIS2_PLACEMENT_3D ( 'NONE', #165, #1432, #3751 ) ;
#3485 = VECTOR ( 'NONE', #21, 999.9999999999998863 ) ;
#3486 = CIRCLE ( 'NONE', #1336, 0.05999999999999994227 ) ;
#3487 = AXIS2_PLACEMENT_3D ( 'NONE', #3203, #668, #2575 ) ;
#3488 = AXIS2_PLACEMENT_3D ( 'NONE', #368, #2919, #62 ) ;
#3489 = MECHANICAL_DESIGN_GEOMETRIC_PRESENTATION_REPRESENTATION (  '', ( #1415 ), #1623 ) ;
#3490 = ORIENTED_EDGE ( 'NONE', *, *, #2209, .T. ) ;
#3491 = DIRECTION ( 'NONE',  ( 0.000000000000000000, 0.000000000000000000, 1.000000000000000000 ) ) ;
#3492 = LINE ( 'NONE', #638, #3232 ) ;
#3493 = CIRCLE ( 'NONE', #1553, 0.2000000000000000944 ) ;
#3494 = DIRECTION ( 'NONE',  ( 0.000000000000000000, 0.000000000000000000, 1.000000000000000000 ) ) ;
#3495 = AXIS2_PLACEMENT_3D ( 'NONE', #1619, #2834, #3214 ) ;
#3496 = CIRCLE ( 'NONE', #3558, 0.2000000000000000944 ) ;
#3497 = DIRECTION ( 'NONE',  ( -0.000000000000000000, -1.000000000000000000, -0.000000000000000000 ) ) ;
#3498 = CARTESIAN_POINT ( 'NONE',  ( -1.530625890315196580, 0.000000000000000000, 2.949999999999999734 ) ) ;
#3499 = VECTOR ( 'NONE', #2717, 1000.000000000000000 ) ;
#3500 = VERTEX_POINT ( 'NONE', #3304 ) ;
#3501 = CARTESIAN_POINT ( 'NONE',  ( 1.750000000000000666, 0.4799999999999999822, -2.774999999999999911 ) ) ;
#3502 = DIRECTION ( 'NONE',  ( 0.000000000000000000, 0.000000000000000000, 1.000000000000000000 ) ) ;
#3503 = EDGE_LOOP ( 'NONE', ( #3783, #70, #90, #2439 ) ) ;
#3504 = CARTESIAN_POINT ( 'NONE',  ( 1.458333333333334147, 1.020000000000000018, -2.883333333333332860 ) ) ;
#3505 =( NAMED_UNIT ( * ) SI_UNIT ( $, .STERADIAN. ) SOLID_ANGLE_UNIT ( ) );
#3506 = DIRECTION ( 'NONE',  ( 0.000000000000000000, -1.000000000000000000, 0.000000000000000000 ) ) ;
#3507 = CARTESIAN_POINT ( 'NONE',  ( 1.574999999999999512, 0.9599999999999998535, -3.000000000000000000 ) ) ;
#3508 = ORIENTED_EDGE ( 'NONE', *, *, #3945, .F. ) ;
#3509 = DIRECTION ( 'NONE',  ( -0.000000000000000000, 1.000000000000000000, -0.000000000000000000 ) ) ;
#3510 = DIRECTION ( 'NONE',  ( -1.000000000000000000, 0.000000000000000000, 1.486905836551548586E-16 ) ) ;
#3511 = FACE_OUTER_BOUND ( 'NONE', #467, .T. ) ;
#3512 = VERTEX_POINT ( 'NONE', #2873 ) ;
#3513 = PLANE ( 'NONE',  #163 ) ;
#3514 = VERTEX_POINT ( 'NONE', #2847 ) ;
#3515 = FACE_OUTER_BOUND ( 'NONE', #2189, .T. ) ;
#3516 = FACE_OUTER_BOUND ( 'NONE', #1920, .T. ) ;
#3517 = ORIENTED_EDGE ( 'NONE', *, *, #3820, .T. ) ;
#3518 = DIRECTION ( 'NONE',  ( 6.195440985631456303E-16, -0.000000000000000000, 1.000000000000000000 ) ) ;
#3519 = ORIENTED_EDGE ( 'NONE', *, *, #1423, .F. ) ;
#3520 = DIRECTION ( 'NONE',  ( -0.000000000000000000, -1.000000000000000000, -0.000000000000000000 ) ) ;
#3521 = EDGE_CURVE ( 'NONE', #1258, #2195, #3126, .T. ) ;
#3522 = CARTESIAN_POINT ( 'NONE',  ( 1.749999999999999334, 0.9599999999999999645, 3.000000000000000000 ) ) ;
#3523 = EDGE_CURVE ( 'NONE', #474, #2315, #2217, .T. ) ;
#3524 = ADVANCED_FACE ( 'NONE', ( #1544 ), #2860, .F. ) ;
#3525 = ORIENTED_EDGE ( 'NONE', *, *, #2450, .F. ) ;
#3526 = LINE ( 'NONE', #2272, #2882 ) ;
#3527 = LINE ( 'NONE', #3207, #2614 ) ;
#3528 = LINE ( 'NONE', #1973, #285 ) ;
#3529 = ORIENTED_EDGE ( 'NONE', *, *, #3913, .F. ) ;
#3530 = CYLINDRICAL_SURFACE ( 'NONE', #1563, 0.1749999999999993783 ) ;
#3531 = ORIENTED_EDGE ( 'NONE', *, *, #1644, .F. ) ;
#3532 = CYLINDRICAL_SURFACE ( 'NONE', #1489, 0.1749999999999998224 ) ;
#3533 = DIRECTION ( 'NONE',  ( -1.000000000000000000, 0.000000000000000000, 0.000000000000000000 ) ) ;
#3534 = ADVANCED_FACE ( 'NONE', ( #3441 ), #581, .F. ) ;
#3535 = VERTEX_POINT ( 'NONE', #923 ) ;
#3536 = EDGE_LOOP ( 'NONE', ( #1401, #723, #2306, #1699 ) ) ;
#3537 = DIRECTION ( 'NONE',  ( 0.000000000000000000, 0.000000000000000000, -1.000000000000000000 ) ) ;
#3538 = DIRECTION ( 'NONE',  ( -0.000000000000000000, 1.000000000000000000, -0.000000000000000000 ) ) ;
#3539 = DIRECTION ( 'NONE',  ( 1.000000000000000000, 0.000000000000000000, -0.000000000000000000 ) ) ;
#3540 = AXIS2_PLACEMENT_3D ( 'NONE', #1054, #1019, #2577 ) ;
#3541 = VERTEX_POINT ( 'NONE', #1227 ) ;
#3542 = DIRECTION ( 'NONE',  ( -1.000000000000000000, -0.000000000000000000, -0.000000000000000000 ) ) ;
#3543 = AXIS2_PLACEMENT_3D ( 'NONE', #2370, #1734, #791 ) ;
#3544 = FACE_OUTER_BOUND ( 'NONE', #792, .T. ) ;
#3545 = AXIS2_PLACEMENT_3D ( 'NONE', #3219, #290, #2235 ) ;
#3546 = VECTOR ( 'NONE', #879, 1000.000000000000000 ) ;
#3547 = AXIS2_PLACEMENT_3D ( 'NONE', #2734, #3987, #204 ) ;
#3548 = EDGE_CURVE ( 'NONE', #417, #3474, #2200, .T. ) ;
#3549 = AXIS2_PLACEMENT_3D ( 'NONE', #289, #1537, #666 ) ;
#3550 = EDGE_CURVE ( 'NONE', #1357, #3215, #4055, .T. ) ;
#3551 = VECTOR ( 'NONE', #1034, 1000.000000000000000 ) ;
#3552 = DIRECTION ( 'NONE',  ( 1.200962406445481759E-16, 0.000000000000000000, 1.000000000000000000 ) ) ;
#3553 = PRESENTATION_LAYER_ASSIGNMENT (  '', '', ( #1415 ) ) ;
#3554 = VERTEX_POINT ( 'NONE', #3263 ) ;
#3555 = EDGE_CURVE ( 'NONE', #2223, #43, #96, .T. ) ;
#3556 = FACE_OUTER_BOUND ( 'NONE', #4013, .T. ) ;
#3557 = LINE ( 'NONE', #103, #3110 ) ;
#3558 = AXIS2_PLACEMENT_3D ( 'NONE', #859, #1809, #1501 ) ;
#3559 = ORIENTED_EDGE ( 'NONE', *, *, #2250, .F. ) ;
#3560 = DIRECTION ( 'NONE',  ( -0.000000000000000000, -1.000000000000000000, -0.000000000000000000 ) ) ;
#3561 = ORIENTED_EDGE ( 'NONE', *, *, #166, .T. ) ;
#3562 = ADVANCED_FACE ( 'NONE', ( #3897 ), #1932, .F. ) ;
#3563 = DIRECTION ( 'NONE',  ( 0.000000000000000000, -0.000000000000000000, -1.000000000000000000 ) ) ;
#3564 = DIRECTION ( 'NONE',  ( -0.000000000000000000, -1.000000000000000000, -0.000000000000000000 ) ) ;
#3565 = DIRECTION ( 'NONE',  ( 0.000000000000000000, 0.000000000000000000, -1.000000000000000000 ) ) ;
#3566 = ADVANCED_FACE ( 'NONE', ( #4070 ), #3605, .F. ) ;
#3567 = DIRECTION ( 'NONE',  ( -0.000000000000000000, -0.000000000000000000, -1.000000000000000000 ) ) ;
#3568 = CARTESIAN_POINT ( 'NONE',  ( 1.458333333333334147, 7.707635744030864267, 2.883333333333332860 ) ) ;
#3569 = ORIENTED_EDGE ( 'NONE', *, *, #2732, .F. ) ;
#3570 = ORIENTED_EDGE ( 'NONE', *, *, #2954, .T. ) ;
#3571 = EDGE_CURVE ( 'NONE', #208, #3983, #1395, .T. ) ;
#3572 = ORIENTED_EDGE ( 'NONE', *, *, #2723, .T. ) ;
#3573 = FACE_OUTER_BOUND ( 'NONE', #2647, .T. ) ;
#3574 = DIRECTION ( 'NONE',  ( 1.000000000000000000, 0.000000000000000000, -4.565061778886335030E-16 ) ) ;
#3575 = ORIENTED_EDGE ( 'NONE', *, *, #1056, .T. ) ;
#3576 = ORIENTED_EDGE ( 'NONE', *, *, #1319, .T. ) ;
#3577 = DIRECTION ( 'NONE',  ( -0.000000000000000000, -1.000000000000000000, -0.000000000000000000 ) ) ;
#3578 = ORIENTED_EDGE ( 'NONE', *, *, #1571, .F. ) ;
#3579 = PLANE ( 'NONE',  #3362 ) ;
#3580 = CARTESIAN_POINT ( 'NONE',  ( -1.700000000000000178, -1.720465053408525957, 1.600000000000000533 ) ) ;
#3581 = PLANE ( 'NONE',  #4073 ) ;
#3582 = PLANE ( 'NONE',  #2089 ) ;
#3583 = CYLINDRICAL_SURFACE ( 'NONE', #93, 0.1166666666666659607 ) ;
#3584 = LINE ( 'NONE', #979, #349 ) ;
#3585 = EDGE_LOOP ( 'NONE', ( #1246, #2748, #3598, #1512 ) ) ;
#3586 = EDGE_CURVE ( 'NONE', #3130, #790, #505, .T. ) ;
#3587 = EDGE_LOOP ( 'NONE', ( #1961, #3785, #702, #3863 ) ) ;
#3588 = CARTESIAN_POINT ( 'NONE',  ( 0.000000000000000000, 0.4799999999999999822, -2.949999999999999734 ) ) ;
#3589 = ORIENTED_EDGE ( 'NONE', *, *, #2190, .F. ) ;
#3590 = ORIENTED_EDGE ( 'NONE', *, *, #3374, .F. ) ;
#3591 = PLANE ( 'NONE',  #1685 ) ;
#3592 = EDGE_CURVE ( 'NONE', #242, #1618, #1414, .T. ) ;
#3593 = DIRECTION ( 'NONE',  ( 0.000000000000000000, 0.000000000000000000, 1.000000000000000000 ) ) ;
#3594 = ORIENTED_EDGE ( 'NONE', *, *, #1314, .F. ) ;
#3595 = DIRECTION ( 'NONE',  ( -0.000000000000000000, -1.000000000000000000, -0.000000000000000000 ) ) ;
#3596 = ORIENTED_EDGE ( 'NONE', *, *, #1810, .F. ) ;
#3597 = CARTESIAN_POINT ( 'NONE',  ( -1.458333333333332815, 1.084999999999999742, 2.709999999999999964 ) ) ;
#3598 = ORIENTED_EDGE ( 'NONE', *, *, #2055, .T. ) ;
#3599 = DIRECTION ( 'NONE',  ( -0.000000000000000000, 1.000000000000000000, -0.000000000000000000 ) ) ;
#3600 = CARTESIAN_POINT ( 'NONE',  ( -0.7499999999999992228, 2.200465053408525939, -2.949999999999999734 ) ) ;
#3601 = CARTESIAN_POINT ( 'NONE',  ( -1.524999999999999911, 0.000000000000000000, 3.000000000000000000 ) ) ;
#3602 = CARTESIAN_POINT ( 'NONE',  ( -1.458333333333333703, 7.668771135231173375, -2.824999999999999289 ) ) ;
#3603 = CARTESIAN_POINT ( 'NONE',  ( -1.060000000000000275, 1.179999999999999938, -2.509999999999999787 ) ) ;
#3604 = CARTESIAN_POINT ( 'NONE',  ( 1.749999999999999334, 0.4799999999999999822, -3.000000000000000000 ) ) ;
#3605 = PLANE ( 'NONE',  #1691 ) ;
#3606 = AXIS2_PLACEMENT_3D ( 'NONE', #2409, #3686, #2171 ) ;
#3607 = CARTESIAN_POINT ( 'NONE',  ( 0.000000000000000000, 0.4799999999999999822, 2.949999999999999734 ) ) ;
#3608 = AXIS2_PLACEMENT_3D ( 'NONE', #2514, #3782, #929 ) ;
#3609 = AXIS2_PLACEMENT_3D ( 'NONE', #3522, #1943, #2479 ) ;
#3610 = PRESENTATION_LAYER_ASSIGNMENT (  '', '', ( #619 ) ) ;
#3611 = ORIENTED_EDGE ( 'NONE', *, *, #573, .F. ) ;
#3612 = VECTOR ( 'NONE', #310, 1000.000000000000000 ) ;
#3613 = DIRECTION ( 'NONE',  ( 0.000000000000000000, 0.000000000000000000, 1.000000000000000000 ) ) ;
#3614 = AXIS2_PLACEMENT_3D ( 'NONE', #4053, #3671, #1201 ) ;
#3615 = DIRECTION ( 'NONE',  ( 0.000000000000000000, 0.000000000000000000, 1.000000000000000000 ) ) ;
#3616 = AXIS2_PLACEMENT_3D ( 'NONE', #2921, #709, #1983 ) ;
#3617 = SURFACE_STYLE_USAGE ( .BOTH. , #2337 ) ;
#3618 = ORIENTED_EDGE ( 'NONE', *, *, #1711, .T. ) ;
#3619 = CARTESIAN_POINT ( 'NONE',  ( -0.7499999999999992228, 0.000000000000000000, 2.949999999999999734 ) ) ;
#3620 = ORIENTED_EDGE ( 'NONE', *, *, #639, .T. ) ;
#3621 = DIRECTION ( 'NONE',  ( -1.000000000000000000, 0.000000000000000000, 0.000000000000000000 ) ) ;
#3622 = AXIS2_PLACEMENT_3D ( 'NONE', #2457, #1500, #2394 ) ;
#3623 = VECTOR ( 'NONE', #1308, 1000.000000000000000 ) ;
#3624 = ORIENTED_EDGE ( 'NONE', *, *, #722, .F. ) ;
#3625 = AXIS2_PLACEMENT_3D ( 'NONE', #1437, #1455, #2400 ) ;
#3626 = DIRECTION ( 'NONE',  ( -0.000000000000000000, -1.000000000000000000, -0.000000000000000000 ) ) ;
#3627 = DIRECTION ( 'NONE',  ( 0.000000000000000000, -0.000000000000000000, -1.000000000000000000 ) ) ;
#3628 = CARTESIAN_POINT ( 'NONE',  ( -1.749999999999999334, 7.906221994724901059, 3.000000000000000000 ) ) ;
#3629 = DIRECTION ( 'NONE',  ( -0.000000000000000000, 0.000000000000000000, 1.000000000000000000 ) ) ;
#3630 = CARTESIAN_POINT ( 'NONE',  ( -1.458333333333332815, 1.199999999999999956, 2.709999999999999964 ) ) ;
#3631 = TOROIDAL_SURFACE ( 'NONE', #1694, 0.1149999999999993805, 0.05999999999999999778 ) ;
#3632 = EDGE_CURVE ( 'NONE', #3642, #1578, #2998, .T. ) ;
#3633 = EDGE_CURVE ( 'NONE', #2072, #3461, #3238, .T. ) ;
#3634 = LINE ( 'NONE', #3105, #897 ) ;
#3635 = CARTESIAN_POINT ( 'NONE',  ( -1.749999999999999334, 0.4799999999999999267, -2.825000000000000178 ) ) ;
#3636 = DIRECTION ( 'NONE',  ( 1.000000000000000000, 0.000000000000000000, -1.486905836551548586E-16 ) ) ;
#3637 = FILL_AREA_STYLE_COLOUR ( '', #39 ) ;
#3638 = PLANE ( 'NONE',  #3869 ) ;
#3639 = ORIENTED_EDGE ( 'NONE', *, *, #776, .F. ) ;
#3640 = DIRECTION ( 'NONE',  ( 1.000000000000000000, 0.000000000000000000, 0.000000000000000000 ) ) ;
#3641 = ORIENTED_EDGE ( 'NONE', *, *, #2786, .F. ) ;
#3642 = VERTEX_POINT ( 'NONE', #3017 ) ;
#3643 = DIRECTION ( 'NONE',  ( -0.000000000000000000, 1.000000000000000000, -0.000000000000000000 ) ) ;
#3644 = SURFACE_STYLE_FILL_AREA ( #1093 ) ;
#3645 = CARTESIAN_POINT ( 'NONE',  ( -1.458333333333333703, 1.020023152615177509, -2.883333333333333304 ) ) ;
#3646 = FACE_OUTER_BOUND ( 'NONE', #3153, .T. ) ;
#3647 = ADVANCED_FACE ( 'NONE', ( #2127 ), #2441, .F. ) ;
#3648 = EDGE_CURVE ( 'NONE', #3900, #2393, #3496, .T. ) ;
#3649 = DIRECTION ( 'NONE',  ( 0.000000000000000000, 0.000000000000000000, -1.000000000000000000 ) ) ;
#3650 = EDGE_LOOP ( 'NONE', ( #1334, #946, #2341, #3964 ) ) ;
#3651 = DIRECTION ( 'NONE',  ( -0.000000000000000000, -1.000000000000000000, -0.000000000000000000 ) ) ;
#3652 = CARTESIAN_POINT ( 'NONE',  ( 1.749999999999999334, 0.4799999999999999267, 3.000000000000000000 ) ) ;
#3653 = ORIENTED_EDGE ( 'NONE', *, *, #3555, .T. ) ;
#3654 = EDGE_LOOP ( 'NONE', ( #1286, #1307, #3905, #3923, #1594, #2133, #4028, #2460, #3708 ) ) ;
#3655 = ORIENTED_EDGE ( 'NONE', *, *, #862, .F. ) ;
#3656 = CARTESIAN_POINT ( 'NONE',  ( -1.749999999999999334, 0.000000000000000000, 2.825000000000000178 ) ) ;
#3657 = PLANE ( 'NONE',  #3761 ) ;
#3658 = ORIENTED_EDGE ( 'NONE', *, *, #3662, .F. ) ;
#3659 = ORIENTED_EDGE ( 'NONE', *, *, #2607, .F. ) ;
#3660 = DIRECTION ( 'NONE',  ( 1.000000000000000000, 0.000000000000000000, 0.000000000000000000 ) ) ;
#3661 = DIRECTION ( 'NONE',  ( -0.000000000000000000, 1.000000000000000000, -0.000000000000000000 ) ) ;
#3662 = EDGE_CURVE ( 'NONE', #2183, #4029, #229, .T. ) ;
#3663 = DIRECTION ( 'NONE',  ( -6.195440985631456303E-16, 0.000000000000000000, 1.000000000000000000 ) ) ;
#3664 = CARTESIAN_POINT ( 'NONE',  ( -1.459999999999999742, 1.199999999999999956, 2.708333333333333481 ) ) ;
#3665 = CARTESIAN_POINT ( 'NONE',  ( -1.458333333333332815, 1.079999999999999849, 2.708333333333333481 ) ) ;
#3666 = CARTESIAN_POINT ( 'NONE',  ( 1.458333333333334147, 1.079999999999999849, -2.708333333333333925 ) ) ;
#3667 = DIRECTION ( 'NONE',  ( 0.000000000000000000, 0.000000000000000000, 1.000000000000000000 ) ) ;
#3668 = CARTESIAN_POINT ( 'NONE',  ( 1.574999999999999956, 1.079999999999999849, 2.708333333333333481 ) ) ;
#3669 = CARTESIAN_POINT ( 'NONE',  ( -0.7500000000000001110, 0.000000000000000000, 1.600000000000000089 ) ) ;
#3670 = ADVANCED_FACE ( 'NONE', ( #2791 ), #1195, .T. ) ;
#3671 = DIRECTION ( 'NONE',  ( -4.003208021484938785E-17, 0.000000000000000000, -1.000000000000000000 ) ) ;
#3672 = FACE_OUTER_BOUND ( 'NONE', #3416, .T. ) ;
#3673 = EDGE_LOOP ( 'NONE', ( #1426, #3209, #714, #4082 ) ) ;
#3674 = EDGE_CURVE ( 'NONE', #1854, #1467, #3160, .T. ) ;
#3675 = EDGE_CURVE ( 'NONE', #2120, #3334, #1458, .T. ) ;
#3676 = VECTOR ( 'NONE', #3830, 1000.000000000000000 ) ;
#3677 = CARTESIAN_POINT ( 'NONE',  ( 1.749999999999999778, -1.720465053408525957, 2.774999999999999911 ) ) ;
#3678 = CARTESIAN_POINT ( 'NONE',  ( 1.574999999999999512, 0.4799999999999999267, -3.000000000000000000 ) ) ;
#3679 = AXIS2_PLACEMENT_3D ( 'NONE', #2019, #3297, #682 ) ;
#3680 = VECTOR ( 'NONE', #390, 1000.000000000000000 ) ;
#3681 = AXIS2_PLACEMENT_3D ( 'NONE', #2903, #3850, #2920 ) ;
#3682 = ORIENTED_EDGE ( 'NONE', *, *, #1356, .T. ) ;
#3683 = ORIENTED_EDGE ( 'NONE', *, *, #439, .F. ) ;
#3684 = AXIS2_PLACEMENT_3D ( 'NONE', #3229, #674, #1303 ) ;
#3685 = LINE ( 'NONE', #2775, #2097 ) ;
#3686 = DIRECTION ( 'NONE',  ( -1.000000000000000000, 0.000000000000000000, -6.424901762877064481E-16 ) ) ;
#3687 = VECTOR ( 'NONE', #3714, 1000.000000000000000 ) ;
#3688 = LINE ( 'NONE', #2124, #86 ) ;
#3689 = DIRECTION ( 'NONE',  ( -1.000000000000000000, 0.000000000000000000, 4.336808689942018229E-16 ) ) ;
#3690 = AXIS2_PLACEMENT_3D ( 'NONE', #2826, #1187, #1527 ) ;
#3691 = VECTOR ( 'NONE', #3055, 1000.000000000000000 ) ;
#3692 = VERTEX_POINT ( 'NONE', #1441 ) ;
#3693 = PLANE ( 'NONE',  #1684 ) ;
#3694 = DIRECTION ( 'NONE',  ( 0.000000000000000000, 1.000000000000000000, 0.000000000000000000 ) ) ;
#3695 = AXIS2_PLACEMENT_3D ( 'NONE', #3965, #2434, #3124 ) ;
#3696 = LINE ( 'NONE', #2731, #1411 ) ;
#3697 = CARTESIAN_POINT ( 'NONE',  ( -1.574999999999999512, 0.4799999999999999267, -3.000000000000000000 ) ) ;
#3698 = AXIS2_PLACEMENT_3D ( 'NONE', #1142, #150, #821 ) ;
#3699 = EDGE_CURVE ( 'NONE', #2207, #3541, #3399, .T. ) ;
#3700 = DIRECTION ( 'NONE',  ( -1.000000000000000000, 0.000000000000000000, 0.000000000000000000 ) ) ;
#3701 = DIRECTION ( 'NONE',  ( 0.000000000000000000, 1.000000000000000000, 0.000000000000000000 ) ) ;
#3702 = CYLINDRICAL_SURFACE ( 'NONE', #3690, 0.1150000000000000883 ) ;
#3703 = ADVANCED_FACE ( 'NONE', ( #4024 ), #3657, .F. ) ;
#3704 = ORIENTED_EDGE ( 'NONE', *, *, #3712, .F. ) ;
#3705 = LINE ( 'NONE', #1159, #91 ) ;
#3706 = SURFACE_STYLE_USAGE ( .BOTH. , #3423 ) ;
#3707 = CARTESIAN_POINT ( 'NONE',  ( -1.749999999999999556, 0.000000000000000000, -2.774999999999999911 ) ) ;
#3708 = ORIENTED_EDGE ( 'NONE', *, *, #1253, .F. ) ;
#3709 = VERTEX_POINT ( 'NONE', #555 ) ;
#3710 = ORIENTED_EDGE ( 'NONE', *, *, #2347, .F. ) ;
#3711 = CARTESIAN_POINT ( 'NONE',  ( 1.574999999999999512, 0.000000000000000000, -3.000000000000000000 ) ) ;
#3712 = EDGE_CURVE ( 'NONE', #3129, #801, #2227, .T. ) ;
#3713 = DIRECTION ( 'NONE',  ( 0.000000000000000000, 0.000000000000000000, -1.000000000000000000 ) ) ;
#3714 = DIRECTION ( 'NONE',  ( 1.734723475976802677E-14, 0.000000000000000000, 1.000000000000000000 ) ) ;
#3715 = CARTESIAN_POINT ( 'NONE',  ( -1.633333333333332860, 7.707635744030864267, 2.708333333333333481 ) ) ;
#3716 = EDGE_CURVE ( 'NONE', #563, #3642, #1968, .T. ) ;
#3717 = CARTESIAN_POINT ( 'NONE',  ( -1.749999999999999334, 0.4799999999999999822, 3.000000000000000000 ) ) ;
#3718 = EDGE_CURVE ( 'NONE', #2309, #1156, #4043, .T. ) ;
#3719 = CARTESIAN_POINT ( 'NONE',  ( -1.000000000000000000, -1.720465053408525957, -1.600000000000000311 ) ) ;
#3720 = DIRECTION ( 'NONE',  ( 1.000000000000000000, -0.000000000000000000, 6.195440985631456303E-16 ) ) ;
#3721 = EDGE_LOOP ( 'NONE', ( #1912, #3995, #1800, #365 ) ) ;
#3722 = CARTESIAN_POINT ( 'NONE',  ( 6.938893903907226405E-16, 0.4799999999999999822, -1.599999999999999645 ) ) ;
#3723 = CARTESIAN_POINT ( 'NONE',  ( -1.575000000000000400, 1.079999999999999849, -2.708333333333333037 ) ) ;
#3724 = VERTEX_POINT ( 'NONE', #2163 ) ;
#3725 = ORIENTED_EDGE ( 'NONE', *, *, #1992, .F. ) ;
#3726 = EDGE_CURVE ( 'NONE', #650, #1509, #3048, .T. ) ;
#3727 = CARTESIAN_POINT ( 'NONE',  ( 0.7500000000000001110, 0.000000000000000000, -1.600000000000000089 ) ) ;
#3728 = ADVANCED_FACE ( 'NONE', ( #1127 ), #2404, .F. ) ;
#3729 = DIRECTION ( 'NONE',  ( -1.000000000000000000, 0.000000000000000000, 1.486905836551548586E-16 ) ) ;
#3730 = ORIENTED_EDGE ( 'NONE', *, *, #447, .T. ) ;
#3731 = ORIENTED_EDGE ( 'NONE', *, *, #1586, .T. ) ;
#3732 = CARTESIAN_POINT ( 'NONE',  ( -1.458333333333333703, 7.707635744030864267, -2.883333333333333304 ) ) ;
#3733 = EDGE_CURVE ( 'NONE', #2928, #2104, #968, .T. ) ;
#3734 = CARTESIAN_POINT ( 'NONE',  ( 1.458333333333334147, 1.020023152615177731, -2.823333333333332806 ) ) ;
#3735 = ADVANCED_FACE ( 'NONE', ( #2885 ), #3530, .T. ) ;
#3736 = LINE ( 'NONE', #3431, #37 ) ;
#3737 = ADVANCED_FACE ( 'NONE', ( #4056 ), #3513, .F. ) ;
#3738 = ORIENTED_EDGE ( 'NONE', *, *, #3817, .T. ) ;
#3739 = CARTESIAN_POINT ( 'NONE',  ( -1.573333333333333250, 1.020023152615177731, 1.888846984803977301E-16 ) ) ;
#3740 =( NAMED_UNIT ( * ) PLANE_ANGLE_UNIT ( ) SI_UNIT ( $, .RADIAN. ) );
#3741 = DIRECTION ( 'NONE',  ( -1.836656609649734881E-16, -0.000000000000000000, 1.000000000000000000 ) ) ;
#3742 = VERTEX_POINT ( 'NONE', #2510 ) ;
#3743 = DIRECTION ( 'NONE',  ( 0.000000000000000000, -0.000000000000000000, 1.000000000000000000 ) ) ;
#3744 = CYLINDRICAL_SURFACE ( 'NONE', #2164, 0.1166666666666659607 ) ;
#3745 = DIRECTION ( 'NONE',  ( -7.346626438598939522E-16, 0.000000000000000000, -1.000000000000000000 ) ) ;
#3746 = ORIENTED_EDGE ( 'NONE', *, *, #2201, .F. ) ;
#3747 = ORIENTED_EDGE ( 'NONE', *, *, #2625, .F. ) ;
#3748 = VERTEX_POINT ( 'NONE', #1244 ) ;
#3749 = AXIS2_PLACEMENT_3D ( 'NONE', #770, #1064, #1333 ) ;
#3750 = PLANE ( 'NONE',  #2552 ) ;
#3751 = DIRECTION ( 'NONE',  ( 0.000000000000000000, 0.000000000000000000, -1.000000000000000000 ) ) ;
#3752 = CIRCLE ( 'NONE', #883, 0.2349999999999995426 ) ;
#3753 = ORIENTED_EDGE ( 'NONE', *, *, #2256, .F. ) ;
#3754 = CARTESIAN_POINT ( 'NONE',  ( 1.458333333333334147, 1.199999999999999956, 2.708333333333333481 ) ) ;
#3755 = VECTOR ( 'NONE', #437, 1000.000000000000000 ) ;
#3756 = CIRCLE ( 'NONE', #2282, 0.2249999999999999500 ) ;
#3757 = VECTOR ( 'NONE', #2074, 1000.000000000000000 ) ;
#3758 = ADVANCED_FACE ( 'NONE', ( #1208 ), #256, .T. ) ;
#3759 = VECTOR ( 'NONE', #2265, 1000.000000000000000 ) ;
#3760 = ORIENTED_EDGE ( 'NONE', *, *, #360, .T. ) ;
#3761 = AXIS2_PLACEMENT_3D ( 'NONE', #2446, #2135, #3743 ) ;
#3762 = DIRECTION ( 'NONE',  ( -1.000000000000000000, 0.000000000000000000, 1.200962406445481019E-16 ) ) ;
#3763 = CARTESIAN_POINT ( 'NONE',  ( 1.749999999999999334, 0.4799999999999999822, -3.000000000000000000 ) ) ;
#3764 = CARTESIAN_POINT ( 'NONE',  ( 1.633333333333333748, 1.020000000000000018, -2.708333333333334370 ) ) ;
#3765 = CARTESIAN_POINT ( 'NONE',  ( -1.700000000000001288, 2.200465053408525939, -1.248926494561820705E-15 ) ) ;
#3766 = DIRECTION ( 'NONE',  ( -0.000000000000000000, 1.000000000000000000, -0.000000000000000000 ) ) ;
#3767 = DIRECTION ( 'NONE',  ( 1.000000000000000000, 0.000000000000000000, -4.336808689942018229E-16 ) ) ;
#3768 = ORIENTED_EDGE ( 'NONE', *, *, #2687, .F. ) ;
#3769 = ORIENTED_EDGE ( 'NONE', *, *, #2744, .T. ) ;
#3770 = DIRECTION ( 'NONE',  ( -0.000000000000000000, -1.000000000000000000, -0.000000000000000000 ) ) ;
#3771 = ADVANCED_FACE ( 'NONE', ( #1547 ), #2825, .T. ) ;
#3772 = ORIENTED_EDGE ( 'NONE', *, *, #3131, .F. ) ;
#3773 = DIRECTION ( 'NONE',  ( -0.000000000000000000, 1.000000000000000000, -0.000000000000000000 ) ) ;
#3774 = CARTESIAN_POINT ( 'NONE',  ( -1.749999999999999334, 0.4799999999999999267, -3.000000000000000000 ) ) ;
#3775 = EDGE_CURVE ( 'NONE', #1782, #597, #3778, .T. ) ;
#3776 = CARTESIAN_POINT ( 'NONE',  ( -1.699999999999999289, 2.200465053408525939, 2.780625890315197246 ) ) ;
#3777 = DIRECTION ( 'NONE',  ( 6.195440985631456303E-16, 0.000000000000000000, -1.000000000000000000 ) ) ;
#3778 = LINE ( 'NONE', #3471, #2494 ) ;
#3779 = ORIENTED_EDGE ( 'NONE', *, *, #42, .F. ) ;
#3780 = ORIENTED_EDGE ( 'NONE', *, *, #483, .F. ) ;
#3781 = FACE_OUTER_BOUND ( 'NONE', #1179, .T. ) ;
#3782 = DIRECTION ( 'NONE',  ( -0.7071067811865441310, 0.000000000000000000, -0.7071067811865510144 ) ) ;
#3783 = ORIENTED_EDGE ( 'NONE', *, *, #2263, .F. ) ;
#3784 = FACE_OUTER_BOUND ( 'NONE', #1718, .T. ) ;
#3785 = ORIENTED_EDGE ( 'NONE', *, *, #911, .T. ) ;
#3786 = PRESENTATION_STYLE_ASSIGNMENT (( #3161 ) ) ;
#3787 = DIRECTION ( 'NONE',  ( 1.000000000000000000, 0.000000000000000000, 0.000000000000000000 ) ) ;
#3788 = VERTEX_POINT ( 'NONE', #1589 ) ;
#3789 = DIRECTION ( 'NONE',  ( -4.336808689942018229E-16, 0.000000000000000000, 1.000000000000000000 ) ) ;
#3790 = DIRECTION ( 'NONE',  ( -1.000000000000000000, 0.000000000000000000, -1.486905836551548832E-16 ) ) ;
#3791 = ADVANCED_FACE ( 'NONE', ( #2862 ), #3044, .F. ) ;
#3792 = ORIENTED_EDGE ( 'NONE', *, *, #302, .F. ) ;
#3793 = CARTESIAN_POINT ( 'NONE',  ( 1.530625890315196358, 0.4799999999999999267, 2.949999999999999734 ) ) ;
#3794 = AXIS2_PLACEMENT_3D ( 'NONE', #579, #2132, #1794 ) ;
#3795 = VERTEX_POINT ( 'NONE', #2841 ) ;
#3796 = CARTESIAN_POINT ( 'NONE',  ( -1.749999999999999334, 0.4799999999999999822, 2.774999999999999911 ) ) ;
#3797 = VECTOR ( 'NONE', #1236, 1000.000000000000000 ) ;
#3798 = VECTOR ( 'NONE', #3777, 1000.000000000000000 ) ;
#3799 = CIRCLE ( 'NONE', #346, 0.2349999999999995426 ) ;
#3800 = LINE ( 'NONE', #249, #298 ) ;
#3801 = TOROIDAL_SURFACE ( 'NONE', #3933, 0.1149999999999996997, 0.05999999999999999778 ) ;
#3802 = AXIS2_PLACEMENT_3D ( 'NONE', #3010, #2742, #1115 ) ;
#3803 = VECTOR ( 'NONE', #3538, 1000.000000000000000 ) ;
#3804 = VERTEX_POINT ( 'NONE', #3877 ) ;
#3805 = CIRCLE ( 'NONE', #2815, 0.1166666666666668351 ) ;
#3806 = VECTOR ( 'NONE', #79, 1000.000000000000000 ) ;
#3807 = DIRECTION ( 'NONE',  ( 0.000000000000000000, 0.000000000000000000, 1.000000000000000000 ) ) ;
#3808 = CIRCLE ( 'NONE', #2962, 0.2249999999999999500 ) ;
#3809 = CYLINDRICAL_SURFACE ( 'NONE', #33, 0.2000000000000000944 ) ;
#3810 = PLANE ( 'NONE',  #2757 ) ;
#3811 = CIRCLE ( 'NONE', #2492, 0.1749999999999998224 ) ;
#3812 = VECTOR ( 'NONE', #1636, 1000.000000000000000 ) ;
#3813 = ORIENTED_EDGE ( 'NONE', *, *, #1924, .T. ) ;
#3814 = AXIS2_PLACEMENT_3D ( 'NONE', #315, #4080, #1228 ) ;
#3815 = DIRECTION ( 'NONE',  ( -1.000000000000000000, 0.000000000000000000, -4.565061778886335030E-16 ) ) ;
#3816 = AXIS2_PLACEMENT_3D ( 'NONE', #3065, #3700, #845 ) ;
#3817 = EDGE_CURVE ( 'NONE', #1090, #500, #2908, .T. ) ;
#3818 = LINE ( 'NONE', #2553, #2877 ) ;
#3819 = EDGE_CURVE ( 'NONE', #1403, #597, #1306, .T. ) ;
#3820 = EDGE_CURVE ( 'NONE', #3788, #3554, #1041, .T. ) ;
#3821 = ADVANCED_FACE ( 'NONE', ( #421 ), #760, .T. ) ;
#3822 = DIRECTION ( 'NONE',  ( 0.000000000000000000, 0.000000000000000000, 1.000000000000000000 ) ) ;
#3823 = ADVANCED_FACE ( 'NONE', ( #514 ), #800, .F. ) ;
#3824 = ORIENTED_EDGE ( 'NONE', *, *, #3523, .F. ) ;
#3825 = ORIENTED_EDGE ( 'NONE', *, *, #3633, .T. ) ;
#3826 = CARTESIAN_POINT ( 'NONE',  ( -1.749999999999999334, 0.4799999999999999822, -3.000000000000000000 ) ) ;
#3827 = FACE_OUTER_BOUND ( 'NONE', #1353, .T. ) ;
#3828 = FACE_OUTER_BOUND ( 'NONE', #1559, .T. ) ;
#3829 = CARTESIAN_POINT ( 'NONE',  ( 1.530625890315196358, 0.4799999999999999822, -2.949999999999999734 ) ) ;
#3830 = DIRECTION ( 'NONE',  ( -0.000000000000000000, 1.000000000000000000, -0.000000000000000000 ) ) ;
#3831 = CARTESIAN_POINT ( 'NONE',  ( 1.574999999999999512, 0.4799999999999999267, 3.000000000000000000 ) ) ;
#3832 = CARTESIAN_POINT ( 'NONE',  ( 1.749999999999999334, 0.000000000000000000, 2.774999999999999911 ) ) ;
#3833 = ORIENTED_EDGE ( 'NONE', *, *, #578, .F. ) ;
#3834 = PLANE ( 'NONE',  #1267 ) ;
#3835 = LINE ( 'NONE', #2941, #2277 ) ;
#3836 = DIRECTION ( 'NONE',  ( 1.000000000000000000, 0.000000000000000000, -4.336808689942017736E-16 ) ) ;
#3837 = DIRECTION ( 'NONE',  ( 0.000000000000000000, 0.000000000000000000, 1.000000000000000000 ) ) ;
#3838 = ORIENTED_EDGE ( 'NONE', *, *, #3819, .T. ) ;
#3839 = EDGE_CURVE ( 'NONE', #1651, #2249, #3177, .T. ) ;
#3840 = VERTEX_POINT ( 'NONE', #782 ) ;
#3841 = CARTESIAN_POINT ( 'NONE',  ( -1.749999999999999334, 2.200465053408525939, 2.774999999999999911 ) ) ;
#3842 = DIRECTION ( 'NONE',  ( 0.000000000000000000, 0.000000000000000000, 1.000000000000000000 ) ) ;
#3843 = ORIENTED_EDGE ( 'NONE', *, *, #1069, .F. ) ;
#3844 = VERTEX_POINT ( 'NONE', #3669 ) ;
#3845 = ADVANCED_FACE ( 'NONE', ( #2782 ), #2761, .T. ) ;
#3846 = DIRECTION ( 'NONE',  ( 0.000000000000000000, 1.000000000000000000, 0.000000000000000000 ) ) ;
#3847 = ORIENTED_EDGE ( 'NONE', *, *, #2940, .F. ) ;
#3848 = FACE_OUTER_BOUND ( 'NONE', #2589, .T. ) ;
#3849 = CARTESIAN_POINT ( 'NONE',  ( -1.458333333333332815, 0.9599999999999998535, 2.943333333333332913 ) ) ;
#3850 = DIRECTION ( 'NONE',  ( 0.000000000000000000, 1.000000000000000000, 0.000000000000000000 ) ) ;
#3851 = EDGE_CURVE ( 'NONE', #2195, #936, #2034, .T. ) ;
#3852 = CARTESIAN_POINT ( 'NONE',  ( 0.7499999999999992228, 0.000000000000000000, 2.949999999999999734 ) ) ;
#3853 = FACE_OUTER_BOUND ( 'NONE', #1229, .T. ) ;
#3854 = EDGE_CURVE ( 'NONE', #3108, #1632, #2098, .T. ) ;
#3855 = CARTESIAN_POINT ( 'NONE',  ( -1.458333333333332815, 1.079999999999999849, 2.825000000000000178 ) ) ;
#3856 = ORIENTED_EDGE ( 'NONE', *, *, #1878, .F. ) ;
#3857 = EDGE_CURVE ( 'NONE', #283, #183, #3018, .T. ) ;
#3858 = ORIENTED_EDGE ( 'NONE', *, *, #647, .T. ) ;
#3859 = LINE ( 'NONE', #2228, #3173 ) ;
#3860 = ORIENTED_EDGE ( 'NONE', *, *, #3248, .T. ) ;
#3861 = ORIENTED_EDGE ( 'NONE', *, *, #171, .T. ) ;
#3862 = CARTESIAN_POINT ( 'NONE',  ( 1.458333333333334147, 1.199999999999999956, -2.709999999999999520 ) ) ;
#3863 = ORIENTED_EDGE ( 'NONE', *, *, #2087, .T. ) ;
#3864 = LINE ( 'NONE', #3319, #1894 ) ;
#3865 = SURFACE_STYLE_FILL_AREA ( #1337 ) ;
#3866 = FACE_OUTER_BOUND ( 'NONE', #1513, .T. ) ;
#3867 = LINE ( 'NONE', #1012, #1743 ) ;
#3868 = ADVANCED_FACE ( 'NONE', ( #1167 ), #3631, .T. ) ;
#3869 = AXIS2_PLACEMENT_3D ( 'NONE', #2383, #2364, #3288 ) ;
#3870 = VECTOR ( 'NONE', #1689, 1000.000000000000000 ) ;
#3871 = ORIENTED_EDGE ( 'NONE', *, *, #2904, .F. ) ;
#3872 = ORIENTED_EDGE ( 'NONE', *, *, #4017, .F. ) ;
#3873 = VECTOR ( 'NONE', #2993, 1000.000000000000000 ) ;
#3874 = VECTOR ( 'NONE', #440, 1000.000000000000000 ) ;
#3875 = VECTOR ( 'NONE', #125, 1000.000000000000000 ) ;
#3876 = EDGE_LOOP ( 'NONE', ( #3658, #243, #75, #3508 ) ) ;
#3877 = CARTESIAN_POINT ( 'NONE',  ( -0.7499999999999992228, 0.4799999999999999822, 2.949999999999999734 ) ) ;
#3878 = AXIS2_PLACEMENT_3D ( 'NONE', #556, #1827, #3119 ) ;
#3879 = CIRCLE ( 'NONE', #2096, 0.1166666666666663910 ) ;
#3880 = AXIS2_PLACEMENT_3D ( 'NONE', #3324, #202, #3043 ) ;
#3881 = CARTESIAN_POINT ( 'NONE',  ( -1.633333333333333748, 1.020023152615176620, -2.708333333333333037 ) ) ;
#3882 = CARTESIAN_POINT ( 'NONE',  ( -1.060000000000000275, 1.179999999999999938, -2.309999999999999609 ) ) ;
#3883 = ORIENTED_EDGE ( 'NONE', *, *, #1056, .F. ) ;
#3884 = DIRECTION ( 'NONE',  ( -1.000000000000000000, 0.000000000000000000, 4.003208021484938785E-17 ) ) ;
#3885 = ORIENTED_EDGE ( 'NONE', *, *, #2177, .T. ) ;
#3886 = DIRECTION ( 'NONE',  ( 0.000000000000000000, -1.000000000000000000, 0.000000000000000000 ) ) ;
#3887 = DIRECTION ( 'NONE',  ( 1.000000000000000000, -0.000000000000000000, 0.000000000000000000 ) ) ;
#3888 = LINE ( 'NONE', #3602, #3224 ) ;
#3889 = DIRECTION ( 'NONE',  ( -4.003208021484940018E-17, -0.000000000000000000, 1.000000000000000000 ) ) ;
#3890 = CARTESIAN_POINT ( 'NONE',  ( -0.7499999999999998890, 0.4799999999999999822, -1.849999999999998757 ) ) ;
#3891 = ORIENTED_EDGE ( 'NONE', *, *, #4089, .F. ) ;
#3892 = LINE ( 'NONE', #1984, #1014 ) ;
#3893 = DIRECTION ( 'NONE',  ( -0.000000000000000000, 0.000000000000000000, -1.000000000000000000 ) ) ;
#3894 = ORIENTED_EDGE ( 'NONE', *, *, #135, .T. ) ;
#3895 = EDGE_CURVE ( 'NONE', #3940, #936, #1817, .T. ) ;
#3896 = ORIENTED_EDGE ( 'NONE', *, *, #3839, .T. ) ;
#3897 = FACE_OUTER_BOUND ( 'NONE', #4034, .T. ) ;
#3898 = DIRECTION ( 'NONE',  ( -0.000000000000000000, 1.000000000000000000, -0.000000000000000000 ) ) ;
#3899 = VERTEX_POINT ( 'NONE', #2425 ) ;
#3900 = VERTEX_POINT ( 'NONE', #1777 ) ;
#3901 = ORIENTED_EDGE ( 'NONE', *, *, #823, .F. ) ;
#3902 = CARTESIAN_POINT ( 'NONE',  ( 0.7499999999999992228, 0.000000000000000000, 2.949999999999999734 ) ) ;
#3903 = EDGE_CURVE ( 'NONE', #3514, #1001, #2231, .T. ) ;
#3904 = DIRECTION ( 'NONE',  ( 0.000000000000000000, 0.000000000000000000, 1.000000000000000000 ) ) ;
#3905 = ORIENTED_EDGE ( 'NONE', *, *, #862, .T. ) ;
#3906 = ORIENTED_EDGE ( 'NONE', *, *, #3418, .F. ) ;
#3907 = PLANE ( 'NONE',  #1676 ) ;
#3908 = ORIENTED_EDGE ( 'NONE', *, *, #138, .T. ) ;
#3909 = DIRECTION ( 'NONE',  ( 1.000000000000000000, 0.000000000000000000, -0.000000000000000000 ) ) ;
#3910 = CARTESIAN_POINT ( 'NONE',  ( -0.7500000000000001110, -1.720465053408525957, 1.600000000000000089 ) ) ;
#3911 = LINE ( 'NONE', #1052, #488 ) ;
#3912 = DIRECTION ( 'NONE',  ( -0.000000000000000000, 1.000000000000000000, -0.000000000000000000 ) ) ;
#3913 = EDGE_CURVE ( 'NONE', #2541, #2844, #464, .T. ) ;
#3914 = LINE ( 'NONE', #3261, #3680 ) ;
#3915 = ORIENTED_EDGE ( 'NONE', *, *, #1440, .T. ) ;
#3916 = EDGE_LOOP ( 'NONE', ( #2303, #3682, #1162, #4083, #3620, #2566, #1629, #2139 ) ) ;
#3917 = ORIENTED_EDGE ( 'NONE', *, *, #3382, .T. ) ;
#3918 = FILL_AREA_STYLE ('',( #2913 ) ) ;
#3919 = EDGE_CURVE ( 'NONE', #731, #3742, #1726, .T. ) ;
#3920 = DIRECTION ( 'NONE',  ( 0.000000000000000000, 0.000000000000000000, 1.000000000000000000 ) ) ;
#3921 = EDGE_CURVE ( 'NONE', #22, #3514, #1496, .T. ) ;
#3922 = DIRECTION ( 'NONE',  ( 1.000000000000000000, 0.000000000000000000, -0.000000000000000000 ) ) ;
#3923 = ORIENTED_EDGE ( 'NONE', *, *, #1925, .T. ) ;
#3924 = CARTESIAN_POINT ( 'NONE',  ( 1.458333333333334147, 1.079999999999999849, 2.824999999999999289 ) ) ;
#3925 = DIRECTION ( 'NONE',  ( 0.000000000000000000, 0.000000000000000000, -1.000000000000000000 ) ) ;
#3926 = AXIS2_PLACEMENT_3D ( 'NONE', #3739, #935, #3762 ) ;
#3927 = DIRECTION ( 'NONE',  ( 0.000000000000000000, 0.000000000000000000, 1.000000000000000000 ) ) ;
#3928 = CARTESIAN_POINT ( 'NONE',  ( -1.749999999999999334, 0.4799999999999999267, 3.000000000000000000 ) ) ;
#3929 = VECTOR ( 'NONE', #2502, 1000.000000000000000 ) ;
#3930 = VECTOR ( 'NONE', #3340, 1000.000000000000000 ) ;
#3931 = ORIENTED_EDGE ( 'NONE', *, *, #169, .T. ) ;
#3932 = CARTESIAN_POINT ( 'NONE',  ( -1.700000000000000178, -1.720465053408525957, -1.600000000000000533 ) ) ;
#3933 = AXIS2_PLACEMENT_3D ( 'NONE', #1959, #58, #1702 ) ;
#3934 = VERTEX_POINT ( 'NONE', #3113 ) ;
#3935 = VECTOR ( 'NONE', #3149, 1000.000000000000000 ) ;
#3936 = EDGE_LOOP ( 'NONE', ( #1106, #3403, #1361, #177 ) ) ;
#3937 = VECTOR ( 'NONE', #3626, 1000.000000000000000 ) ;
#3938 = VECTOR ( 'NONE', #1785, 1000.000000000000000 ) ;
#3939 = VECTOR ( 'NONE', #2170, 1000.000000000000114 ) ;
#3940 = VERTEX_POINT ( 'NONE', #235 ) ;
#3941 = DIRECTION ( 'NONE',  ( 1.000000000000000000, 0.000000000000000000, 0.000000000000000000 ) ) ;
#3942 = VECTOR ( 'NONE', #2863, 1000.000000000000000 ) ;
#3943 = VERTEX_POINT ( 'NONE', #205 ) ;
#3944 = ORIENTED_EDGE ( 'NONE', *, *, #1695, .T. ) ;
#3945 = EDGE_CURVE ( 'NONE', #4029, #2801, #1479, .T. ) ;
#3946 = AXIS2_PLACEMENT_3D ( 'NONE', #572, #1840, #3127 ) ;
#3947 = LINE ( 'NONE', #1641, #2611 ) ;
#3948 = FACE_OUTER_BOUND ( 'NONE', #3240, .T. ) ;
#3949 = LINE ( 'NONE', #3276, #822 ) ;
#3950 = LINE ( 'NONE', #3603, #3170 ) ;
#3951 = LINE ( 'NONE', #1746, #4074 ) ;
#3952 = EDGE_CURVE ( 'NONE', #1258, #3940, #233, .T. ) ;
#3953 = FILL_AREA_STYLE ('',( #3637 ) ) ;
#3954 = ORIENTED_EDGE ( 'NONE', *, *, #2983, .F. ) ;
#3955 = DIRECTION ( 'NONE',  ( -0.000000000000000000, 0.000000000000000000, 1.000000000000000000 ) ) ;
#3956 = ORIENTED_EDGE ( 'NONE', *, *, #98, .T. ) ;
#3957 = MANIFOLD_SOLID_BREP ( 'Chamfer5', #4059 ) ;
#3958 = VERTEX_POINT ( 'NONE', #1523 ) ;
#3959 = ORIENTED_EDGE ( 'NONE', *, *, #3206, .F. ) ;
#3960 = EDGE_CURVE ( 'NONE', #2232, #3079, #2696, .T. ) ;
#3961 = DIRECTION ( 'NONE',  ( 1.000000000000000000, -0.000000000000000000, 3.673313219299469761E-16 ) ) ;
#3962 = DIRECTION ( 'NONE',  ( -0.000000000000000000, 1.000000000000000000, -0.000000000000000000 ) ) ;
#3963 = ORIENTED_EDGE ( 'NONE', *, *, #3586, .T. ) ;
#3964 = ORIENTED_EDGE ( 'NONE', *, *, #2322, .F. ) ;
#3965 = CARTESIAN_POINT ( 'NONE',  ( -1.749999999999999334, 0.000000000000000000, -3.000000000000000000 ) ) ;
#3966 = CARTESIAN_POINT ( 'NONE',  ( -0.7499999999999998890, -0.000000000000000000, -1.849999999999998757 ) ) ;
#3967 = CARTESIAN_POINT ( 'NONE',  ( 1.574999999999999956, 1.079999999999999849, 2.708333333333333481 ) ) ;
#3968 = CYLINDRICAL_SURFACE ( 'NONE', #1077, 0.2249999999999995060 ) ;
#3969 = DIRECTION ( 'NONE',  ( 0.000000000000000000, -0.000000000000000000, 1.000000000000000000 ) ) ;
#3970 = ADVANCED_FACE ( 'NONE', ( #1913 ), #268, .T. ) ;
#3971 = EDGE_CURVE ( 'NONE', #2362, #241, #1224, .T. ) ;
#3972 = CARTESIAN_POINT ( 'NONE',  ( -1.458333333333332815, 1.020000000000000018, 2.883333333333332416 ) ) ;
#3973 = ORIENTED_EDGE ( 'NONE', *, *, #3716, .T. ) ;
#3974 = ORIENTED_EDGE ( 'NONE', *, *, #3069, .T. ) ;
#3975 = DIRECTION ( 'NONE',  ( -7.346626438598939522E-16, 0.000000000000000000, 1.000000000000000000 ) ) ;
#3976 = ADVANCED_FACE ( 'NONE', ( #2856 ), #299, .F. ) ;
#3977 = ORIENTED_EDGE ( 'NONE', *, *, #3418, .T. ) ;
#3978 = CARTESIAN_POINT ( 'NONE',  ( -1.749999999999999334, 0.4799999999999999822, -2.825000000000000178 ) ) ;
#3979 = CARTESIAN_POINT ( 'NONE',  ( 0.000000000000000000, 0.000000000000000000, 0.000000000000000000 ) ) ;
#3980 = PLANE ( 'NONE',  #3606 ) ;
#3981 = LINE ( 'NONE', #2082, #2674 ) ;
#3982 = PLANE ( 'NONE',  #1018 ) ;
#3983 = VERTEX_POINT ( 'NONE', #4052 ) ;
#3984 = DIRECTION ( 'NONE',  ( -7.346626438598939522E-16, 0.000000000000000000, -1.000000000000000000 ) ) ;
#3985 = CARTESIAN_POINT ( 'NONE',  ( -1.000000000000001110, 0.000000000000000000, -1.600000000000000089 ) ) ;
#3986 = PLANE ( 'NONE',  #3880 ) ;
#3987 = DIRECTION ( 'NONE',  ( 0.000000000000000000, -1.000000000000000000, 0.000000000000000000 ) ) ;
#3988 = AXIS2_PLACEMENT_3D ( 'NONE', #4001, #2366, #3640 ) ;
#3989 = EDGE_CURVE ( 'NONE', #3251, #3402, #3019, .T. ) ;
#3990 = DIRECTION ( 'NONE',  ( 0.000000000000000000, 0.000000000000000000, 1.000000000000000000 ) ) ;
#3991 = EDGE_CURVE ( 'NONE', #537, #2774, #2817, .T. ) ;
#3992 = CARTESIAN_POINT ( 'NONE',  ( -1.700000000000001288, 0.4799999999999999822, 1.248926494561820705E-15 ) ) ;
#3993 = DIRECTION ( 'NONE',  ( 0.000000000000000000, 1.000000000000000000, 0.000000000000000000 ) ) ;
#3994 = CARTESIAN_POINT ( 'NONE',  ( -0.7499999999999992228, 0.000000000000000000, 2.949999999999999734 ) ) ;
#3995 = ORIENTED_EDGE ( 'NONE', *, *, #2648, .T. ) ;
#3996 = VECTOR ( 'NONE', #2894, 1000.000000000000000 ) ;
#3997 = VECTOR ( 'NONE', #880, 1000.000000000000000 ) ;
#3998 = DIRECTION ( 'NONE',  ( -0.000000000000000000, -1.000000000000000000, -0.000000000000000000 ) ) ;
#3999 = VECTOR ( 'NONE', #347, 1000.000000000000000 ) ;
#4000 = DIRECTION ( 'NONE',  ( 0.000000000000000000, 1.000000000000000000, 0.000000000000000000 ) ) ;
#4001 = CARTESIAN_POINT ( 'NONE',  ( 0.000000000000000000, 0.000000000000000000, 0.000000000000000000 ) ) ;
#4002 = VERTEX_POINT ( 'NONE', #9 ) ;
#4003 = CIRCLE ( 'NONE', #3749, 0.2349999999999995426 ) ;
#4004 = AXIS2_PLACEMENT_3D ( 'NONE', #3204, #1279, #2905 ) ;
#4005 = CIRCLE ( 'NONE', #689, 0.06000000000000015737 ) ;
#4006 = ORIENTED_EDGE ( 'NONE', *, *, #2537, .F. ) ;
#4007 = ORIENTED_EDGE ( 'NONE', *, *, #2643, .F. ) ;
#4008 = MECHANICAL_DESIGN_GEOMETRIC_PRESENTATION_REPRESENTATION (  '', ( #2482 ), #2219 ) ;
#4009 = VECTOR ( 'NONE', #3887, 1000.000000000000000 ) ;
#4010 = CARTESIAN_POINT ( 'NONE',  ( 1.575000000000000178, 1.079999999999999849, -2.708333333333333925 ) ) ;
#4011 = VECTOR ( 'NONE', #2396, 1000.000000000000000 ) ;
#4012 = LINE ( 'NONE', #1465, #3368 ) ;
#4013 = EDGE_LOOP ( 'NONE', ( #3779, #3769, #4086, #2580 ) ) ;
#4014 = VECTOR ( 'NONE', #2197, 1000.000000000000000 ) ;
#4015 = VECTOR ( 'NONE', #336, 1000.000000000000000 ) ;
#4016 = VECTOR ( 'NONE', #656, 1000.000000000000000 ) ;
#4017 = EDGE_CURVE ( 'NONE', #790, #2631, #1880, .T. ) ;
#4018 = DIRECTION ( 'NONE',  ( 0.000000000000000000, -0.000000000000000000, -1.000000000000000000 ) ) ;
#4019 = DIRECTION ( 'NONE',  ( 0.000000000000000000, 0.000000000000000000, 1.000000000000000000 ) ) ;
#4020 = EDGE_CURVE ( 'NONE', #1403, #2159, #1605, .T. ) ;
#4021 = DIRECTION ( 'NONE',  ( 0.000000000000000000, 1.000000000000000000, 0.000000000000000000 ) ) ;
#4022 = DIRECTION ( 'NONE',  ( 0.000000000000000000, 0.000000000000000000, -1.000000000000000000 ) ) ;
#4023 = VERTEX_POINT ( 'NONE', #438 ) ;
#4024 = FACE_OUTER_BOUND ( 'NONE', #857, .T. ) ;
#4025 = LINE ( 'NONE', #1849, #2032 ) ;
#4026 = ORIENTED_EDGE ( 'NONE', *, *, #3385, .F. ) ;
#4027 = ADVANCED_FACE ( 'NONE', ( #711 ), #1468, .T. ) ;
#4028 = ORIENTED_EDGE ( 'NONE', *, *, #1874, .T. ) ;
#4029 = VERTEX_POINT ( 'NONE', #371 ) ;
#4030 = VERTEX_POINT ( 'NONE', #410 ) ;
#4031 = CARTESIAN_POINT ( 'NONE',  ( 1.458333333333334147, 1.019999999999999796, -2.943333333333332913 ) ) ;
#4032 = DIRECTION ( 'NONE',  ( -1.000000000000000000, 0.000000000000000000, -6.195440985631456303E-16 ) ) ;
#4033 = DIRECTION ( 'NONE',  ( 0.000000000000000000, -1.000000000000000000, 0.000000000000000000 ) ) ;
#4034 = EDGE_LOOP ( 'NONE', ( #4006, #107, #562, #162, #504, #2138, #3906, #526, #2699 ) ) ;
#4035 = LINE ( 'NONE', #247, #1418 ) ;
#4036 = EDGE_CURVE ( 'NONE', #3709, #592, #1325, .T. ) ;
#4037 = CARTESIAN_POINT ( 'NONE',  ( 1.458333333333334147, 1.084999999999999742, -2.709999999999999520 ) ) ;
#4038 = FACE_OUTER_BOUND ( 'NONE', #2323, .T. ) ;
#4039 = ORIENTED_EDGE ( 'NONE', *, *, #994, .F. ) ;
#4040 = CARTESIAN_POINT ( 'NONE',  ( 1.700000000000000400, 0.4799999999999999267, -1.600000000000000533 ) ) ;
#4041 = FILL_AREA_STYLE_COLOUR ( '', #758 ) ;
#4042 = LINE ( 'NONE', #2798, #3798 ) ;
#4043 = LINE ( 'NONE', #884, #2968 ) ;
#4044 = ORIENTED_EDGE ( 'NONE', *, *, #1568, .F. ) ;
#4045 = EDGE_LOOP ( 'NONE', ( #1622, #2343, #3357, #2802 ) ) ;
#4046 = EDGE_LOOP ( 'NONE', ( #2076, #3944, #3589, #552 ) ) ;
#4047 = EDGE_CURVE ( 'NONE', #718, #44, #2273, .T. ) ;
#4048 =( LENGTH_UNIT ( ) NAMED_UNIT ( * ) SI_UNIT ( .MILLI., .METRE. ) );
#4049 = DIRECTION ( 'NONE',  ( 1.000000000000000000, 0.000000000000000000, 0.000000000000000000 ) ) ;
#4050 = DIRECTION ( 'NONE',  ( 1.000000000000000000, 0.000000000000000000, 0.000000000000000000 ) ) ;
#4051 = ORIENTED_EDGE ( 'NONE', *, *, #1875, .F. ) ;
#4052 = CARTESIAN_POINT ( 'NONE',  ( -1.574999999999999512, 0.4799999999999999267, -3.000000000000000000 ) ) ;
#4053 = CARTESIAN_POINT ( 'NONE',  ( 1.693333333333334023, 1.020000000000000018, 2.708333333333333481 ) ) ;
#4054 = DIRECTION ( 'NONE',  ( -0.000000000000000000, -1.000000000000000000, -0.000000000000000000 ) ) ;
#4055 = LINE ( 'NONE', #3176, #3436 ) ;
#4056 = FACE_OUTER_BOUND ( 'NONE', #2109, .T. ) ;
#4057 = FACE_OUTER_BOUND ( 'NONE', #2697, .T. ) ;
#4058 = AXIS2_PLACEMENT_3D ( 'NONE', #2298, #115, #1985 ) ;
#4059 = CLOSED_SHELL ( 'NONE', ( #2610, #2889, #985, #3534, #461, #3647, #713, #1561, #3976, #1788, #1521, #2354, #478, #201, #545, #1032, #1826, #1128, #1417, #2671, #1198, #3845, #1, #1727, #130, #799, #766, #3771, #2944, #27, #513, #1606, #942, #14, #2301, #3758, #49, #334, #2380 ) ) ;
#4060 = ORIENTED_EDGE ( 'NONE', *, *, #696, .F. ) ;
#4061 = ORIENTED_EDGE ( 'NONE', *, *, #1924, .F. ) ;
#4062 = ORIENTED_EDGE ( 'NONE', *, *, #1314, .T. ) ;
#4063 = ORIENTED_EDGE ( 'NONE', *, *, #911, .F. ) ;
#4064 = CIRCLE ( 'NONE', #1074, 0.1749999999999998224 ) ;
#4065 = DIRECTION ( 'NONE',  ( -0.000000000000000000, -1.000000000000000000, -0.000000000000000000 ) ) ;
#4066 = CARTESIAN_POINT ( 'NONE',  ( -1.699999999999999289, 0.4799999999999999267, 2.780625890315197246 ) ) ;
#4067 = AXIS2_PLACEMENT_3D ( 'NONE', #3001, #136, #1397 ) ;
#4068 = ADVANCED_FACE ( 'NONE', ( #391 ), #65, .F. ) ;
#4069 = COLOUR_RGB ( '',1.000000000000000000, 0.8117647058823529438, 0.5019607843137254832 ) ;
#4070 = FACE_OUTER_BOUND ( 'NONE', #851, .T. ) ;
#4071 = CIRCLE ( 'NONE', #2218, 0.2249999999999999500 ) ;
#4072 = CIRCLE ( 'NONE', #2965, 0.1749999999999998224 ) ;
#4073 = AXIS2_PLACEMENT_3D ( 'NONE', #728, #2271, #1010 ) ;
#4074 = VECTOR ( 'NONE', #2733, 1000.000000000000000 ) ;
#4075 = ORIENTED_EDGE ( 'NONE', *, *, #957, .T. ) ;
#4076 = EDGE_CURVE ( 'NONE', #160, #1632, #1735, .T. ) ;
#4077 = AXIS2_PLACEMENT_3D ( 'NONE', #901, #2191, #1941 ) ;
#4078 = EDGE_CURVE ( 'NONE', #3692, #2309, #3835, .T. ) ;
#4079 = LINE ( 'NONE', #3376, #3432 ) ;
#4080 = DIRECTION ( 'NONE',  ( -4.336808689942018229E-16, 0.000000000000000000, -1.000000000000000000 ) ) ;
#4081 = CARTESIAN_POINT ( 'NONE',  ( -1.524999999999999911, 0.000000000000000000, 3.000000000000000000 ) ) ;
#4082 = ORIENTED_EDGE ( 'NONE', *, *, #615, .F. ) ;
#4083 = ORIENTED_EDGE ( 'NONE', *, *, #2259, .T. ) ;
#4084 = CARTESIAN_POINT ( 'NONE',  ( -1.458333333333332815, 1.020000000000000018, 2.943333333333332913 ) ) ;
#4085 = DIRECTION ( 'NONE',  ( -0.000000000000000000, 0.000000000000000000, 1.000000000000000000 ) ) ;
#4086 = ORIENTED_EDGE ( 'NONE', *, *, #3775, .T. ) ;
#4087 = DIRECTION ( 'NONE',  ( -0.000000000000000000, 0.000000000000000000, -1.000000000000000000 ) ) ;
#4088 = DIRECTION ( 'NONE',  ( -1.601283208593975760E-16, 0.000000000000000000, -1.000000000000000000 ) ) ;
#4089 = EDGE_CURVE ( 'NONE', #3724, #1578, #484, .T. ) ;
#4090 = ORIENTED_EDGE ( 'NONE', *, *, #1352, .F. ) ;
#4091 = EDGE_LOOP ( 'NONE', ( #1420, #4063, #3753, #3047 ) ) ;
#4092 = CARTESIAN_POINT ( 'NONE',  ( -1.060000000000000275, 1.179999999999999938, -2.309999999999999609 ) ) ;
#4093 = LINE ( 'NONE', #1649, #1895 ) ;
#4094 = EDGE_CURVE ( 'NONE', #3535, #3250, #82, .T. ) ;
#4095 = CARTESIAN_POINT ( 'NONE',  ( 1.749999999999999334, 0.4799999999999999267, 3.000000000000000000 ) ) ;
#4096 = DIRECTION ( 'NONE',  ( -0.000000000000000000, 1.000000000000000000, -0.000000000000000000 ) ) ;
#4097 = ORIENTED_EDGE ( 'NONE', *, *, #3521, .F. ) ;
ENDSEC;
END-ISO-10303-21;
